
-- POVOANDO DIAS E PRECOS
INSERT INTO Dia_preco (dia_evento, preco) VALUES (TO_DATE('2023-02-05', 'YYYY/MM/DD'), 800);
INSERT INTO Dia_preco (dia_evento, preco) VALUES (TO_DATE('2023-02-06', 'YYYY/MM/DD'), 800);
INSERT INTO Dia_preco (dia_evento, preco) VALUES (TO_DATE('2023-02-07', 'YYYY/MM/DD'), 800);
INSERT INTO Dia_preco (dia_evento, preco) VALUES (TO_DATE('2023-02-08', 'YYYY/MM/DD'), 800);
INSERT INTO Dia_preco (dia_evento, preco) VALUES (TO_DATE('2023-02-09', 'YYYY/MM/DD'), 800);
INSERT INTO Dia_preco (dia_evento, preco) VALUES (TO_DATE('2023-02-10', 'YYYY/MM/DD'), 800);
INSERT INTO Dia_preco (dia_evento, preco) VALUES (TO_DATE('2023-02-11', 'YYYY/MM/DD'), 800);
INSERT INTO Dia_preco (dia_evento, preco) VALUES (TO_DATE('2023-02-12', 'YYYY/MM/DD'), 800);
INSERT INTO Dia_preco (dia_evento, preco) VALUES (TO_DATE('2023-02-13', 'YYYY/MM/DD'), 800);
INSERT INTO Dia_preco (dia_evento, preco) VALUES (TO_DATE('2023-02-14', 'YYYY/MM/DD'), 800);
INSERT INTO Dia_preco (dia_evento, preco) VALUES (TO_DATE('2023-02-15', 'YYYY/MM/DD'), 800);

-- POVOANDO INGRESSOS
CREATE SEQUENCE sqIngresso
    MINVALUE 0
    MAXVALUE 300
    START WITH 1
    INCREMENT BY 1;

-- POVOANDO INGRESSOS
INSERT INTO Ingresso (id_comprad, num_ingresso, dia_evento) VALUES ('30199388385', sqIngresso.nextval, TO_DATE('2023-01-07', 'YYYY/MM/DD'));
INSERT INTO Ingresso (id_comprad, num_ingresso, dia_evento) VALUES ('47427712610', sqIngresso.nextval, TO_DATE('2023-01-07', 'YYYY/MM/DD'));
INSERT INTO Ingresso (id_comprad, num_ingresso, dia_evento) VALUES ('29599507565', sqIngresso.nextval, TO_DATE('2023-01-07', 'YYYY/MM/DD'));
INSERT INTO Ingresso (id_comprad, num_ingresso, dia_evento) VALUES ('57628148722', sqIngresso.nextval, TO_DATE('2023-01-07', 'YYYY/MM/DD'));
INSERT INTO Ingresso (id_comprad, num_ingresso, dia_evento) VALUES ('12812080044', sqIngresso.nextval, TO_DATE('2023-01-07', 'YYYY/MM/DD'));
INSERT INTO Ingresso (id_comprad, num_ingresso, dia_evento) VALUES ('64295837740', sqIngresso.nextval, TO_DATE('2023-01-07', 'YYYY/MM/DD'));
INSERT INTO Ingresso (id_comprad, num_ingresso, dia_evento) VALUES ('65134974386', sqIngresso.nextval, TO_DATE('2023-01-07', 'YYYY/MM/DD'));
INSERT INTO Ingresso (id_comprad, num_ingresso, dia_evento) VALUES ('49071844654', sqIngresso.nextval, TO_DATE('2023-01-07', 'YYYY/MM/DD'));
INSERT INTO Ingresso (id_comprad, num_ingresso, dia_evento) VALUES ('56167488077', sqIngresso.nextval, TO_DATE('2023-01-07', 'YYYY/MM/DD'));
INSERT INTO Ingresso (id_comprad, num_ingresso, dia_evento) VALUES ('38336868424', sqIngresso.nextval, TO_DATE('2023-01-08', 'YYYY/MM/DD'));
INSERT INTO Ingresso (id_comprad, num_ingresso, dia_evento) VALUES ('58162796706', sqIngresso.nextval, TO_DATE('2023-01-08', 'YYYY/MM/DD'));
INSERT INTO Ingresso (id_comprad, num_ingresso, dia_evento) VALUES ('74758815612', sqIngresso.nextval, TO_DATE('2023-01-08', 'YYYY/MM/DD'));
INSERT INTO Ingresso (id_comprad, num_ingresso, dia_evento) VALUES ('56122432090', sqIngresso.nextval, TO_DATE('2023-01-08', 'YYYY/MM/DD'));
INSERT INTO Ingresso (id_comprad, num_ingresso, dia_evento) VALUES ('12247919297', sqIngresso.nextval, TO_DATE('2023-01-08', 'YYYY/MM/DD'));
INSERT INTO Ingresso (id_comprad, num_ingresso, dia_evento) VALUES ('17490321338', sqIngresso.nextval, TO_DATE('2023-01-08', 'YYYY/MM/DD'));
INSERT INTO Ingresso (id_comprad, num_ingresso, dia_evento) VALUES ('29700737817', sqIngresso.nextval, TO_DATE('2023-01-08', 'YYYY/MM/DD'));
INSERT INTO Ingresso (id_comprad, num_ingresso, dia_evento) VALUES ('27612094332', sqIngresso.nextval, TO_DATE('2023-01-08', 'YYYY/MM/DD'));
INSERT INTO Ingresso (id_comprad, num_ingresso, dia_evento) VALUES ('40117047008', sqIngresso.nextval, TO_DATE('2023-01-08', 'YYYY/MM/DD'));
INSERT INTO Ingresso (id_comprad, num_ingresso, dia_evento) VALUES ('52416538966', sqIngresso.nextval, TO_DATE('2023-01-14', 'YYYY/MM/DD'));
INSERT INTO Ingresso (id_comprad, num_ingresso, dia_evento) VALUES ('42657296455', sqIngresso.nextval, TO_DATE('2023-01-14', 'YYYY/MM/DD'));
INSERT INTO Ingresso (id_comprad, num_ingresso, dia_evento) VALUES ('71122532810', sqIngresso.nextval, TO_DATE('2023-01-14', 'YYYY/MM/DD'));
INSERT INTO Ingresso (id_comprad, num_ingresso, dia_evento) VALUES ('43560681056', sqIngresso.nextval, TO_DATE('2023-01-14', 'YYYY/MM/DD'));
INSERT INTO Ingresso (id_comprad, num_ingresso, dia_evento) VALUES ('80905097415', sqIngresso.nextval, TO_DATE('2023-01-14', 'YYYY/MM/DD'));
INSERT INTO Ingresso (id_comprad, num_ingresso, dia_evento) VALUES ('14059155304', sqIngresso.nextval, TO_DATE('2023-01-14', 'YYYY/MM/DD'));
INSERT INTO Ingresso (id_comprad, num_ingresso, dia_evento) VALUES ('19253087598', sqIngresso.nextval, TO_DATE('2023-01-14', 'YYYY/MM/DD'));
INSERT INTO Ingresso (id_comprad, num_ingresso, dia_evento) VALUES ('37401423730', sqIngresso.nextval, TO_DATE('2023-01-14', 'YYYY/MM/DD'));
INSERT INTO Ingresso (id_comprad, num_ingresso, dia_evento) VALUES ('32759444139', sqIngresso.nextval, TO_DATE('2023-01-14', 'YYYY/MM/DD'));
INSERT INTO Ingresso (id_comprad, num_ingresso, dia_evento) VALUES ('14649378973', sqIngresso.nextval, TO_DATE('2023-01-15', 'YYYY/MM/DD'));
INSERT INTO Ingresso (id_comprad, num_ingresso, dia_evento) VALUES ('58000327447', sqIngresso.nextval, TO_DATE('2023-01-15', 'YYYY/MM/DD'));
INSERT INTO Ingresso (id_comprad, num_ingresso, dia_evento) VALUES ('48240968479', sqIngresso.nextval, TO_DATE('2023-01-15', 'YYYY/MM/DD'));
INSERT INTO Ingresso (id_comprad, num_ingresso, dia_evento) VALUES ('78335091139', sqIngresso.nextval, TO_DATE('2023-01-15', 'YYYY/MM/DD'));
INSERT INTO Ingresso (id_comprad, num_ingresso, dia_evento) VALUES ('70546768636', sqIngresso.nextval, TO_DATE('2023-01-15', 'YYYY/MM/DD'));
INSERT INTO Ingresso (id_comprad, num_ingresso, dia_evento) VALUES ('22404928750', sqIngresso.nextval, TO_DATE('2023-01-15', 'YYYY/MM/DD'));
INSERT INTO Ingresso (id_comprad, num_ingresso, dia_evento) VALUES ('70308341124', sqIngresso.nextval, TO_DATE('2023-01-15', 'YYYY/MM/DD'));
INSERT INTO Ingresso (id_comprad, num_ingresso, dia_evento) VALUES ('25989990251', sqIngresso.nextval, TO_DATE('2023-01-15', 'YYYY/MM/DD'));
INSERT INTO Ingresso (id_comprad, num_ingresso, dia_evento) VALUES ('75366156457', sqIngresso.nextval, TO_DATE('2023-01-15', 'YYYY/MM/DD'));
INSERT INTO Ingresso (id_comprad, num_ingresso, dia_evento) VALUES ('69025221605', sqIngresso.nextval, TO_DATE('2023-01-21', 'YYYY/MM/DD'));
INSERT INTO Ingresso (id_comprad, num_ingresso, dia_evento) VALUES ('54301553913', sqIngresso.nextval, TO_DATE('2023-01-21', 'YYYY/MM/DD'));
INSERT INTO Ingresso (id_comprad, num_ingresso, dia_evento) VALUES ('66952515360', sqIngresso.nextval, TO_DATE('2023-01-21', 'YYYY/MM/DD'));
INSERT INTO Ingresso (id_comprad, num_ingresso, dia_evento) VALUES ('20274888371', sqIngresso.nextval, TO_DATE('2023-01-21', 'YYYY/MM/DD'));
INSERT INTO Ingresso (id_comprad, num_ingresso, dia_evento) VALUES ('38335808648', sqIngresso.nextval, TO_DATE('2023-01-21', 'YYYY/MM/DD'));
INSERT INTO Ingresso (id_comprad, num_ingresso, dia_evento) VALUES ('96591124058', sqIngresso.nextval, TO_DATE('2023-01-21', 'YYYY/MM/DD'));
INSERT INTO Ingresso (id_comprad, num_ingresso, dia_evento) VALUES ('74577588172', sqIngresso.nextval, TO_DATE('2023-01-21', 'YYYY/MM/DD'));
INSERT INTO Ingresso (id_comprad, num_ingresso, dia_evento) VALUES ('28421344502', sqIngresso.nextval, TO_DATE('2023-01-21', 'YYYY/MM/DD'));
INSERT INTO Ingresso (id_comprad, num_ingresso, dia_evento) VALUES ('98596987343', sqIngresso.nextval, TO_DATE('2023-01-21', 'YYYY/MM/DD'));
INSERT INTO Ingresso (id_comprad, num_ingresso, dia_evento) VALUES ('68116821185', sqIngresso.nextval, TO_DATE('2023-01-22', 'YYYY/MM/DD'));
INSERT INTO Ingresso (id_comprad, num_ingresso, dia_evento) VALUES ('46064949648', sqIngresso.nextval, TO_DATE('2023-01-22', 'YYYY/MM/DD'));
INSERT INTO Ingresso (id_comprad, num_ingresso, dia_evento) VALUES ('81040473720', sqIngresso.nextval, TO_DATE('2023-01-22', 'YYYY/MM/DD'));
INSERT INTO Ingresso (id_comprad, num_ingresso, dia_evento) VALUES ('59000464227', sqIngresso.nextval, TO_DATE('2023-01-22', 'YYYY/MM/DD'));
INSERT INTO Ingresso (id_comprad, num_ingresso, dia_evento) VALUES ('34584407779', sqIngresso.nextval, TO_DATE('2023-01-22', 'YYYY/MM/DD'));
INSERT INTO Ingresso (id_comprad, num_ingresso, dia_evento) VALUES ('28629680688', sqIngresso.nextval, TO_DATE('2023-01-22', 'YYYY/MM/DD'));
INSERT INTO Ingresso (id_comprad, num_ingresso, dia_evento) VALUES ('18723001906', sqIngresso.nextval, TO_DATE('2023-01-22', 'YYYY/MM/DD'));
INSERT INTO Ingresso (id_comprad, num_ingresso, dia_evento) VALUES ('23969104695', sqIngresso.nextval, TO_DATE('2023-01-22', 'YYYY/MM/DD'));
INSERT INTO Ingresso (id_comprad, num_ingresso, dia_evento) VALUES ('52156994899', sqIngresso.nextval, TO_DATE('2023-01-22', 'YYYY/MM/DD'));
INSERT INTO Ingresso (id_comprad, num_ingresso, dia_evento) VALUES ('18843477859', sqIngresso.nextval, TO_DATE('2023-01-28', 'YYYY/MM/DD'));
INSERT INTO Ingresso (id_comprad, num_ingresso, dia_evento) VALUES ('42829067599', sqIngresso.nextval, TO_DATE('2023-01-28', 'YYYY/MM/DD'));
INSERT INTO Ingresso (id_comprad, num_ingresso, dia_evento) VALUES ('42373211369', sqIngresso.nextval, TO_DATE('2023-01-28', 'YYYY/MM/DD'));
INSERT INTO Ingresso (id_comprad, num_ingresso, dia_evento) VALUES ('85736048930', sqIngresso.nextval, TO_DATE('2023-01-28', 'YYYY/MM/DD'));
INSERT INTO Ingresso (id_comprad, num_ingresso, dia_evento) VALUES ('43406326054', sqIngresso.nextval, TO_DATE('2023-01-28', 'YYYY/MM/DD'));
INSERT INTO Ingresso (id_comprad, num_ingresso, dia_evento) VALUES ('78833704759', sqIngresso.nextval, TO_DATE('2023-01-28', 'YYYY/MM/DD'));
INSERT INTO Ingresso (id_comprad, num_ingresso, dia_evento) VALUES ('75123135279', sqIngresso.nextval, TO_DATE('2023-01-28', 'YYYY/MM/DD'));
INSERT INTO Ingresso (id_comprad, num_ingresso, dia_evento) VALUES ('60139985343', sqIngresso.nextval, TO_DATE('2023-01-28', 'YYYY/MM/DD'));
INSERT INTO Ingresso (id_comprad, num_ingresso, dia_evento) VALUES ('81961611946', sqIngresso.nextval, TO_DATE('2023-01-28', 'YYYY/MM/DD'));
INSERT INTO Ingresso (id_comprad, num_ingresso, dia_evento) VALUES ('15510735175', sqIngresso.nextval, TO_DATE('2023-01-29', 'YYYY/MM/DD'));
INSERT INTO Ingresso (id_comprad, num_ingresso, dia_evento) VALUES ('12107757211', sqIngresso.nextval, TO_DATE('2023-01-29', 'YYYY/MM/DD'));
INSERT INTO Ingresso (id_comprad, num_ingresso, dia_evento) VALUES ('18013645667', sqIngresso.nextval, TO_DATE('2023-01-29', 'YYYY/MM/DD'));
INSERT INTO Ingresso (id_comprad, num_ingresso, dia_evento) VALUES ('27733831081', sqIngresso.nextval, TO_DATE('2023-01-29', 'YYYY/MM/DD'));
INSERT INTO Ingresso (id_comprad, num_ingresso, dia_evento) VALUES ('31293248577', sqIngresso.nextval, TO_DATE('2023-01-29', 'YYYY/MM/DD'));
INSERT INTO Ingresso (id_comprad, num_ingresso, dia_evento) VALUES ('84770625781', sqIngresso.nextval, TO_DATE('2023-01-29', 'YYYY/MM/DD'));
INSERT INTO Ingresso (id_comprad, num_ingresso, dia_evento) VALUES ('32139874646', sqIngresso.nextval, TO_DATE('2023-01-29', 'YYYY/MM/DD'));
INSERT INTO Ingresso (id_comprad, num_ingresso, dia_evento) VALUES ('59746510270', sqIngresso.nextval, TO_DATE('2023-01-29', 'YYYY/MM/DD'));
INSERT INTO Ingresso (id_comprad, num_ingresso, dia_evento) VALUES ('51893041336', sqIngresso.nextval, TO_DATE('2023-01-29', 'YYYY/MM/DD'));
INSERT INTO Ingresso (id_comprad, num_ingresso, dia_evento) VALUES ('73750364257', sqIngresso.nextval, TO_DATE('2023-02-04', 'YYYY/MM/DD'));
INSERT INTO Ingresso (id_comprad, num_ingresso, dia_evento) VALUES ('73974779210', sqIngresso.nextval, TO_DATE('2023-02-04', 'YYYY/MM/DD'));
INSERT INTO Ingresso (id_comprad, num_ingresso, dia_evento) VALUES ('91168976406', sqIngresso.nextval, TO_DATE('2023-02-04', 'YYYY/MM/DD'));
INSERT INTO Ingresso (id_comprad, num_ingresso, dia_evento) VALUES ('31317938896', sqIngresso.nextval, TO_DATE('2023-02-04', 'YYYY/MM/DD'));
INSERT INTO Ingresso (id_comprad, num_ingresso, dia_evento) VALUES ('21959150729', sqIngresso.nextval, TO_DATE('2023-02-04', 'YYYY/MM/DD'));
INSERT INTO Ingresso (id_comprad, num_ingresso, dia_evento) VALUES ('34691155999', sqIngresso.nextval, TO_DATE('2023-02-04', 'YYYY/MM/DD'));
INSERT INTO Ingresso (id_comprad, num_ingresso, dia_evento) VALUES ('21944131764', sqIngresso.nextval, TO_DATE('2023-02-04', 'YYYY/MM/DD'));
INSERT INTO Ingresso (id_comprad, num_ingresso, dia_evento) VALUES ('21795171289', sqIngresso.nextval, TO_DATE('2023-02-04', 'YYYY/MM/DD'));
INSERT INTO Ingresso (id_comprad, num_ingresso, dia_evento) VALUES ('72232910851', sqIngresso.nextval, TO_DATE('2023-02-04', 'YYYY/MM/DD'));
INSERT INTO Ingresso (id_comprad, num_ingresso, dia_evento) VALUES ('69789991554', sqIngresso.nextval, TO_DATE('2023-02-05', 'YYYY/MM/DD'));
INSERT INTO Ingresso (id_comprad, num_ingresso, dia_evento) VALUES ('10265446611', sqIngresso.nextval, TO_DATE('2023-02-05', 'YYYY/MM/DD'));
INSERT INTO Ingresso (id_comprad, num_ingresso, dia_evento) VALUES ('76790529780', sqIngresso.nextval, TO_DATE('2023-02-05', 'YYYY/MM/DD'));
INSERT INTO Ingresso (id_comprad, num_ingresso, dia_evento) VALUES ('15259053368', sqIngresso.nextval, TO_DATE('2023-02-05', 'YYYY/MM/DD'));
INSERT INTO Ingresso (id_comprad, num_ingresso, dia_evento) VALUES ('43427744211', sqIngresso.nextval, TO_DATE('2023-02-05', 'YYYY/MM/DD'));
INSERT INTO Ingresso (id_comprad, num_ingresso, dia_evento) VALUES ('76699805375', sqIngresso.nextval, TO_DATE('2023-02-05', 'YYYY/MM/DD'));
INSERT INTO Ingresso (id_comprad, num_ingresso, dia_evento) VALUES ('55307207600', sqIngresso.nextval, TO_DATE('2023-02-05', 'YYYY/MM/DD'));
INSERT INTO Ingresso (id_comprad, num_ingresso, dia_evento) VALUES ('77872434457', sqIngresso.nextval, TO_DATE('2023-02-05', 'YYYY/MM/DD'));
INSERT INTO Ingresso (id_comprad, num_ingresso, dia_evento) VALUES ('24007615038', sqIngresso.nextval, TO_DATE('2023-02-05', 'YYYY/MM/DD'));
INSERT INTO Ingresso (id_comprad, num_ingresso, dia_evento) VALUES ('76793968263', sqIngresso.nextval, TO_DATE('2023-03-04', 'YYYY/MM/DD'));
INSERT INTO Ingresso (id_comprad, num_ingresso, dia_evento) VALUES ('74954875328', sqIngresso.nextval, TO_DATE('2023-03-04', 'YYYY/MM/DD'));
INSERT INTO Ingresso (id_comprad, num_ingresso, dia_evento) VALUES ('74007414244', sqIngresso.nextval, TO_DATE('2023-03-04', 'YYYY/MM/DD'));
INSERT INTO Ingresso (id_comprad, num_ingresso, dia_evento) VALUES ('98295843260', sqIngresso.nextval, TO_DATE('2023-03-04', 'YYYY/MM/DD'));
INSERT INTO Ingresso (id_comprad, num_ingresso, dia_evento) VALUES ('12855832666', sqIngresso.nextval, TO_DATE('2023-03-04', 'YYYY/MM/DD'));
INSERT INTO Ingresso (id_comprad, num_ingresso, dia_evento) VALUES ('95898659143', sqIngresso.nextval, TO_DATE('2023-03-04', 'YYYY/MM/DD'));
INSERT INTO Ingresso (id_comprad, num_ingresso, dia_evento) VALUES ('30603694922', sqIngresso.nextval, TO_DATE('2023-03-04', 'YYYY/MM/DD'));
INSERT INTO Ingresso (id_comprad, num_ingresso, dia_evento) VALUES ('97349443678', sqIngresso.nextval, TO_DATE('2023-03-04', 'YYYY/MM/DD'));
INSERT INTO Ingresso (id_comprad, num_ingresso, dia_evento) VALUES ('43267758510', sqIngresso.nextval, TO_DATE('2023-03-04', 'YYYY/MM/DD'));
INSERT INTO Ingresso (id_comprad, num_ingresso, dia_evento) VALUES ('97729351634', sqIngresso.nextval, TO_DATE('2023-03-05', 'YYYY/MM/DD'));
INSERT INTO Ingresso (id_comprad, num_ingresso, dia_evento) VALUES ('98585861961', sqIngresso.nextval, TO_DATE('2023-03-05', 'YYYY/MM/DD'));
INSERT INTO Ingresso (id_comprad, num_ingresso, dia_evento) VALUES ('63879736715', sqIngresso.nextval, TO_DATE('2023-03-05', 'YYYY/MM/DD'));
INSERT INTO Ingresso (id_comprad, num_ingresso, dia_evento) VALUES ('18167681462', sqIngresso.nextval, TO_DATE('2023-03-05', 'YYYY/MM/DD'));
INSERT INTO Ingresso (id_comprad, num_ingresso, dia_evento) VALUES ('96540305579', sqIngresso.nextval, TO_DATE('2023-03-05', 'YYYY/MM/DD'));
INSERT INTO Ingresso (id_comprad, num_ingresso, dia_evento) VALUES ('44671342173', sqIngresso.nextval, TO_DATE('2023-03-05', 'YYYY/MM/DD'));
INSERT INTO Ingresso (id_comprad, num_ingresso, dia_evento) VALUES ('77326388107', sqIngresso.nextval, TO_DATE('2023-03-05', 'YYYY/MM/DD'));
INSERT INTO Ingresso (id_comprad, num_ingresso, dia_evento) VALUES ('13624832200', sqIngresso.nextval, TO_DATE('2023-03-05', 'YYYY/MM/DD'));
INSERT INTO Ingresso (id_comprad, num_ingresso, dia_evento) VALUES ('30053124352', sqIngresso.nextval, TO_DATE('2023-03-05', 'YYYY/MM/DD'));
INSERT INTO Ingresso (id_comprad, num_ingresso, dia_evento) VALUES ('73208730933', sqIngresso.nextval, TO_DATE('2023-03-10', 'YYYY/MM/DD'));
INSERT INTO Ingresso (id_comprad, num_ingresso, dia_evento) VALUES ('49879549811', sqIngresso.nextval, TO_DATE('2023-03-10', 'YYYY/MM/DD'));
INSERT INTO Ingresso (id_comprad, num_ingresso, dia_evento) VALUES ('32540289848', sqIngresso.nextval, TO_DATE('2023-03-10', 'YYYY/MM/DD'));
INSERT INTO Ingresso (id_comprad, num_ingresso, dia_evento) VALUES ('74503391806', sqIngresso.nextval, TO_DATE('2023-03-10', 'YYYY/MM/DD'));
INSERT INTO Ingresso (id_comprad, num_ingresso, dia_evento) VALUES ('18508230195', sqIngresso.nextval, TO_DATE('2023-03-10', 'YYYY/MM/DD'));
INSERT INTO Ingresso (id_comprad, num_ingresso, dia_evento) VALUES ('13963126181', sqIngresso.nextval, TO_DATE('2023-03-10', 'YYYY/MM/DD'));
INSERT INTO Ingresso (id_comprad, num_ingresso, dia_evento) VALUES ('39418726593', sqIngresso.nextval, TO_DATE('2023-03-10', 'YYYY/MM/DD'));
INSERT INTO Ingresso (id_comprad, num_ingresso, dia_evento) VALUES ('88179303872', sqIngresso.nextval, TO_DATE('2023-03-10', 'YYYY/MM/DD'));
INSERT INTO Ingresso (id_comprad, num_ingresso, dia_evento) VALUES ('87198181231', sqIngresso.nextval, TO_DATE('2023-03-10', 'YYYY/MM/DD'));

-- POVOANDO COMPRA
CREATE SEQUENCE sqCompra
    MINVALUE 0
    MAXVALUE 300
    START WITH 1
    INCREMENT BY 1;

INSERT INTO Compra (comprador, num_ingresso, id_vendedor) VALUES ('30199388385', 13728, '73000266174');
INSERT INTO Compra (comprador, num_ingresso, id_vendedor) VALUES ('47427712610', 19908, '97026469138');
INSERT INTO Compra (comprador, num_ingresso, id_vendedor) VALUES ('29599507565', 49437, '35420815293');
INSERT INTO Compra (comprador, num_ingresso, id_vendedor) VALUES ('57628148722', 69826, '73000266174');
INSERT INTO Compra (comprador, num_ingresso, id_vendedor) VALUES ('12812080044', 96928, '97026469138');
INSERT INTO Compra (comprador, num_ingresso, id_vendedor) VALUES ('64295837740', 1035, '73000266174');
INSERT INTO Compra (comprador, num_ingresso, id_vendedor) VALUES ('65134974386', 58107, '64369224486');
INSERT INTO Compra (comprador, num_ingresso, id_vendedor) VALUES ('49071844654', 76970, '35420815293');
INSERT INTO Compra (comprador, num_ingresso, id_vendedor) VALUES ('56167488077', 20493, '35420815293');
INSERT INTO Compra (comprador, num_ingresso, id_vendedor) VALUES ('38336868424', 92990, '33222808842');
INSERT INTO Compra (comprador, num_ingresso, id_vendedor) VALUES ('58162796706', 37426, '73000266174');
INSERT INTO Compra (comprador, num_ingresso, id_vendedor) VALUES ('74758815612', 42262, '97026469138');
INSERT INTO Compra (comprador, num_ingresso, id_vendedor) VALUES ('56122432090', 35686, '17329073342');
INSERT INTO Compra (comprador, num_ingresso, id_vendedor) VALUES ('12247919297', 87109, '97026469138');
INSERT INTO Compra (comprador, num_ingresso, id_vendedor) VALUES ('17490321338', 84223, '33222808842');
INSERT INTO Compra (comprador, num_ingresso, id_vendedor) VALUES ('29700737817', 59754, '73000266174');
INSERT INTO Compra (comprador, num_ingresso, id_vendedor) VALUES ('27612094332', 65737, '17329073342');
INSERT INTO Compra (comprador, num_ingresso, id_vendedor) VALUES ('40117047008', 12755, '74249536227');
INSERT INTO Compra (comprador, num_ingresso, id_vendedor) VALUES ('52416538966', 99437, '64369224486');
INSERT INTO Compra (comprador, num_ingresso, id_vendedor) VALUES ('42657296455', 18138, '73000266174');
INSERT INTO Compra (comprador, num_ingresso, id_vendedor) VALUES ('71122532810', 80137, '74249536227');
INSERT INTO Compra (comprador, num_ingresso, id_vendedor) VALUES ('43560681056', 65955, '48706382013');
INSERT INTO Compra (comprador, num_ingresso, id_vendedor) VALUES ('80905097415', 1942, '73000266174');
INSERT INTO Compra (comprador, num_ingresso, id_vendedor) VALUES ('14059155304', 55087, '46047735257');
INSERT INTO Compra (comprador, num_ingresso, id_vendedor) VALUES ('19253087598', 88921, '73000266174');
INSERT INTO Compra (comprador, num_ingresso, id_vendedor) VALUES ('37401423730', 70400, '10330515020');
INSERT INTO Compra (comprador, num_ingresso, id_vendedor) VALUES ('32759444139', 39529, '97026469138');
INSERT INTO Compra (comprador, num_ingresso, id_vendedor) VALUES ('14649378973', 46192, '48706382013');
INSERT INTO Compra (comprador, num_ingresso, id_vendedor) VALUES ('58000327447', 24002, '73000266174');
INSERT INTO Compra (comprador, num_ingresso, id_vendedor) VALUES ('48240968479', 73344, '17329073342');
INSERT INTO Compra (comprador, num_ingresso, id_vendedor) VALUES ('78335091139', 36847, '97026469138');
INSERT INTO Compra (comprador, num_ingresso, id_vendedor) VALUES ('70546768636', 90088, '73000266174');
INSERT INTO Compra (comprador, num_ingresso, id_vendedor) VALUES ('22404928750', 70871, '46047735257');
INSERT INTO Compra (comprador, num_ingresso, id_vendedor) VALUES ('70308341124', 29079, '64369224486');
INSERT INTO Compra (comprador, num_ingresso, id_vendedor) VALUES ('25989990251', 30361, '64369224486');
INSERT INTO Compra (comprador, num_ingresso, id_vendedor) VALUES ('75366156457', 78030, '73000266174');
INSERT INTO Compra (comprador, num_ingresso, id_vendedor) VALUES ('69025221605', 63242, '10330515020');
INSERT INTO Compra (comprador, num_ingresso, id_vendedor) VALUES ('54301553913', 50877, '35420815293');
INSERT INTO Compra (comprador, num_ingresso, id_vendedor) VALUES ('66952515360', 53740, '35420815293');
INSERT INTO Compra (comprador, num_ingresso, id_vendedor) VALUES ('20274888371', 90974, '10330515020');
INSERT INTO Compra (comprador, num_ingresso, id_vendedor) VALUES ('38335808648', 55690, '48706382013');
INSERT INTO Compra (comprador, num_ingresso, id_vendedor) VALUES ('96591124058', 18623, '73000266174');
INSERT INTO Compra (comprador, num_ingresso, id_vendedor) VALUES ('74577588172', 53636, '74249536227');
INSERT INTO Compra (comprador, num_ingresso, id_vendedor) VALUES ('28421344502', 50096, '73000266174');
INSERT INTO Compra (comprador, num_ingresso, id_vendedor) VALUES ('98596987343', 44902, '17329073342');
INSERT INTO Compra (comprador, num_ingresso, id_vendedor) VALUES ('68116821185', 13853, '17329073342');
INSERT INTO Compra (comprador, num_ingresso, id_vendedor) VALUES ('46064949648', 35392, '97026469138');
INSERT INTO Compra (comprador, num_ingresso, id_vendedor) VALUES ('81040473720', 57763, '46047735257');
INSERT INTO Compra (comprador, num_ingresso, id_vendedor) VALUES ('59000464227', 18818, '17329073342');
INSERT INTO Compra (comprador, num_ingresso, id_vendedor) VALUES ('34584407779', 16503, '73000266174');
INSERT INTO Compra (comprador, num_ingresso, id_vendedor) VALUES ('28629680688', 61010, '48706382013');
INSERT INTO Compra (comprador, num_ingresso, id_vendedor) VALUES ('18723001906', 5097, '46047735257');
INSERT INTO Compra (comprador, num_ingresso, id_vendedor) VALUES ('23969104695', 74801, '73000266174');
INSERT INTO Compra (comprador, num_ingresso, id_vendedor) VALUES ('52156994899', 38388, '46047735257');
INSERT INTO Compra (comprador, num_ingresso, id_vendedor) VALUES ('18843477859', 47580, '97026469138');
INSERT INTO Compra (comprador, num_ingresso, id_vendedor) VALUES ('42829067599', 89559, '48706382013');
INSERT INTO Compra (comprador, num_ingresso, id_vendedor) VALUES ('42373211369', 62880, '73000266174');
INSERT INTO Compra (comprador, num_ingresso, id_vendedor) VALUES ('85736048930', 87296, '10330515020');
INSERT INTO Compra (comprador, num_ingresso, id_vendedor) VALUES ('43406326054', 43352, '64369224486');
INSERT INTO Compra (comprador, num_ingresso, id_vendedor) VALUES ('78833704759', 81414, '74249536227');
INSERT INTO Compra (comprador, num_ingresso, id_vendedor) VALUES ('75123135279', 78199, '17329073342');
INSERT INTO Compra (comprador, num_ingresso, id_vendedor) VALUES ('60139985343', 52538, '64369224486');
INSERT INTO Compra (comprador, num_ingresso, id_vendedor) VALUES ('81961611946', 90803, '97026469138');
INSERT INTO Compra (comprador, num_ingresso, id_vendedor) VALUES ('15510735175', 1449, '48706382013');
INSERT INTO Compra (comprador, num_ingresso, id_vendedor) VALUES ('12107757211', 47971, '64369224486');
INSERT INTO Compra (comprador, num_ingresso, id_vendedor) VALUES ('18013645667', 77908, '33222808842');
INSERT INTO Compra (comprador, num_ingresso, id_vendedor) VALUES ('27733831081', 21261, '73000266174');
INSERT INTO Compra (comprador, num_ingresso, id_vendedor) VALUES ('31293248577', 23988, '97026469138');
INSERT INTO Compra (comprador, num_ingresso, id_vendedor) VALUES ('84770625781', 32598, '46047735257');
INSERT INTO Compra (comprador, num_ingresso, id_vendedor) VALUES ('32139874646', 41205, '97026469138');
INSERT INTO Compra (comprador, num_ingresso, id_vendedor) VALUES ('59746510270', 64064, '46047735257');
INSERT INTO Compra (comprador, num_ingresso, id_vendedor) VALUES ('51893041336', 99027, '74249536227');
INSERT INTO Compra (comprador, num_ingresso, id_vendedor) VALUES ('73750364257', 87999, '17329073342');
INSERT INTO Compra (comprador, num_ingresso, id_vendedor) VALUES ('73974779210', 90849, '97026469138');
INSERT INTO Compra (comprador, num_ingresso, id_vendedor) VALUES ('91168976406', 94709, '35420815293');
INSERT INTO Compra (comprador, num_ingresso, id_vendedor) VALUES ('31317938896', 95228, '48706382013');
INSERT INTO Compra (comprador, num_ingresso, id_vendedor) VALUES ('21959150729', 16805, '97026469138');
INSERT INTO Compra (comprador, num_ingresso, id_vendedor) VALUES ('34691155999', 99576, '74249536227');
INSERT INTO Compra (comprador, num_ingresso, id_vendedor) VALUES ('21944131764', 91100, '73000266174');
INSERT INTO Compra (comprador, num_ingresso, id_vendedor) VALUES ('21795171289', 1549, '48706382013');
INSERT INTO Compra (comprador, num_ingresso, id_vendedor) VALUES ('72232910851', 69752, '46047735257');
INSERT INTO Compra (comprador, num_ingresso, id_vendedor) VALUES ('69789991554', 82787, '97026469138');
INSERT INTO Compra (comprador, num_ingresso, id_vendedor) VALUES ('10265446611', 14719, '33222808842');
INSERT INTO Compra (comprador, num_ingresso, id_vendedor) VALUES ('76790529780', 89427, '48706382013');
INSERT INTO Compra (comprador, num_ingresso, id_vendedor) VALUES ('15259053368', 45401, '35420815293');
INSERT INTO Compra (comprador, num_ingresso, id_vendedor) VALUES ('43427744211', 94876, '10330515020');
INSERT INTO Compra (comprador, num_ingresso, id_vendedor) VALUES ('76699805375', 84476, '64369224486');
INSERT INTO Compra (comprador, num_ingresso, id_vendedor) VALUES ('55307207600', 29749, '35420815293');
INSERT INTO Compra (comprador, num_ingresso, id_vendedor) VALUES ('77872434457', 76308, '33222808842');
INSERT INTO Compra (comprador, num_ingresso, id_vendedor) VALUES ('24007615038', 60682, '73000266174');
INSERT INTO Compra (comprador, num_ingresso, id_vendedor) VALUES ('76793968263', 64954, '74249536227');
INSERT INTO Compra (comprador, num_ingresso, id_vendedor) VALUES ('74954875328', 79223, '73000266174');
INSERT INTO Compra (comprador, num_ingresso, id_vendedor) VALUES ('74007414244', 82757, '97026469138');
INSERT INTO Compra (comprador, num_ingresso, id_vendedor) VALUES ('98295843260', 21192, '73000266174');
INSERT INTO Compra (comprador, num_ingresso, id_vendedor) VALUES ('12855832666', 47905, '97026469138');
INSERT INTO Compra (comprador, num_ingresso, id_vendedor) VALUES ('95898659143', 99321, '48706382013');
INSERT INTO Compra (comprador, num_ingresso, id_vendedor) VALUES ('30603694922', 21443, '73000266174');
INSERT INTO Compra (comprador, num_ingresso, id_vendedor) VALUES ('97349443678', 72741, '10330515020');
INSERT INTO Compra (comprador, num_ingresso, id_vendedor) VALUES ('43267758510', 66127, '35420815293');
INSERT INTO Compra (comprador, num_ingresso, id_vendedor) VALUES ('97729351634', 47612, '46047735257');
INSERT INTO Compra (comprador, num_ingresso, id_vendedor) VALUES ('98585861961', 55739, '73000266174');
INSERT INTO Compra (comprador, num_ingresso, id_vendedor) VALUES ('63879736715', 57129, '48706382013');
INSERT INTO Compra (comprador, num_ingresso, id_vendedor) VALUES ('18167681462', 42201, '73000266174');
INSERT INTO Compra (comprador, num_ingresso, id_vendedor) VALUES ('96540305579', 86091, '35420815293');
INSERT INTO Compra (comprador, num_ingresso, id_vendedor) VALUES ('44671342173', 26667, '74249536227');
INSERT INTO Compra (comprador, num_ingresso, id_vendedor) VALUES ('77326388107', 16477, '73000266174');
INSERT INTO Compra (comprador, num_ingresso, id_vendedor) VALUES ('13624832200', 41094, '64369224486');
INSERT INTO Compra (comprador, num_ingresso, id_vendedor) VALUES ('30053124352', 84029, '73000266174');
INSERT INTO Compra (comprador, num_ingresso, id_vendedor) VALUES ('73208730933', 9242, '74249536227');
INSERT INTO Compra (comprador, num_ingresso, id_vendedor) VALUES ('49879549811', 61079, '73000266174');
INSERT INTO Compra (comprador, num_ingresso, id_vendedor) VALUES ('32540289848', 65251, '97026469138');
INSERT INTO Compra (comprador, num_ingresso, id_vendedor) VALUES ('74503391806', 53887, '64369224486');
INSERT INTO Compra (comprador, num_ingresso, id_vendedor) VALUES ('18508230195', 97540, '33222808842');
INSERT INTO Compra (comprador, num_ingresso, id_vendedor) VALUES ('13963126181', 11120, '73000266174');
INSERT INTO Compra (comprador, num_ingresso, id_vendedor) VALUES ('39418726593', 3553, '97026469138');
INSERT INTO Compra (comprador, num_ingresso, id_vendedor) VALUES ('88179303872', 48013, '97026469138');
INSERT INTO Compra (comprador, num_ingresso, id_vendedor) VALUES ('87198181231', 73691, '35420815293');
INSERT INTO Compra (comprador, num_ingresso, id_vendedor) VALUES ('49280045710', 63852, '35420815293');

-- POVOANDO NOME_EQUIPAMENTOS
INSERT INTO Nome_equipamento (nome, preco) VALUES ('guitarra aceim preta', 500);
INSERT INTO Nome_equipamento (nome, preco) VALUES ('bateria yamaha', 2000);
INSERT INTO Nome_equipamento (nome, preco) VALUES ('baixo weiser', 400);
INSERT INTO Nome_equipamento (nome, preco) VALUES ('amplificador yamaha', 300);
INSERT INTO Nome_equipamento (nome, preco) VALUES ('guitarra jonson', 580);
INSERT INTO Nome_equipamento (nome, preco) VALUES ('refletor móvel', 890);
INSERT INTO Nome_equipamento (nome, preco) VALUES ('microfone sem fio', 30);
INSERT INTO Nome_equipamento (nome, preco) VALUES ('liberador de fumaça grande', 75);
INSERT INTO Nome_equipamento (nome, preco) VALUES ('teclado shueizer', 890);


-- POVOANDO EQUIPAMENTOS
INSERT INTO Equipamentos (nome, num_serie, tipo)  VALUES ('guitarra aceim preta', 3535, 'instrumento');
INSERT INTO Equipamentos (nome, num_serie, tipo)  VALUES ('bateria yamaha', 741644, 'instrumento');
INSERT INTO Equipamentos (nome, num_serie, tipo)  VALUES ('baixo weiser', 3433, 'instrumento');
INSERT INTO Equipamentos (nome, num_serie, tipo)  VALUES ('amplificador yamaha', 9352522, 'eletronico');
INSERT INTO Equipamentos (nome, num_serie, tipo)  VALUES ('liberador de fumaça grande', 8886444, 'eletronico');
INSERT INTO Equipamentos (nome, num_serie, tipo)  VALUES ('guitarra jonson', 4434, 'instrumento');
INSERT INTO Equipamentos (nome, num_serie, tipo)  VALUES ('refletor móvel', 3252555, 'eletronico');
INSERT INTO Equipamentos (nome, num_serie, tipo)  VALUES ('liberador de fumaça grande', 6466444, 'eletronico');
INSERT INTO Equipamentos (nome, num_serie, tipo)  VALUES ('amplificador yamaha', 7332544, 'eletronico');
INSERT INTO Equipamentos (nome, num_serie, tipo)  VALUES ('microfone sem fio', 5432543, 'eletronico');
INSERT INTO Equipamentos (nome, num_serie, tipo)  VALUES ('microfone sem fio', 4353454, 'eletronico');
INSERT INTO Equipamentos (nome, num_serie, tipo)  VALUES ('microfone sem fio', 4958234, 'eletronico');
INSERT INTO Equipamentos (nome, num_serie, tipo)  VALUES ('microfone sem fio', 1231225, 'eletronico');
INSERT INTO Equipamentos (nome, num_serie, tipo)  VALUES ('liberador de fumaça grande', 1234444, 'eletronico');
INSERT INTO Equipamentos (nome, num_serie, tipo)  VALUES ('teclado shueizer', 5335353, 'instrumento');
INSERT INTO Equipamentos (nome, num_serie, tipo)  VALUES ('amplificador yamaha', 7000522, 'eletronico');

-- POVOANDO ENCRREGA
INSERT INTO Encarrrega (id_manut, num_serie) VALUES ('87886107463', 3535);
INSERT INTO Encarrrega (id_manut, num_serie) VALUES ('87886107463', 741644);
INSERT INTO Encarrrega (id_manut, num_serie) VALUES ('73000266174', 3433);
INSERT INTO Encarrrega (id_manut, num_serie) VALUES ('97026469138', 9352522);
INSERT INTO Encarrrega (id_manut, num_serie) VALUES ('35420815293', 8886444);
INSERT INTO Encarrrega (id_manut, num_serie) VALUES ('64369224486', 4434);
INSERT INTO Encarrrega (id_manut, num_serie) VALUES ('17329073342', 3252555);
INSERT INTO Encarrrega (id_manut, num_serie) VALUES ('33222808842', 6466444);
INSERT INTO Encarrrega (id_manut, num_serie) VALUES ('74249536227', 7332544);
INSERT INTO Encarrrega (id_manut, num_serie) VALUES ('48706382013', 5432543);
INSERT INTO Encarrrega (id_manut, num_serie) VALUES ('10330515020', 4353454);
INSERT INTO Encarrrega (id_manut, num_serie) VALUES ('46047735257', 4958234);
INSERT INTO Encarrrega (id_manut, num_serie) VALUES ('74249536227', 1231225);
INSERT INTO Encarrrega (id_manut, num_serie) VALUES ('48706382013', 1234444);
INSERT INTO Encarrrega (id_manut, num_serie) VALUES ('10330515020', 5335353);
INSERT INTO Encarrrega (id_manut, num_serie) VALUES ('46047735257', 7000522);

-- POVOANDO PALCOS

INSERT INTO Palco (numero, tamanho) VALUES (1, '1000');
INSERT INTO Palco (numero, tamanho) VALUES (2, '2000');
INSERT INTO Palco (numero, tamanho) VALUES (3, '1300');
INSERT INTO Palco (numero, tamanho) VALUES (4, '400');

-- Populando tabela "Atracao"
INSERT INTO Atracao (nome, colaborante, cache) VALUES ('Banda Rockstar', NULL, 5000);
INSERT INTO Atracao (nome, colaborante, cache) VALUES ('Palestra Motivacional', 'Palestrante Y', 3000);
INSERT INTO Atracao (nome, colaborante, cache) VALUES ('Stand-up Comedy', NULL, 4000);
INSERT INTO Atracao (nome, colaborante, cache) VALUES ('Circo Mágico', NULL, 3500);
INSERT INTO Atracao (nome, colaborante, cache) VALUES ('Orquestra Sinfônica', NULL, 4500);
INSERT INTO Atracao (nome, colaborante, cache) VALUES ('Festival de Dança', NULL, 3800);
INSERT INTO Atracao (nome, colaborante, cache) VALUES ('Feira de Gastronomia', NULL, 4200);
INSERT INTO Atracao (nome, colaborante, cache) VALUES ('Espetáculo de Ilusionismo', NULL, 3200);
INSERT INTO Atracao (nome, colaborante, cache) VALUES ('Exposição de Arte', NULL, 3900);
INSERT INTO Atracao (nome, colaborante, cache) VALUES ('Filme ao ar livre', NULL, 2700);

-- povoamento tabela "Contatos"
INSERT INTO Contatos (atracao, contatos) VALUES ('Banda Rockstar', 'contato.bandarockstar@gmail.com');
INSERT INTO Contatos (atracao, contatos) VALUES ('Palestra Motivacional', 'contato.palestrantey@gov.com.br');
INSERT INTO Contatos (atracao, contatos) VALUES ('Stand-up Comedy', 'contato.standup@gov.com');
INSERT INTO Contatos (atracao, contatos) VALUES ('Circo Mágico', 'contato.circomagico@hotmail.com');
INSERT INTO Contatos (atracao, contatos) VALUES ('Orquestra Sinfônica', 'contato.orquestrasinfonica@yahoo.com');
INSERT INTO Contatos (atracao, contatos) VALUES ('Festival de Dança', 'contato.festivaldedanca@hotmail.com');
INSERT INTO Contatos (atracao, contatos) VALUES ('Feira de Gastronomia', 'contato.feiradegastronomia@gmail.com');
INSERT INTO Contatos (atracao, contatos) VALUES ('Espetáculo de Ilusionismo', 'contato.espetaculodeilusionismo@outlook.com');
INSERT INTO Contatos (atracao, contatos) VALUES ('Exposição de Arte', 'contato.exposicaodearte@hotmail.com');
INSERT INTO Contatos (atracao, contatos) VALUES ('Filme ao ar livre', 'contato.filmeaoarlivre@gmail.com');

-- povoamento tabela "Cronograma"
INSERT INTO Cronograma (atracao, data_hora_inicio, data_hora_termino) VALUES ('Banda Rockstar', '2023-07-20 18:00', '2023-07-20 20:00');
INSERT INTO Cronograma (atracao, data_hora_inicio, data_hora_termino) VALUES ('Palestra Motivacional', '2023-07-20 14:00', '2023-07-20 16:00');
INSERT INTO Cronograma (atracao, data_hora_inicio, data_hora_termino) VALUES ('Stand-up Comedy', '2023-07-21 20:30', '2023-07-21 22:30');
INSERT INTO Cronograma (atracao, data_hora_inicio, data_hora_termino) VALUES ('Circo Mágico', '2023-07-22 15:00', '2023-07-22 17:00');
INSERT INTO Cronograma (atracao, data_hora_inicio, data_hora_termino) VALUES ('Orquestra Sinfônica', '2023-07-23 19:30', '2023-07-23 22:00');
INSERT INTO Cronograma (atracao, data_hora_inicio, data_hora_termino) VALUES ('Festival de Dança', '2023-07-24 16:00', '2023-07-24 18:00');
INSERT INTO Cronograma (atracao, data_hora_inicio, data_hora_termino) VALUES ('Feira de Gastronomia', '2023-07-25 12:00', '2023-07-25 20:00');
INSERT INTO Cronograma (atracao, data_hora_inicio, data_hora_termino) VALUES ('Espetáculo de Ilusionismo', '2023-07-26 19:00', '2023-07-26 21:00');
INSERT INTO Cronograma (atracao, data_hora_inicio, data_hora_termino) VALUES ('Exposição de Arte', '2023-07-27 10:00', '2023-07-27 18:00');
INSERT INTO Cronograma (atracao, data_hora_inicio, data_hora_termino) VALUES ('Filme ao ar livre', '2023-07-28 19:30', '2023-07-28 22:00');

-- povoamento tabela "Show"
INSERT INTO Show (atracao, palco, horario, id_tecn) VALUES ('Banda Rockstar', 1, '2023-07-20 18:00-20:00', '94806948879');
INSERT INTO Show (atracao, palco, horario, id_tecn) VALUES ('Palestra Motivacional', 2, '2023-07-20 14:00-16:00', '82624610006');
INSERT INTO Show (atracao, palco, horario, id_tecn) VALUES ('Stand-up Comedy', 3, '2023-07-21 20:30-22:30', '20620832203');
INSERT INTO Show (atracao, palco, horario, id_tecn) VALUES ('Circo Mágico', 4, '2023-07-22 15:00-17:00', '23476315168');
INSERT INTO Show (atracao, palco, horario, id_tecn) VALUES ('Orquestra Sinfônica', 1, '2023-07-23 19:30-22:00', '22307947437');
INSERT INTO Show (atracao, palco, horario, id_tecn) VALUES ('Festival de Dança', 2, '2023-07-24 16:00-18:00', '69997282400');
INSERT INTO Show (atracao, palco, horario, id_tecn) VALUES ('Feira de Gastronomia', 3, '2023-07-25 12:00-20:00', '49696630305');
INSERT INTO Show (atracao, palco, horario, id_tecn) VALUES ('Espetáculo de Ilusionismo', 4, '2023-07-26 19:00-21:00', '31099445960');
INSERT INTO Show (atracao, palco, horario, id_tecn) VALUES ('Exposição de Arte', 1, '2023-07-27 10:00-18:00', '22307947437');
INSERT INTO Show (atracao, palco, horario, id_tecn) VALUES ('Filme ao ar livre', 2, '2023-07-28 19:30-22:00', '22307947437');



-- POVOANDO VISITANTE
INSERT INTO Visitante (id_visi) VALUES ('30199388385');
INSERT INTO Visitante (id_visi) VALUES ('47427712610');
INSERT INTO Visitante (id_visi) VALUES ('29599507565');
INSERT INTO Visitante (id_visi) VALUES ('57628148722');
INSERT INTO Visitante (id_visi) VALUES ('12812080044');
INSERT INTO Visitante (id_visi) VALUES ('64295837740');
INSERT INTO Visitante (id_visi) VALUES ('65134974386');
INSERT INTO Visitante (id_visi) VALUES ('49071844654');
INSERT INTO Visitante (id_visi) VALUES ('56167488077');
INSERT INTO Visitante (id_visi) VALUES ('38336868424');
INSERT INTO Visitante (id_visi) VALUES ('58162796706');
INSERT INTO Visitante (id_visi) VALUES ('74758815612');
INSERT INTO Visitante (id_visi) VALUES ('56122432090');
INSERT INTO Visitante (id_visi) VALUES ('12247919297');
INSERT INTO Visitante (id_visi) VALUES ('17490321338');
INSERT INTO Visitante (id_visi) VALUES ('29700737817');
INSERT INTO Visitante (id_visi) VALUES ('27612094332');
INSERT INTO Visitante (id_visi) VALUES ('40117047008');
INSERT INTO Visitante (id_visi) VALUES ('52416538966');
INSERT INTO Visitante (id_visi) VALUES ('42657296455');
INSERT INTO Visitante (id_visi) VALUES ('71122532810');
INSERT INTO Visitante (id_visi) VALUES ('43560681056');
INSERT INTO Visitante (id_visi) VALUES ('80905097415');
INSERT INTO Visitante (id_visi) VALUES ('14059155304');
INSERT INTO Visitante (id_visi) VALUES ('19253087598');
INSERT INTO Visitante (id_visi) VALUES ('37401423730');
INSERT INTO Visitante (id_visi) VALUES ('32759444139');
INSERT INTO Visitante (id_visi) VALUES ('14649378973');
INSERT INTO Visitante (id_visi) VALUES ('58000327447');
INSERT INTO Visitante (id_visi) VALUES ('48240968479');
INSERT INTO Visitante (id_visi) VALUES ('78335091139');
INSERT INTO Visitante (id_visi) VALUES ('70546768636');
INSERT INTO Visitante (id_visi) VALUES ('22404928750');
INSERT INTO Visitante (id_visi) VALUES ('70308341124');
INSERT INTO Visitante (id_visi) VALUES ('25989990251');
INSERT INTO Visitante (id_visi) VALUES ('75366156457');
INSERT INTO Visitante (id_visi) VALUES ('69025221605');
INSERT INTO Visitante (id_visi) VALUES ('54301553913');
INSERT INTO Visitante (id_visi) VALUES ('66952515360');
INSERT INTO Visitante (id_visi) VALUES ('20274888371');
INSERT INTO Visitante (id_visi) VALUES ('38335808648');
INSERT INTO Visitante (id_visi) VALUES ('96591124058');
INSERT INTO Visitante (id_visi) VALUES ('74577588172');
INSERT INTO Visitante (id_visi) VALUES ('28421344502');
INSERT INTO Visitante (id_visi) VALUES ('98596987343');
INSERT INTO Visitante (id_visi) VALUES ('68116821185');
INSERT INTO Visitante (id_visi) VALUES ('46064949648');
INSERT INTO Visitante (id_visi) VALUES ('81040473720');
INSERT INTO Visitante (id_visi) VALUES ('59000464227');
INSERT INTO Visitante (id_visi) VALUES ('34584407779');
INSERT INTO Visitante (id_visi) VALUES ('28629680688');
INSERT INTO Visitante (id_visi) VALUES ('18723001906');
INSERT INTO Visitante (id_visi) VALUES ('23969104695');
INSERT INTO Visitante (id_visi) VALUES ('52156994899');
INSERT INTO Visitante (id_visi) VALUES ('18843477859');
INSERT INTO Visitante (id_visi) VALUES ('42829067599');
INSERT INTO Visitante (id_visi) VALUES ('42373211369');
INSERT INTO Visitante (id_visi) VALUES ('85736048930');
INSERT INTO Visitante (id_visi) VALUES ('43406326054');
INSERT INTO Visitante (id_visi) VALUES ('78833704759');
INSERT INTO Visitante (id_visi) VALUES ('75123135279');
INSERT INTO Visitante (id_visi) VALUES ('60139985343');
INSERT INTO Visitante (id_visi) VALUES ('81961611946');
INSERT INTO Visitante (id_visi) VALUES ('15510735175');
INSERT INTO Visitante (id_visi) VALUES ('12107757211');
INSERT INTO Visitante (id_visi) VALUES ('18013645667');
INSERT INTO Visitante (id_visi) VALUES ('27733831081');
INSERT INTO Visitante (id_visi) VALUES ('31293248577');
INSERT INTO Visitante (id_visi) VALUES ('84770625781');
INSERT INTO Visitante (id_visi) VALUES ('32139874646');
INSERT INTO Visitante (id_visi) VALUES ('59746510270');
INSERT INTO Visitante (id_visi) VALUES ('51893041336');
INSERT INTO Visitante (id_visi) VALUES ('73750364257');
INSERT INTO Visitante (id_visi) VALUES ('73974779210');
INSERT INTO Visitante (id_visi) VALUES ('91168976406');
INSERT INTO Visitante (id_visi) VALUES ('31317938896');
INSERT INTO Visitante (id_visi) VALUES ('21959150729');
INSERT INTO Visitante (id_visi) VALUES ('34691155999');
INSERT INTO Visitante (id_visi) VALUES ('21944131764');
INSERT INTO Visitante (id_visi) VALUES ('21795171289');
INSERT INTO Visitante (id_visi) VALUES ('72232910851');
INSERT INTO Visitante (id_visi) VALUES ('69789991554');
INSERT INTO Visitante (id_visi) VALUES ('10265446611');
INSERT INTO Visitante (id_visi) VALUES ('76790529780');
INSERT INTO Visitante (id_visi) VALUES ('15259053368');
INSERT INTO Visitante (id_visi) VALUES ('43427744211');
INSERT INTO Visitante (id_visi) VALUES ('76699805375');
INSERT INTO Visitante (id_visi) VALUES ('55307207600');
INSERT INTO Visitante (id_visi) VALUES ('77872434457');
INSERT INTO Visitante (id_visi) VALUES ('24007615038');
INSERT INTO Visitante (id_visi) VALUES ('76793968263');
INSERT INTO Visitante (id_visi) VALUES ('74954875328');
INSERT INTO Visitante (id_visi) VALUES ('74007414244');
INSERT INTO Visitante (id_visi) VALUES ('98295843260');
INSERT INTO Visitante (id_visi) VALUES ('12855832666');
INSERT INTO Visitante (id_visi) VALUES ('95898659143');
INSERT INTO Visitante (id_visi) VALUES ('30603694922');
INSERT INTO Visitante (id_visi) VALUES ('97349443678');
INSERT INTO Visitante (id_visi) VALUES ('43267758510');
INSERT INTO Visitante (id_visi) VALUES ('97729351634');
INSERT INTO Visitante (id_visi) VALUES ('98585861961');
INSERT INTO Visitante (id_visi) VALUES ('63879736715');
INSERT INTO Visitante (id_visi) VALUES ('18167681462');
INSERT INTO Visitante (id_visi) VALUES ('96540305579');
INSERT INTO Visitante (id_visi) VALUES ('44671342173');
INSERT INTO Visitante (id_visi) VALUES ('77326388107');
INSERT INTO Visitante (id_visi) VALUES ('13624832200');
INSERT INTO Visitante (id_visi) VALUES ('30053124352');
INSERT INTO Visitante (id_visi) VALUES ('73208730933');
INSERT INTO Visitante (id_visi) VALUES ('49879549811');
INSERT INTO Visitante (id_visi) VALUES ('32540289848');
INSERT INTO Visitante (id_visi) VALUES ('74503391806');
INSERT INTO Visitante (id_visi) VALUES ('18508230195');
INSERT INTO Visitante (id_visi) VALUES ('13963126181');
INSERT INTO Visitante (id_visi) VALUES ('39418726593');
INSERT INTO Visitante (id_visi) VALUES ('88179303872');
INSERT INTO Visitante (id_visi) VALUES ('87198181231');
INSERT INTO Visitante (id_visi) VALUES ('49280045710');


-- POVOANDO GARANTIR_ACESSO
INSERT INTO Garantir_acesso (atracao, num_palco, horario, id_comprad, num_ingresso) VALUES ('Palestra Motivacional', 1, '07/01 13:00', 0);
INSERT INTO Garantir_acesso (atracao, num_palco, horario, id_comprad, num_ingresso) VALUES ('Palestra Motivacional', 1, '07/01 13:00', 1);
INSERT INTO Garantir_acesso (atracao, num_palco, horario, id_comprad, num_ingresso) VALUES ('Palestra Motivacional', 1, '07/01 13:00', 2);
INSERT INTO Garantir_acesso (atracao, num_palco, horario, id_comprad, num_ingresso) VALUES ('Palestra Motivacional', 1, '07/01 13:00', 3);
INSERT INTO Garantir_acesso (atracao, num_palco, horario, id_comprad, num_ingresso) VALUES ('Palestra Motivacional', 1, '07/01 13:00', 4);
INSERT INTO Garantir_acesso (atracao, num_palco, horario, id_comprad, num_ingresso) VALUES ('Palestra Motivacional', 1, '07/01 13:00', 5);
INSERT INTO Garantir_acesso (atracao, num_palco, horario, id_comprad, num_ingresso) VALUES ('Palestra Motivacional', 1, '07/01 13:00', 6);
INSERT INTO Garantir_acesso (atracao, num_palco, horario, id_comprad, num_ingresso) VALUES ('Palestra Motivacional', 1, '07/01 13:00', 7);
INSERT INTO Garantir_acesso (atracao, num_palco, horario, id_comprad, num_ingresso) VALUES ('Palestra Motivacional', 1, '07/01 13:00', 8);
INSERT INTO Garantir_acesso (atracao, num_palco, horario, id_comprad, num_ingresso) VALUES ('Stand-up Comedy', 5, '08/01 18:00', 9);
INSERT INTO Garantir_acesso (atracao, num_palco, horario, id_comprad, num_ingresso) VALUES ('Stand-up Comedy', 5, '08/01 18:00', 10);
INSERT INTO Garantir_acesso (atracao, num_palco, horario, id_comprad, num_ingresso) VALUES ('Stand-up Comedy', 5, '08/01 18:00', 11);
INSERT INTO Garantir_acesso (atracao, num_palco, horario, id_comprad, num_ingresso) VALUES ('Stand-up Comedy', 5, '08/01 18:00', 12);
INSERT INTO Garantir_acesso (atracao, num_palco, horario, id_comprad, num_ingresso) VALUES ('Stand-up Comedy', 5, '08/01 18:00', 13);
INSERT INTO Garantir_acesso (atracao, num_palco, horario, id_comprad, num_ingresso) VALUES ('Stand-up Comedy', 5, '08/01 18:00', 14);
INSERT INTO Garantir_acesso (atracao, num_palco, horario, id_comprad, num_ingresso) VALUES ('Stand-up Comedy', 5, '08/01 18:00', 15);
INSERT INTO Garantir_acesso (atracao, num_palco, horario, id_comprad, num_ingresso) VALUES ('Stand-up Comedy', 5, '08/01 18:00', 16);
INSERT INTO Garantir_acesso (atracao, num_palco, horario, id_comprad, num_ingresso) VALUES ('Stand-up Comedy', 5, '08/01 18:00', 17);
INSERT INTO Garantir_acesso (atracao, num_palco, horario, id_comprad, num_ingresso) VALUES ('Circo Mágico', 1, '14/01 13:00', 18);
INSERT INTO Garantir_acesso (atracao, num_palco, horario, id_comprad, num_ingresso) VALUES ('Circo Mágico', 1, '14/01 13:00', 19);
INSERT INTO Garantir_acesso (atracao, num_palco, horario, id_comprad, num_ingresso) VALUES ('Circo Mágico', 1, '14/01 13:00', 20);
INSERT INTO Garantir_acesso (atracao, num_palco, horario, id_comprad, num_ingresso) VALUES ('Circo Mágico', 1, '14/01 13:00', 21);
INSERT INTO Garantir_acesso (atracao, num_palco, horario, id_comprad, num_ingresso) VALUES ('Circo Mágico', 1, '14/01 13:00', 22);
INSERT INTO Garantir_acesso (atracao, num_palco, horario, id_comprad, num_ingresso) VALUES ('Circo Mágico', 1, '14/01 13:00', 23);
INSERT INTO Garantir_acesso (atracao, num_palco, horario, id_comprad, num_ingresso) VALUES ('Circo Mágico', 1, '14/01 13:00', 24);
INSERT INTO Garantir_acesso (atracao, num_palco, horario, id_comprad, num_ingresso) VALUES ('Circo Mágico', 1, '14/01 13:00', 25);
INSERT INTO Garantir_acesso (atracao, num_palco, horario, id_comprad, num_ingresso) VALUES ('Circo Mágico', 1, '14/01 13:00', 26);
INSERT INTO Garantir_acesso (atracao, num_palco, horario, id_comprad, num_ingresso) VALUES ('Orquestra Sinfônica', 2, '15/01 13:00', 27);
INSERT INTO Garantir_acesso (atracao, num_palco, horario, id_comprad, num_ingresso) VALUES ('Orquestra Sinfônica', 2, '15/01 13:00', 28);
INSERT INTO Garantir_acesso (atracao, num_palco, horario, id_comprad, num_ingresso) VALUES ('Orquestra Sinfônica', 2, '15/01 13:00', 29);
INSERT INTO Garantir_acesso (atracao, num_palco, horario, id_comprad, num_ingresso) VALUES ('Orquestra Sinfônica', 2, '15/01 13:00', 30);
INSERT INTO Garantir_acesso (atracao, num_palco, horario, id_comprad, num_ingresso) VALUES ('Orquestra Sinfônica', 2, '15/01 13:00', 31);
INSERT INTO Garantir_acesso (atracao, num_palco, horario, id_comprad, num_ingresso) VALUES ('Orquestra Sinfônica', 2, '15/01 13:00', 32);
INSERT INTO Garantir_acesso (atracao, num_palco, horario, id_comprad, num_ingresso) VALUES ('Orquestra Sinfônica', 2, '15/01 13:00', 33);
INSERT INTO Garantir_acesso (atracao, num_palco, horario, id_comprad, num_ingresso) VALUES ('Orquestra Sinfônica', 2, '15/01 13:00', 34);
INSERT INTO Garantir_acesso (atracao, num_palco, horario, id_comprad, num_ingresso) VALUES ('Orquestra Sinfônica', 2, '15/01 13:00', 35);
INSERT INTO Garantir_acesso (atracao, num_palco, horario, id_comprad, num_ingresso) VALUES ('Festival de Dança', 1, '21/01 13:00', 36);
INSERT INTO Garantir_acesso (atracao, num_palco, horario, id_comprad, num_ingresso) VALUES ('Festival de Dança', 1, '21/01 13:00', 37);
INSERT INTO Garantir_acesso (atracao, num_palco, horario, id_comprad, num_ingresso) VALUES ('Festival de Dança', 1, '21/01 13:00', 38);
INSERT INTO Garantir_acesso (atracao, num_palco, horario, id_comprad, num_ingresso) VALUES ('Festival de Dança', 1, '21/01 13:00', 39);
INSERT INTO Garantir_acesso (atracao, num_palco, horario, id_comprad, num_ingresso) VALUES ('Festival de Dança', 1, '21/01 13:00', 40);
INSERT INTO Garantir_acesso (atracao, num_palco, horario, id_comprad, num_ingresso) VALUES ('Festival de Dança', 1, '21/01 13:00', 41);
INSERT INTO Garantir_acesso (atracao, num_palco, horario, id_comprad, num_ingresso) VALUES ('Festival de Dança', 1, '21/01 13:00', 42);
INSERT INTO Garantir_acesso (atracao, num_palco, horario, id_comprad, num_ingresso) VALUES ('Festival de Dança', 1, '21/01 13:00', 43);
INSERT INTO Garantir_acesso (atracao, num_palco, horario, id_comprad, num_ingresso) VALUES ('Festival de Dança', 1, '21/01 13:00', 44);
INSERT INTO Garantir_acesso (atracao, num_palco, horario, id_comprad, num_ingresso) VALUES ('Feira de Gastronomia', 2, '22/01 13:00', 45);
INSERT INTO Garantir_acesso (atracao, num_palco, horario, id_comprad, num_ingresso) VALUES ('Feira de Gastronomia', 2, '22/01 13:00', 46);
INSERT INTO Garantir_acesso (atracao, num_palco, horario, id_comprad, num_ingresso) VALUES ('Feira de Gastronomia', 2, '22/01 13:00', 47);
INSERT INTO Garantir_acesso (atracao, num_palco, horario, id_comprad, num_ingresso) VALUES ('Feira de Gastronomia', 2, '22/01 13:00', 48);
INSERT INTO Garantir_acesso (atracao, num_palco, horario, id_comprad, num_ingresso) VALUES ('Feira de Gastronomia', 2, '22/01 13:00', 49);
INSERT INTO Garantir_acesso (atracao, num_palco, horario, id_comprad, num_ingresso) VALUES ('Feira de Gastronomia', 2, '22/01 13:00', 50);
INSERT INTO Garantir_acesso (atracao, num_palco, horario, id_comprad, num_ingresso) VALUES ('Feira de Gastronomia', 2, '22/01 13:00', 51);
INSERT INTO Garantir_acesso (atracao, num_palco, horario, id_comprad, num_ingresso) VALUES ('Feira de Gastronomia', 2, '22/01 13:00', 52);
INSERT INTO Garantir_acesso (atracao, num_palco, horario, id_comprad, num_ingresso) VALUES ('Feira de Gastronomia', 2, '22/01 13:00', 53);
INSERT INTO Garantir_acesso (atracao, num_palco, horario, id_comprad, num_ingresso) VALUES ('Espetáculo de Ilusionismo', 2, '22/01 13:00', 54);
INSERT INTO Garantir_acesso (atracao, num_palco, horario, id_comprad, num_ingresso) VALUES ('Espetáculo de Ilusionismo', 2, '22/01 13:00', 55);
INSERT INTO Garantir_acesso (atracao, num_palco, horario, id_comprad, num_ingresso) VALUES ('Espetáculo de Ilusionismo', 2, '22/01 13:00', 56);
INSERT INTO Garantir_acesso (atracao, num_palco, horario, id_comprad, num_ingresso) VALUES ('Espetáculo de Ilusionismo', 2, '22/01 13:00', 57);
INSERT INTO Garantir_acesso (atracao, num_palco, horario, id_comprad, num_ingresso) VALUES ('Espetáculo de Ilusionismo', 2, '22/01 13:00', 58);
INSERT INTO Garantir_acesso (atracao, num_palco, horario, id_comprad, num_ingresso) VALUES ('Espetáculo de Ilusionismo', 2, '22/01 13:00', 59);
INSERT INTO Garantir_acesso (atracao, num_palco, horario, id_comprad, num_ingresso) VALUES ('Espetáculo de Ilusionismo', 2, '22/01 13:00', 60);
INSERT INTO Garantir_acesso (atracao, num_palco, horario, id_comprad, num_ingresso) VALUES ('Espetáculo de Ilusionismo', 2, '22/01 13:00', 61);
INSERT INTO Garantir_acesso (atracao, num_palco, horario, id_comprad, num_ingresso) VALUES ('Espetáculo de Ilusionismo', 2, '22/01 13:00', 62);
INSERT INTO Garantir_acesso (atracao, num_palco, horario, id_comprad, num_ingresso) VALUES ('Exposição de Arte', 1, '29/01 13:00', 63);
INSERT INTO Garantir_acesso (atracao, num_palco, horario, id_comprad, num_ingresso) VALUES ('Exposição de Arte', 1, '29/01 13:00', 64);
INSERT INTO Garantir_acesso (atracao, num_palco, horario, id_comprad, num_ingresso) VALUES ('Exposição de Arte', 1, '29/01 13:00', 65);
INSERT INTO Garantir_acesso (atracao, num_palco, horario, id_comprad, num_ingresso) VALUES ('Exposição de Arte', 1, '29/01 13:00', 66);
INSERT INTO Garantir_acesso (atracao, num_palco, horario, id_comprad, num_ingresso) VALUES ('Exposição de Arte', 1, '29/01 13:00', 67);
INSERT INTO Garantir_acesso (atracao, num_palco, horario, id_comprad, num_ingresso) VALUES ('Exposição de Arte', 1, '29/01 13:00', 68);
INSERT INTO Garantir_acesso (atracao, num_palco, horario, id_comprad, num_ingresso) VALUES ('Exposição de Arte', 1, '29/01 13:00', 69);
INSERT INTO Garantir_acesso (atracao, num_palco, horario, id_comprad, num_ingresso) VALUES ('Exposição de Arte', 1, '29/01 13:00', 70);
INSERT INTO Garantir_acesso (atracao, num_palco, horario, id_comprad, num_ingresso) VALUES ('Exposição de Arte', 1, '29/01 13:00', 71);
INSERT INTO Garantir_acesso (atracao, num_palco, horario, id_comprad, num_ingresso) VALUES ('Banda Rockstar', 3, '04/02 13:00', 72);
INSERT INTO Garantir_acesso (atracao, num_palco, horario, id_comprad, num_ingresso) VALUES ('Banda Rockstar', 3, '04/02 13:00', 73);
INSERT INTO Garantir_acesso (atracao, num_palco, horario, id_comprad, num_ingresso) VALUES ('Banda Rockstar', 3, '04/02 13:00', 74);
INSERT INTO Garantir_acesso (atracao, num_palco, horario, id_comprad, num_ingresso) VALUES ('Banda Rockstar', 3, '04/02 13:00', 75);
INSERT INTO Garantir_acesso (atracao, num_palco, horario, id_comprad, num_ingresso) VALUES ('Banda Rockstar', 3, '04/02 13:00', 76);
INSERT INTO Garantir_acesso (atracao, num_palco, horario, id_comprad, num_ingresso) VALUES ('Banda Rockstar', 3, '04/02 13:00', 77);
INSERT INTO Garantir_acesso (atracao, num_palco, horario, id_comprad, num_ingresso) VALUES ('Banda Rockstar', 3, '04/02 13:00', 78);
INSERT INTO Garantir_acesso (atracao, num_palco, horario, id_comprad, num_ingresso) VALUES ('Banda Rockstar', 3, '04/02 13:00', 79);
INSERT INTO Garantir_acesso (atracao, num_palco, horario, id_comprad, num_ingresso) VALUES ('Banda Rockstar', 3, '04/02 13:00', 80);
INSERT INTO Garantir_acesso (atracao, num_palco, horario, id_comprad, num_ingresso) VALUES ('Banda Revelações', 2, '05/02 3:00', 81);
INSERT INTO Garantir_acesso (atracao, num_palco, horario, id_comprad, num_ingresso) VALUES ('Banda Revelações', 2, '05/02 3:00', 82);
INSERT INTO Garantir_acesso (atracao, num_palco, horario, id_comprad, num_ingresso) VALUES ('Banda Revelações', 2, '05/02 3:00', 83);
INSERT INTO Garantir_acesso (atracao, num_palco, horario, id_comprad, num_ingresso) VALUES ('Banda Revelações', 2, '05/02 3:00', 84);
INSERT INTO Garantir_acesso (atracao, num_palco, horario, id_comprad, num_ingresso) VALUES ('Banda Revelações', 2, '05/02 3:00', 85);
INSERT INTO Garantir_acesso (atracao, num_palco, horario, id_comprad, num_ingresso) VALUES ('Banda Revelações', 2, '05/02 3:00', 86);
INSERT INTO Garantir_acesso (atracao, num_palco, horario, id_comprad, num_ingresso) VALUES ('Banda Revelações', 2, '05/02 3:00', 87);
INSERT INTO Garantir_acesso (atracao, num_palco, horario, id_comprad, num_ingresso) VALUES ('Banda Revelações', 2, '05/02 3:00', 88);
INSERT INTO Garantir_acesso (atracao, num_palco, horario, id_comprad, num_ingresso) VALUES ('Banda Revelações', 2, '05/02 3:00', 89);
INSERT INTO Garantir_acesso (atracao, num_palco, horario, id_comprad, num_ingresso) VALUES ('Stand-up Comedy', 5, '04/03 13:00', 90);
INSERT INTO Garantir_acesso (atracao, num_palco, horario, id_comprad, num_ingresso) VALUES ('Stand-up Comedy', 5, '04/03 13:00', 91);
INSERT INTO Garantir_acesso (atracao, num_palco, horario, id_comprad, num_ingresso) VALUES ('Stand-up Comedy', 5, '04/03 13:00', 92);
INSERT INTO Garantir_acesso (atracao, num_palco, horario, id_comprad, num_ingresso) VALUES ('Stand-up Comedy', 5, '04/03 13:00', 93);
INSERT INTO Garantir_acesso (atracao, num_palco, horario, id_comprad, num_ingresso) VALUES ('Stand-up Comedy', 5, '04/03 13:00', 94);
INSERT INTO Garantir_acesso (atracao, num_palco, horario, id_comprad, num_ingresso) VALUES ('Stand-up Comedy', 5, '04/03 13:00', 95);
INSERT INTO Garantir_acesso (atracao, num_palco, horario, id_comprad, num_ingresso) VALUES ('Stand-up Comedy', 5, '04/03 13:00', 96);
INSERT INTO Garantir_acesso (atracao, num_palco, horario, id_comprad, num_ingresso) VALUES ('Stand-up Comedy', 5, '04/03 13:00', 97);
INSERT INTO Garantir_acesso (atracao, num_palco, horario, id_comprad, num_ingresso) VALUES ('Stand-up Comedy', 5, '04/03 13:00', 98);