-- POVOANDO ENDERECOS
INSERT INTO Endereco (cep, rua, cidade, pais, estado) VALUES ('54321-876', 'Avenida Principal', 'Avenida Principal', 'Brasil');
INSERT INTO Endereco (cep, rua, cidade, pais, estado) VALUES ('12345-678', 'Avenida das Flores', 'Avenida das Flores', 'Brasil');
INSERT INTO Endereco (cep, rua, cidade, pais, estado) VALUES ('98765-432', 'Rua dos Pássaros', 'Rua dos Pássaros', 'Brasil');
INSERT INTO Endereco (cep, rua, cidade, pais, estado) VALUES ('23456-789', 'Alameda das Palmeiras', 'Alameda das Palmeiras', 'Brasil');
INSERT INTO Endereco (cep, rua, cidade, pais, estado) VALUES ('87654-321', 'Praça Central', 'Praça Central', 'Brasil');
INSERT INTO Endereco (cep, rua, cidade, pais, estado) VALUES ('54321-098', 'Rua da Esperança', 'Rua da Esperança', 'Brasil');
INSERT INTO Endereco (cep, rua, cidade, pais, estado) VALUES ('12345-567', 'Avenida da Liberdade', 'Avenida da Liberdade', 'Brasil');
INSERT INTO Endereco (cep, rua, cidade, pais, estado) VALUES ('98765-456', 'Rua dos Girassóis', 'Rua dos Girassóis', 'Brasil');
INSERT INTO Endereco (cep, rua, cidade, pais, estado) VALUES ('23456-654', 'Praça das Águas', 'Praça das Águas', 'Brasil');
INSERT INTO Endereco (cep, rua, cidade, pais, estado) VALUES ('87654-890', 'Rua do Mar', 'Rua do Mar', 'Brasil');
INSERT INTO Endereco (cep, rua, cidade, pais, estado) VALUES ('54321-234', 'Avenida das Montanhas', 'Avenida das Montanhas', 'Brasil');
INSERT INTO Endereco (cep, rua, cidade, pais, estado) VALUES ('12345-789', 'Alameda dos Ipês', 'Alameda dos Ipês', 'Brasil');
INSERT INTO Endereco (cep, rua, cidade, pais, estado) VALUES ('98765-890', 'Rua das Estrelas', 'Rua das Estrelas', 'Brasil');
INSERT INTO Endereco (cep, rua, cidade, pais, estado) VALUES ('23456-123', 'Praça do Sol', 'Praça do Sol', 'Brasil');
INSERT INTO Endereco (cep, rua, cidade, pais, estado) VALUES ('87654-567', 'Rua das Ondas', 'Rua das Ondas', 'Brasil');
INSERT INTO Endereco (cep, rua, cidade, pais, estado) VALUES ('54321-678', 'Avenida das Gaivotas', 'Avenida das Gaivotas', 'Brasil');
INSERT INTO Endereco (cep, rua, cidade, pais, estado) VALUES ('12345-321', 'Alameda dos Coqueiros', 'Alameda dos Coqueiros', 'Brasil');
INSERT INTO Endereco (cep, rua, cidade, pais, estado) VALUES ('98765-567', 'Rua das Nuvens', 'Rua das Nuvens', 'Brasil');
INSERT INTO Endereco (cep, rua, cidade, pais, estado) VALUES ('23456-890', 'Praça das Laranjeiras', 'Praça das Laranjeiras', 'Brasil');
INSERT INTO Endereco (cep, rua, cidade, pais, estado) VALUES ('87654-234', 'Rua dos Ventos', 'Rua dos Ventos', 'Brasil');
INSERT INTO Endereco (cep, rua, cidade, pais, estado) VALUES ('54321-789', 'Avenida das Árvores', 'Avenida das Árvores', 'Brasil');
INSERT INTO Endereco (cep, rua, cidade, pais, estado) VALUES ('12345-456', 'Alameda do Lago', 'Alameda do Lago', 'Brasil');
INSERT INTO Endereco (cep, rua, cidade, pais, estado) VALUES ('98765-123', 'Rua das Cachoeiras', 'Rua das Cachoeiras', 'Brasil');
INSERT INTO Endereco (cep, rua, cidade, pais, estado) VALUES ('23456-678', 'Praça do Largo', 'Praça do Largo', 'Brasil');
INSERT INTO Endereco (cep, rua, cidade, pais, estado) VALUES ('87654-321', 'Rua do Bosque', 'Rua do Bosque', 'Brasil');
INSERT INTO Endereco (cep, rua, cidade, pais, estado) VALUES ('54321-098', 'Avenida das Praias', 'Avenida das Praias', 'Brasil');
INSERT INTO Endereco (cep, rua, cidade, pais, estado) VALUES ('12345-567', 'Alameda das Dunas', 'Alameda das Dunas', 'Brasil');
INSERT INTO Endereco (cep, rua, cidade, pais, estado) VALUES ('98765-890', 'Rua do Rio', 'Rua do Rio', 'Brasil');
INSERT INTO Endereco (cep, rua, cidade, pais, estado) VALUES ('23456-123', 'Praça do Cais', 'Praça do Cais', 'Brasil');
INSERT INTO Endereco (cep, rua, cidade, pais, estado) VALUES ('87654-567', 'Rua das Pedras', 'Rua das Pedras', 'Brasil');
INSERT INTO Endereco (cep, rua, cidade, pais, estado) VALUES ('54321-678', 'Avenida das Montanhas', 'Avenida das Montanhas', 'Brasil');
INSERT INTO Endereco (cep, rua, cidade, pais, estado) VALUES ('12345-321', 'Alameda dos Pássaros', 'Alameda dos Pássaros', 'Brasil');
INSERT INTO Endereco (cep, rua, cidade, pais, estado) VALUES ('98765-567', 'Rua do Maracanã', 'Rua do Maracanã', 'Brasil');
INSERT INTO Endereco (cep, rua, cidade, pais, estado) VALUES ('23456-890', 'Praça da Sé', 'Praça da Sé', 'Brasil');
INSERT INTO Endereco (cep, rua, cidade, pais, estado) VALUES ('87654-234', 'Rua dos Pinheiros', 'Rua dos Pinheiros', 'Brasil');
INSERT INTO Endereco (cep, rua, cidade, pais, estado) VALUES ('54321-789', 'Avenida das Flores', 'Avenida das Flores', 'Brasil');
INSERT INTO Endereco (cep, rua, cidade, pais, estado) VALUES ('12345-456', 'Alameda das Águas', 'Alameda das Águas', 'Brasil');
INSERT INTO Endereco (cep, rua, cidade, pais, estado) VALUES ('98765-123', 'Rua das Praias', 'Rua das Praias', 'Brasil');
INSERT INTO Endereco (cep, rua, cidade, pais, estado) VALUES ('23456-678', 'Praça das Montanhas', 'Praça das Montanhas', 'Brasil');
INSERT INTO Endereco (cep, rua, cidade, pais, estado) VALUES ('87654-321', 'Rua dos Coqueiros', 'Rua dos Coqueiros', 'Brasil');
INSERT INTO Endereco (cep, rua, cidade, pais, estado) VALUES ('54321-098', 'Avenida das Estrelas', 'Avenida das Estrelas', 'Brasil');
INSERT INTO Endereco (cep, rua, cidade, pais, estado) VALUES ('12345-567', 'Alameda das Nuvens', 'Alameda das Nuvens', 'Brasil');
INSERT INTO Endereco (cep, rua, cidade, pais, estado) VALUES ('98765-890', 'Rua das Gaivotas', 'Rua das Gaivotas', 'Brasil');
INSERT INTO Endereco (cep, rua, cidade, pais, estado) VALUES ('23456-123', 'Praça do Sol', 'Praça do Sol', 'Brasil');
INSERT INTO Endereco (cep, rua, cidade, pais, estado) VALUES ('87654-567', 'Rua dos Girassóis', 'Rua dos Girassóis', 'Brasil');
INSERT INTO Endereco (cep, rua, cidade, pais, estado) VALUES ('54321-678', 'Avenida das Montanhas', 'Avenida das Montanhas', 'Brasil');
INSERT INTO Endereco (cep, rua, cidade, pais, estado) VALUES ('12345-321', 'Alameda dos Ipês', 'Alameda dos Ipês', 'Brasil');
INSERT INTO Endereco (cep, rua, cidade, pais, estado) VALUES ('98765-567', 'Rua das Laranjeiras', 'Rua das Laranjeiras', 'Brasil');
INSERT INTO Endereco (cep, rua, cidade, pais, estado) VALUES ('23456-890', 'Praça do Largo', 'Praça do Largo', 'Brasil');
INSERT INTO Endereco (cep, rua, cidade, pais, estado) VALUES ('87654-234', 'Rua do Bosque', 'Rua do Bosque', 'Brasil');
INSERT INTO Endereco (cep, rua, cidade, pais, estado) VALUES ('54321-789', 'Avenida das Árvores', 'Avenida das Árvores', 'Brasil');
INSERT INTO Endereco (cep, rua, cidade, pais, estado) VALUES ('12345-456', 'Alameda do Lago', 'Alameda do Lago', 'Brasil');
INSERT INTO Endereco (cep, rua, cidade, pais, estado) VALUES ('98765-123', 'Rua das Praias', 'Rua das Praias', 'Brasil');
INSERT INTO Endereco (cep, rua, cidade, pais, estado) VALUES ('23456-678', 'Praça do Cais', 'Praça do Cais', 'Brasil');
INSERT INTO Endereco (cep, rua, cidade, pais, estado) VALUES ('87654-321', 'Rua dos Ventos', 'Rua dos Ventos', 'Brasil');
INSERT INTO Endereco (cep, rua, cidade, pais, estado) VALUES ('54321-098', 'Avenida das Praias', 'Avenida das Praias', 'Brasil');
INSERT INTO Endereco (cep, rua, cidade, pais, estado) VALUES ('12345-567', 'Alameda das Dunas', 'Alameda das Dunas', 'Brasil');
INSERT INTO Endereco (cep, rua, cidade, pais, estado) VALUES ('98765-890', 'Rua do Rio', 'Rua do Rio', 'Brasil');
INSERT INTO Endereco (cep, rua, cidade, pais, estado) VALUES ('23456-123', 'Praça do Largo', 'Praça do Largo', 'Brasil');
INSERT INTO Endereco (cep, rua, cidade, pais, estado) VALUES ('87654-567', 'Rua das Pedras', 'Rua das Pedras', 'Brasil');
INSERT INTO Endereco (cep, rua, cidade, pais, estado) VALUES ('54321-678', 'Avenida das Montanhas', 'Avenida das Montanhas', 'Brasil');
INSERT INTO Endereco (cep, rua, cidade, pais, estado) VALUES ('12345-321', 'Alameda dos Pássaros', 'Alameda dos Pássaros', 'Brasil');
INSERT INTO Endereco (cep, rua, cidade, pais, estado) VALUES ('98765-567', 'Rua do Maracanã', 'Rua do Maracanã', 'Brasil');
INSERT INTO Endereco (cep, rua, cidade, pais, estado) VALUES ('23456-890', 'Praça da Sé', 'Praça da Sé', 'Brasil');
INSERT INTO Endereco (cep, rua, cidade, pais, estado) VALUES ('87654-234', 'Rua dos Pinheiros', 'Rua dos Pinheiros', 'Brasil');
INSERT INTO Endereco (cep, rua, cidade, pais, estado) VALUES ('54321-789', 'Avenida das Flores', 'Avenida das Flores', 'Brasil');
INSERT INTO Endereco (cep, rua, cidade, pais, estado) VALUES ('12345-456', 'Alameda das Águas', 'Alameda das Águas', 'Brasil');
INSERT INTO Endereco (cep, rua, cidade, pais, estado) VALUES ('98765-123', 'Rua das Praias', 'Rua das Praias', 'Brasil');
INSERT INTO Endereco (cep, rua, cidade, pais, estado) VALUES ('23456-678', 'Praça das Montanhas', 'Praça das Montanhas', 'Brasil');
INSERT INTO Endereco (cep, rua, cidade, pais, estado) VALUES ('87654-321', 'Rua dos Coqueiros', 'Rua dos Coqueiros', 'Brasil');
INSERT INTO Endereco (cep, rua, cidade, pais, estado) VALUES ('54321-098', 'Avenida das Estrelas', 'Avenida das Estrelas', 'Brasil');
INSERT INTO Endereco (cep, rua, cidade, pais, estado) VALUES ('12345-567', 'Alameda das Nuvens', 'Alameda das Nuvens', 'Brasil');
INSERT INTO Endereco (cep, rua, cidade, pais, estado) VALUES ('98765-890', 'Rua das Gaivotas', 'Rua das Gaivotas', 'Brasil');
INSERT INTO Endereco (cep, rua, cidade, pais, estado) VALUES ('23456-123', 'Praça do Sol', 'Praça do Sol', 'Brasil');
INSERT INTO Endereco (cep, rua, cidade, pais, estado) VALUES ('87654-567', 'Rua dos Girassóis', 'Rua dos Girassóis', 'Brasil');
INSERT INTO Endereco (cep, rua, cidade, pais, estado) VALUES ('54321-678', 'Avenida das Montanhas', 'Avenida das Montanhas', 'Brasil');
INSERT INTO Endereco (cep, rua, cidade, pais, estado) VALUES ('12345-321', 'Alameda dos Ipês', 'Alameda dos Ipês', 'Brasil');
INSERT INTO Endereco (cep, rua, cidade, pais, estado) VALUES ('98765-567', 'Rua das Laranjeiras', 'Rua das Laranjeiras', 'Brasil');
INSERT INTO Endereco (cep, rua, cidade, pais, estado) VALUES ('23456-890', 'Praça do Largo', 'Praça do Largo', 'Brasil');
INSERT INTO Endereco (cep, rua, cidade, pais, estado) VALUES ('87654-234', 'Rua do Bosque', 'Rua do Bosque', 'Brasil');
INSERT INTO Endereco (cep, rua, cidade, pais, estado) VALUES ('54321-789', 'Avenida das Árvores', 'Avenida das Árvores', 'Brasil');
INSERT INTO Endereco (cep, rua, cidade, pais, estado) VALUES ('12345-456', 'Alameda do Lago', 'Alameda do Lago', 'Brasil');
INSERT INTO Endereco (cep, rua, cidade, pais, estado) VALUES ('98765-123', 'Rua das Praias', 'Rua das Praias', 'Brasil');
INSERT INTO Endereco (cep, rua, cidade, pais, estado) VALUES ('23456-678', 'Praça das Montanhas', 'Praça das Montanhas', 'Brasil');
INSERT INTO Endereco (cep, rua, cidade, pais, estado) VALUES ('87654-321', 'Rua dos Coqueiros', 'Rua dos Coqueiros', 'Brasil');
INSERT INTO Endereco (cep, rua, cidade, pais, estado) VALUES ('54321-098', 'Avenida das Estrelas', 'Avenida das Estrelas', 'Brasil');
INSERT INTO Endereco (cep, rua, cidade, pais, estado) VALUES ('12345-567', 'Alameda das Nuvens', 'Alameda das Nuvens', 'Brasil');
INSERT INTO Endereco (cep, rua, cidade, pais, estado) VALUES ('98765-890', 'Rua das Gaivotas', 'Rua das Gaivotas', 'Brasil');
INSERT INTO Endereco (cep, rua, cidade, pais, estado) VALUES ('23456-123', 'Praça do Sol', 'Praça do Sol', 'Brasil');
INSERT INTO Endereco (cep, rua, cidade, pais, estado) VALUES ('87654-567', 'Rua dos Girassóis', 'Rua dos Girassóis', 'Brasil');
INSERT INTO Endereco (cep, rua, cidade, pais, estado) VALUES ('54321-678', 'Avenida das Montanhas', 'Avenida das Montanhas', 'Brasil');
INSERT INTO Endereco (cep, rua, cidade, pais, estado) VALUES ('12345-321', 'Alameda dos Ipês', 'Alameda dos Ipês', 'Brasil');
INSERT INTO Endereco (cep, rua, cidade, pais, estado) VALUES ('98765-567', 'Rua das Laranjeiras', 'Rua das Laranjeiras', 'Brasil');
INSERT INTO Endereco (cep, rua, cidade, pais, estado) VALUES ('23456-890', 'Praça do Largo', 'Praça do Largo', 'Brasil');
INSERT INTO Endereco (cep, rua, cidade, pais, estado) VALUES ('87654-234', 'Rua do Bosque', 'Rua do Bosque', 'Brasil');
INSERT INTO Endereco (cep, rua, cidade, pais, estado) VALUES ('54321-789', 'Avenida das Árvores', 'Avenida das Árvores', 'Brasil');
INSERT INTO Endereco (cep, rua, cidade, pais, estado) VALUES ('12345-456', 'Alameda do Lago', 'Alameda do Lago', 'Brasil');
INSERT INTO Endereco (cep, rua, cidade, pais, estado) VALUES ('98765-123', 'Rua das Praias', 'Rua das Praias', 'Brasil');
INSERT INTO Endereco (cep, rua, cidade, pais, estado) VALUES ('23456-678', 'Praça das Montanhas', 'Praça das Montanhas', 'Brasil');
INSERT INTO Endereco (cep, rua, cidade, pais, estado) VALUES ('87654-321', 'Rua dos Coqueiros', 'Rua dos Coqueiros', 'Brasil');
INSERT INTO Endereco (cep, rua, cidade, pais, estado) VALUES ('54321-098', 'Avenida das Estrelas', 'Avenida das Estrelas', 'Brasil');
INSERT INTO Endereco (cep, rua, cidade, pais, estado) VALUES ('12345-567', 'Alameda das Nuvens', 'Alameda das Nuvens', 'Brasil');
INSERT INTO Endereco (cep, rua, cidade, pais, estado) VALUES ('98765-890', 'Rua das Gaivotas', 'Rua das Gaivotas', 'Brasil');
INSERT INTO Endereco (cep, rua, cidade, pais, estado) VALUES ('23456-123', 'Praça do Sol', 'Praça do Sol', 'Brasil');
INSERT INTO Endereco (cep, rua, cidade, pais, estado) VALUES ('87654-567', 'Rua dos Girassóis', 'Rua dos Girassóis', 'Brasil');
INSERT INTO Endereco (cep, rua, cidade, pais, estado) VALUES ('54321-678', 'Avenida das Montanhas', 'Avenida das Montanhas', 'Brasil');
INSERT INTO Endereco (cep, rua, cidade, pais, estado) VALUES ('12345-321', 'Alameda dos Ipês', 'Alameda dos Ipês', 'Brasil');
INSERT INTO Endereco (cep, rua, cidade, pais, estado) VALUES ('98765-567', 'Rua das Laranjeiras', 'Rua das Laranjeiras', 'Brasil');
INSERT INTO Endereco (cep, rua, cidade, pais, estado) VALUES ('23456-890', 'Praça do Largo', 'Praça do Largo', 'Brasil');
INSERT INTO Endereco (cep, rua, cidade, pais, estado) VALUES ('87654-234', 'Rua do Bosque', 'Rua do Bosque', 'Brasil');
INSERT INTO Endereco (cep, rua, cidade, pais, estado) VALUES ('54321-789', 'Avenida das Árvores', 'Avenida das Árvores', 'Brasil');
INSERT INTO Endereco (cep, rua, cidade, pais, estado) VALUES ('12345-456', 'Alameda do Lago', 'Alameda do Lago', 'Brasil');
INSERT INTO Endereco (cep, rua, cidade, pais, estado) VALUES ('98765-123', 'Rua das Praias', 'Rua das Praias', 'Brasil');
INSERT INTO Endereco (cep, rua, cidade, pais, estado) VALUES ('23456-678', 'Praça das Montanhas', 'Praça das Montanhas', 'Brasil');
INSERT INTO Endereco (cep, rua, cidade, pais, estado) VALUES ('87654-321', 'Rua dos Coqueiros', 'Rua dos Coqueiros', 'Brasil');
INSERT INTO Endereco (cep, rua, cidade, pais, estado) VALUES ('54321-098', 'Avenida das Estrelas', 'Avenida das Estrelas', 'Brasil');
INSERT INTO Endereco (cep, rua, cidade, pais, estado) VALUES ('12345-567', 'Alameda das Nuvens', 'Alameda das Nuvens', 'Brasil');
INSERT INTO Endereco (cep, rua, cidade, pais, estado) VALUES ('98765-890', 'Rua das Gaivotas', 'Rua das Gaivotas', 'Brasil');
INSERT INTO Endereco (cep, rua, cidade, pais, estado) VALUES ('23456-123', 'Praça do Sol', 'Praça do Sol', 'Brasil');
INSERT INTO Endereco (cep, rua, cidade, pais, estado) VALUES ('87654-567', 'Rua dos Girassóis', 'Rua dos Girassóis', 'Brasil');
INSERT INTO Endereco (cep, rua, cidade, pais, estado) VALUES ('54321-678', 'Avenida das Montanhas', 'Avenida das Montanhas', 'Brasil');
INSERT INTO Endereco (cep, rua, cidade, pais, estado) VALUES ('12345-321', 'Alameda dos Ipês', 'Alameda dos Ipês', 'Brasil');
INSERT INTO Endereco (cep, rua, cidade, pais, estado) VALUES ('98765-567', 'Rua das Laranjeiras', 'Rua das Laranjeiras', 'Brasil');
INSERT INTO Endereco (cep, rua, cidade, pais, estado) VALUES ('23456-890', 'Praça do Largo', 'Praça do Largo', 'Brasil');
INSERT INTO Endereco (cep, rua, cidade, pais, estado) VALUES ('87654-234', 'Rua do Bosque', 'Rua do Bosque', 'Brasil');
INSERT INTO Endereco (cep, rua, cidade, pais, estado) VALUES ('54321-789', 'Avenida das Árvores', 'Avenida das Árvores', 'Brasil');
INSERT INTO Endereco (cep, rua, cidade, pais, estado) VALUES ('12345-456', 'Alameda do Lago', 'Alameda do Lago', 'Brasil');
INSERT INTO Endereco (cep, rua, cidade, pais, estado) VALUES ('98765-123', 'Rua das Praias', 'Rua das Praias', 'Brasil');
INSERT INTO Endereco (cep, rua, cidade, pais, estado) VALUES ('23456-678', 'Praça das Montanhas', 'Praça das Montanhas', 'Brasil');
INSERT INTO Endereco (cep, rua, cidade, pais, estado) VALUES ('87654-321', 'Rua dos Coqueiros', 'Rua dos Coqueiros', 'Brasil');
INSERT INTO Endereco (cep, rua, cidade, pais, estado) VALUES ('54321-098', 'Avenida das Estrelas', 'Avenida das Estrelas', 'Brasil');
INSERT INTO Endereco (cep, rua, cidade, pais, estado) VALUES ('12345-567', 'Alameda das Nuvens', 'Alameda das Nuvens', 'Brasil');
INSERT INTO Endereco (cep, rua, cidade, pais, estado) VALUES ('98765-890', 'Rua das Gaivotas', 'Rua das Gaivotas', 'Brasil');
INSERT INTO Endereco (cep, rua, cidade, pais, estado) VALUES ('23456-123', 'Praça do Sol', 'Praça do Sol', 'Brasil');
INSERT INTO Endereco (cep, rua, cidade, pais, estado) VALUES ('87654-567', 'Rua dos Girassóis', 'Rua dos Girassóis', 'Brasil');
INSERT INTO Endereco (cep, rua, cidade, pais, estado) VALUES ('54321-678', 'Avenida das Montanhas', 'Avenida das Montanhas', 'Brasil');
INSERT INTO Endereco (cep, rua, cidade, pais, estado) VALUES ('12345-321', 'Alameda dos Ipês', 'Alameda dos Ipês', 'Brasil');
INSERT INTO Endereco (cep, rua, cidade, pais, estado) VALUES ('98765-567', 'Rua das Laranjeiras', 'Rua das Laranjeiras', 'Brasil');
INSERT INTO Endereco (cep, rua, cidade, pais, estado) VALUES ('23456-890', 'Praça do Largo', 'Praça do Largo', 'Brasil');
INSERT INTO Endereco (cep, rua, cidade, pais, estado) VALUES ('87654-234', 'Rua do Bosque', 'Rua do Bosque', 'Brasil');
INSERT INTO Endereco (cep, rua, cidade, pais, estado) VALUES ('54321-789', 'Avenida das Árvores', 'Avenida das Árvores', 'Brasil');
INSERT INTO Endereco (cep, rua, cidade, pais, estado) VALUES ('12345-456', 'Alameda do Lago', 'Alameda do Lago', 'Brasil');
INSERT INTO Endereco (cep, rua, cidade, pais, estado) VALUES ('98765-123', 'Rua das Praias', 'Rua das Praias', 'Brasil');
INSERT INTO Endereco (cep, rua, cidade, pais, estado) VALUES ('23456-678', 'Praça das Montanhas', 'Praça das Montanhas', 'Brasil');
INSERT INTO Endereco (cep, rua, cidade, pais, estado) VALUES ('87654-321', 'Rua dos Coqueiros', 'Rua dos Coqueiros', 'Brasil');
INSERT INTO Endereco (cep, rua, cidade, pais, estado) VALUES ('54321-098', 'Avenida das Estrelas', 'Avenida das Estrelas', 'Brasil');
INSERT INTO Endereco (cep, rua, cidade, pais, estado) VALUES ('12345-567', 'Alameda das Nuvens', 'Alameda das Nuvens', 'Brasil');
INSERT INTO Endereco (cep, rua, cidade, pais, estado) VALUES ('98765-890', 'Rua das Gaivotas', 'Rua das Gaivotas', 'Brasil');
INSERT INTO Endereco (cep, rua, cidade, pais, estado) VALUES ('23456-123', 'Praça do Sol', 'Praça do Sol', 'Brasil');
INSERT INTO Endereco (cep, rua, cidade, pais, estado) VALUES ('87654-567', 'Rua dos Girassóis', 'Rua dos Girassóis', 'Brasil');

-- POVOANDO PESSOAS
INSERT INTO Pessoa (cpf, nome, cep, numero, comp) VALUES ('30199388385', 'Ricardo Almeida', '54321-876', 355, 'casa');
INSERT INTO Pessoa (cpf, nome, cep, numero, comp) VALUES ('47427712610', 'Carla Pereira', '12345-678', 200, 'casa');
INSERT INTO Pessoa (cpf, nome, cep, numero, comp) VALUES ('29599507565', 'Roberto Mendes', '98765-432', 466, 'casa');
INSERT INTO Pessoa (cpf, nome, cep, numero, comp) VALUES ('57628148722', 'Beatriz Ferreira', '23456-789', 330, 'casa');
INSERT INTO Pessoa (cpf, nome, cep, numero, comp) VALUES ('12812080044', 'Lucas Ribeiro', '87654-321', 435, 'casa');
INSERT INTO Pessoa (cpf, nome, cep, numero, comp) VALUES ('64295837740', 'Isabela Rodrigues', '54321-098', 79, 'casa');
INSERT INTO Pessoa (cpf, nome, cep, numero, comp) VALUES ('65134974386', 'Silvio Barros', '12345-567', 308, 'casa');
INSERT INTO Pessoa (cpf, nome, cep, numero, comp) VALUES ('49071844654', 'Carolina Soares', '98765-456', 146, 'casa');
INSERT INTO Pessoa (cpf, nome, cep, numero, comp) VALUES ('56167488077', 'Gustavo Teixeira', '23456-654', 436, 'casa');
INSERT INTO Pessoa (cpf, nome, cep, numero, comp) VALUES ('38336868424', 'Julia Alves', '87654-890', 321, 'casa');
INSERT INTO Pessoa (cpf, nome, cep, numero, comp) VALUES ('58162796706', 'Alexandre Costa', '54321-234', 86, 'casa');
INSERT INTO Pessoa (cpf, nome, cep, numero, comp) VALUES ('74758815612', 'Priscila Machado', '12345-789', 467, 'casa');
INSERT INTO Pessoa (cpf, nome, cep, numero, comp) VALUES ('56122432090', 'Fernando Gomes', '98765-890', 371, 'casa');
INSERT INTO Pessoa (cpf, nome, cep, numero, comp) VALUES ('12247919297', 'Elaine Martins', '23456-123', 202, 'casa');
INSERT INTO Pessoa (cpf, nome, cep, numero, comp) VALUES ('17490321338', 'Gabriel Lima', '87654-567', 427, 'casa');
INSERT INTO Pessoa (cpf, nome, cep, numero, comp) VALUES ('29700737817', 'Sofia Ferreira', '54321-678', 28, 'casa');
INSERT INTO Pessoa (cpf, nome, cep, numero, comp) VALUES ('27612094332', 'Hugo Pereira', '12345-321', 89, 'casa');
INSERT INTO Pessoa (cpf, nome, cep, numero, comp) VALUES ('40117047008', 'Isadora Silva', '98765-567', 231, 'casa');
INSERT INTO Pessoa (cpf, nome, cep, numero, comp) VALUES ('52416538966', 'Guilherme Santos', '23456-890', 382, 'casa');
INSERT INTO Pessoa (cpf, nome, cep, numero, comp) VALUES ('42657296455', 'Bruna Oliveira', '87654-234', 80, 'casa');
INSERT INTO Pessoa (cpf, nome, cep, numero, comp) VALUES ('71122532810', 'Giovanni Ribeiro', '54321-789', 32, 'casa');
INSERT INTO Pessoa (cpf, nome, cep, numero, comp) VALUES ('43560681056', 'Sara Almeida', '12345-456', 394, 'casa');
INSERT INTO Pessoa (cpf, nome, cep, numero, comp) VALUES ('80905097415', 'Mateus Rodrigues', '98765-123', 226, 'casa');
INSERT INTO Pessoa (cpf, nome, cep, numero, comp) VALUES ('14059155304', 'Eloá Barros', '23456-678', 58, 'casa');
INSERT INTO Pessoa (cpf, nome, cep, numero, comp) VALUES ('19253087598', 'Daniel Soares', '87654-321', 407, 'casa');
INSERT INTO Pessoa (cpf, nome, cep, numero, comp) VALUES ('37401423730', 'Carla Teixeira', '54321-098', 142, 'casa');
INSERT INTO Pessoa (cpf, nome, cep, numero, comp) VALUES ('32759444139', 'João Alves', '12345-567', 464, 'casa');
INSERT INTO Pessoa (cpf, nome, cep, numero, comp) VALUES ('14649378973', 'Júlia Costa', '98765-890', 279, 'casa');
INSERT INTO Pessoa (cpf, nome, cep, numero, comp) VALUES ('58000327447', 'Diego Martins', '23456-123', 160, 'casa');
INSERT INTO Pessoa (cpf, nome, cep, numero, comp) VALUES ('48240968479', 'Isabela Machado', '87654-567', 66, 'casa');
INSERT INTO Pessoa (cpf, nome, cep, numero, comp) VALUES ('78335091139', 'Gabriel Gomes', '54321-678', 91, 'casa');
INSERT INTO Pessoa (cpf, nome, cep, numero, comp) VALUES ('70546768636', 'Sofia Martins', '12345-321', 308, 'casa');
INSERT INTO Pessoa (cpf, nome, cep, numero, comp) VALUES ('22404928750', 'Henrique Lima', '98765-567', 294, 'casa');
INSERT INTO Pessoa (cpf, nome, cep, numero, comp) VALUES ('70308341124', 'Ana Ferreira', '23456-890', 147, 'casa');
INSERT INTO Pessoa (cpf, nome, cep, numero, comp) VALUES ('25989990251', 'Arthur Pereira', '87654-234', 57, 'casa');
INSERT INTO Pessoa (cpf, nome, cep, numero, comp) VALUES ('75366156457', 'Alice Silva', '54321-789', 266, 'casa');
INSERT INTO Pessoa (cpf, nome, cep, numero, comp) VALUES ('69025221605', 'Eduardo Santos', '12345-456', 271, 'casa');
INSERT INTO Pessoa (cpf, nome, cep, numero, comp) VALUES ('54301553913', 'Manuela Oliveira', '98765-123', 246, 'casa');
INSERT INTO Pessoa (cpf, nome, cep, numero, comp) VALUES ('66952515360', 'Paulo Ribeiro', '23456-678', 429, 'casa');
INSERT INTO Pessoa (cpf, nome, cep, numero, comp) VALUES ('20274888371', 'Letícia Almeida', '87654-321', 18, 'casa');
INSERT INTO Pessoa (cpf, nome, cep, numero, comp) VALUES ('38335808648', 'Pedro Rodrigues', '54321-098', 418, 'casa');
INSERT INTO Pessoa (cpf, nome, cep, numero, comp) VALUES ('96591124058', 'Maria Barros', '12345-567', 326, 'casa');
INSERT INTO Pessoa (cpf, nome, cep, numero, comp) VALUES ('74577588172', 'Felipe Soares', '98765-890', 493, 'casa');
INSERT INTO Pessoa (cpf, nome, cep, numero, comp) VALUES ('28421344502', 'Larissa Teixeira', '23456-123', 173, 'casa');
INSERT INTO Pessoa (cpf, nome, cep, numero, comp) VALUES ('98596987343', 'Marcos Alves', '87654-567', 391, 'casa');
INSERT INTO Pessoa (cpf, nome, cep, numero, comp) VALUES ('68116821185', 'Marina Costa', '54321-678', 54, 'casa');
INSERT INTO Pessoa (cpf, nome, cep, numero, comp) VALUES ('46064949648', 'Fernando Martins', '12345-321', 132, 'casa');
INSERT INTO Pessoa (cpf, nome, cep, numero, comp) VALUES ('81040473720', 'Sophia Machado', '98765-567', 106, 'casa');
INSERT INTO Pessoa (cpf, nome, cep, numero, comp) VALUES ('59000464227', 'Lucas Gomes', '23456-890', 421, 'casa');
INSERT INTO Pessoa (cpf, nome, cep, numero, comp) VALUES ('34584407779', 'Bruna Martins', '87654-234', 297, 'casa');
INSERT INTO Pessoa (cpf, nome, cep, numero, comp) VALUES ('28629680688', 'Gustavo Lima', '54321-789', 265, 'casa');
INSERT INTO Pessoa (cpf, nome, cep, numero, comp) VALUES ('18723001906', 'Mariana Ferreira', '12345-456', 196, 'casa');
INSERT INTO Pessoa (cpf, nome, cep, numero, comp) VALUES ('23969104695', 'Luan Pereira', '98765-123', 296, 'casa');
INSERT INTO Pessoa (cpf, nome, cep, numero, comp) VALUES ('52156994899', 'Lorena Silva', '23456-678', 347, 'casa');
INSERT INTO Pessoa (cpf, nome, cep, numero, comp) VALUES ('18843477859', 'Henrique Santos', '87654-321', 304, 'casa');
INSERT INTO Pessoa (cpf, nome, cep, numero, comp) VALUES ('42829067599', 'Juliana Oliveira', '54321-098', 16, 'casa');
INSERT INTO Pessoa (cpf, nome, cep, numero, comp) VALUES ('42373211369', 'André Ribeiro', '12345-567', 474, 'casa');
INSERT INTO Pessoa (cpf, nome, cep, numero, comp) VALUES ('85736048930', 'Isabela Almeida', '98765-890', 205, 'casa');
INSERT INTO Pessoa (cpf, nome, cep, numero, comp) VALUES ('43406326054', 'Guilherme Rodrigues', '23456-123', 486, 'casa');
INSERT INTO Pessoa (cpf, nome, cep, numero, comp) VALUES ('78833704759', 'Melissa Barros', '87654-567', 190, 'casa');
INSERT INTO Pessoa (cpf, nome, cep, numero, comp) VALUES ('75123135279', 'Matheus Soares', '54321-678', 30, 'casa');
INSERT INTO Pessoa (cpf, nome, cep, numero, comp) VALUES ('60139985343', 'Manuela Teixeira', '12345-321', 61, 'casa');
INSERT INTO Pessoa (cpf, nome, cep, numero, comp) VALUES ('81961611946', 'Nicolas Alves', '98765-567', 11, 'casa');
INSERT INTO Pessoa (cpf, nome, cep, numero, comp) VALUES ('15510735175', 'Beatriz Costa', '23456-890', 287, 'casa');
INSERT INTO Pessoa (cpf, nome, cep, numero, comp) VALUES ('12107757211', 'Daniel Martins', '87654-234', 359, 'casa');
INSERT INTO Pessoa (cpf, nome, cep, numero, comp) VALUES ('18013645667', 'Sofia Machado', '54321-789', 261, 'casa');
INSERT INTO Pessoa (cpf, nome, cep, numero, comp) VALUES ('27733831081', 'Henrique Gomes', '12345-456', 263, 'casa');
INSERT INTO Pessoa (cpf, nome, cep, numero, comp) VALUES ('31293248577', 'Valentina Lima', '98765-123', 432, 'casa');
INSERT INTO Pessoa (cpf, nome, cep, numero, comp) VALUES ('84770625781', 'Lucas Ferreira', '23456-678', 436, 'casa');
INSERT INTO Pessoa (cpf, nome, cep, numero, comp) VALUES ('32139874646', 'Ana Pereira', '87654-321', 384, 'casa');
INSERT INTO Pessoa (cpf, nome, cep, numero, comp) VALUES ('59746510270', 'Lucas Silva', '54321-098', 449, 'casa');
INSERT INTO Pessoa (cpf, nome, cep, numero, comp) VALUES ('51893041336', 'Gabriela Santos', '12345-567', 120, 'casa');
INSERT INTO Pessoa (cpf, nome, cep, numero, comp) VALUES ('73750364257', 'Bruno Oliveira', '98765-890', 222, 'casa');
INSERT INTO Pessoa (cpf, nome, cep, numero, comp) VALUES ('73974779210', 'Larissa Ribeiro', '23456-123', 473, 'casa');
INSERT INTO Pessoa (cpf, nome, cep, numero, comp) VALUES ('91168976406', 'Eduardo Almeida', '87654-567', 201, 'casa');
INSERT INTO Pessoa (cpf, nome, cep, numero, comp) VALUES ('31317938896', 'Carolina Rodrigues', '54321-678', 30, 'casa');
INSERT INTO Pessoa (cpf, nome, cep, numero, comp) VALUES ('21959150729', 'Felipe Barros', '12345-321', 25, 'casa');
INSERT INTO Pessoa (cpf, nome, cep, numero, comp) VALUES ('34691155999', 'Alice Soares', '98765-567', 107, 'casa');
INSERT INTO Pessoa (cpf, nome, cep, numero, comp) VALUES ('21944131764', 'Marcos Teixeira', '23456-890', 494, 'casa');
INSERT INTO Pessoa (cpf, nome, cep, numero, comp) VALUES ('21795171289', 'Mariana Alves', '87654-234', 467, 'casa');
INSERT INTO Pessoa (cpf, nome, cep, numero, comp) VALUES ('72232910851', 'Fernando Costa', '54321-789', 388, 'casa');
INSERT INTO Pessoa (cpf, nome, cep, numero, comp) VALUES ('69789991554', 'Sophia Martins', '12345-456', 324, 'casa');
INSERT INTO Pessoa (cpf, nome, cep, numero, comp) VALUES ('10265446611', 'Matheus Machado', '98765-123', 410, 'casa');
INSERT INTO Pessoa (cpf, nome, cep, numero, comp) VALUES ('76790529780', 'Melissa Gomes', '23456-678', 373, 'casa');
INSERT INTO Pessoa (cpf, nome, cep, numero, comp) VALUES ('15259053368', 'Nicolas Lima', '87654-321', 151, 'casa');
INSERT INTO Pessoa (cpf, nome, cep, numero, comp) VALUES ('43427744211', 'Isabela Ferreira', '54321-098', 38, 'casa');
INSERT INTO Pessoa (cpf, nome, cep, numero, comp) VALUES ('76699805375', 'Guilherme Pereira', '12345-567', 477, 'casa');
INSERT INTO Pessoa (cpf, nome, cep, numero, comp) VALUES ('55307207600', 'Maria Silva', '98765-890', 448, 'casa');
INSERT INTO Pessoa (cpf, nome, cep, numero, comp) VALUES ('77872434457', 'Gustavo Santos', '23456-123', 159, 'casa');
INSERT INTO Pessoa (cpf, nome, cep, numero, comp) VALUES ('24007615038', 'Júlia Oliveira', '87654-567', 256, 'casa');
INSERT INTO Pessoa (cpf, nome, cep, numero, comp) VALUES ('76793968263', 'Diego Ribeiro', '54321-678', 66, 'casa');
INSERT INTO Pessoa (cpf, nome, cep, numero, comp) VALUES ('74954875328', 'Lorena Almeida', '12345-321', 71, 'casa');
INSERT INTO Pessoa (cpf, nome, cep, numero, comp) VALUES ('74007414244', 'Arthur Rodrigues', '98765-567', 39, 'casa');
INSERT INTO Pessoa (cpf, nome, cep, numero, comp) VALUES ('98295843260', 'Larissa Barros', '23456-890', 492, 'casa');
INSERT INTO Pessoa (cpf, nome, cep, numero, comp) VALUES ('12855832666', 'Eduardo Soares', '87654-234', 419, 'casa');
INSERT INTO Pessoa (cpf, nome, cep, numero, comp) VALUES ('95898659143', 'Carolina Teixeira', '54321-789', 70, 'casa');
INSERT INTO Pessoa (cpf, nome, cep, numero, comp) VALUES ('30603694922', 'Bruno Alves', '12345-456', 483, 'casa');
INSERT INTO Pessoa (cpf, nome, cep, numero, comp) VALUES ('97349443678', 'Juliana Costa', '98765-123', 31, 'casa');
INSERT INTO Pessoa (cpf, nome, cep, numero, comp) VALUES ('43267758510', 'André Martins', '23456-678', 361, 'casa');
INSERT INTO Pessoa (cpf, nome, cep, numero, comp) VALUES ('97729351634', 'Isabela Machado', '87654-321', 252, 'casa');
INSERT INTO Pessoa (cpf, nome, cep, numero, comp) VALUES ('98585861961', 'Gabriela Gomes', '54321-098', 253, 'casa');
INSERT INTO Pessoa (cpf, nome, cep, numero, comp) VALUES ('63879736715', 'Bruno Lima', '12345-567', 51, 'casa');
INSERT INTO Pessoa (cpf, nome, cep, numero, comp) VALUES ('18167681462', 'Larissa Ferreira', '98765-890', 177, 'casa');
INSERT INTO Pessoa (cpf, nome, cep, numero, comp) VALUES ('96540305579', 'Gustavo Pereira', '23456-123', 136, 'casa');
INSERT INTO Pessoa (cpf, nome, cep, numero, comp) VALUES ('44671342173', 'Alice Silva', '87654-567', 331, 'casa');
INSERT INTO Pessoa (cpf, nome, cep, numero, comp) VALUES ('77326388107', 'Marcos Santos', '54321-678', 101, 'casa');
INSERT INTO Pessoa (cpf, nome, cep, numero, comp) VALUES ('13624832200', 'Marina Oliveira', '12345-321', 65, 'casa');
INSERT INTO Pessoa (cpf, nome, cep, numero, comp) VALUES ('30053124352', 'Fernando Ribeiro', '98765-567', 240, 'casa');
INSERT INTO Pessoa (cpf, nome, cep, numero, comp) VALUES ('73208730933', 'Sophia Almeida', '23456-890', 383, 'casa');
INSERT INTO Pessoa (cpf, nome, cep, numero, comp) VALUES ('49879549811', 'Lucas Rodrigues', '87654-234', 384, 'casa');
INSERT INTO Pessoa (cpf, nome, cep, numero, comp) VALUES ('32540289848', 'Ana Barros', '54321-789', 327, 'casa');
INSERT INTO Pessoa (cpf, nome, cep, numero, comp) VALUES ('74503391806', 'Lucas Soares', '12345-456', 458, 'casa');
INSERT INTO Pessoa (cpf, nome, cep, numero, comp) VALUES ('18508230195', 'Gabriela Teixeira', '98765-123', 34, 'casa');
INSERT INTO Pessoa (cpf, nome, cep, numero, comp) VALUES ('13963126181', 'Bruno Alves', '23456-678', 60, 'casa');
INSERT INTO Pessoa (cpf, nome, cep, numero, comp) VALUES ('39418726593', 'Juliana Costa', '87654-321', 50, 'casa');
INSERT INTO Pessoa (cpf, nome, cep, numero, comp) VALUES ('88179303872', 'André Martins', '54321-098', 285, 'casa');
INSERT INTO Pessoa (cpf, nome, cep, numero, comp) VALUES ('87198181231', 'Isabela Machado', '12345-567', 10, 'casa');
INSERT INTO Pessoa (cpf, nome, cep, numero, comp) VALUES ('49280045710', 'Gabriela Gomes', '98765-890', 52, 'casa');
INSERT INTO Pessoa (cpf, nome, cep, numero, comp) VALUES ('87886107463', 'Bruno Lima', '23456-123', 89, 'casa');
INSERT INTO Pessoa (cpf, nome, cep, numero, comp) VALUES ('73000266174', 'Larissa Ferreira', '87654-567', 39, 'casa');
INSERT INTO Pessoa (cpf, nome, cep, numero, comp) VALUES ('97026469138', 'Gustavo Pereira', '54321-678', 223, 'casa');
INSERT INTO Pessoa (cpf, nome, cep, numero, comp) VALUES ('35420815293', 'Alice Silva', '12345-321', 58, 'casa');
INSERT INTO Pessoa (cpf, nome, cep, numero, comp) VALUES ('64369224486', 'Marcos Santos', '98765-567', 285, 'casa');
INSERT INTO Pessoa (cpf, nome, cep, numero, comp) VALUES ('17329073342', 'Marina Oliveira', '23456-890', 190, 'casa');
INSERT INTO Pessoa (cpf, nome, cep, numero, comp) VALUES ('33222808842', 'Fernando Ribeiro', '87654-234', 143, 'casa');
INSERT INTO Pessoa (cpf, nome, cep, numero, comp) VALUES ('74249536227', 'Sophia Almeida', '54321-789', 164, 'casa');
INSERT INTO Pessoa (cpf, nome, cep, numero, comp) VALUES ('48706382013', 'Lucas Rodrigues', '12345-456', 349, 'casa');
INSERT INTO Pessoa (cpf, nome, cep, numero, comp) VALUES ('10330515020', 'Ana Barros', '98765-123', 378, 'casa');
INSERT INTO Pessoa (cpf, nome, cep, numero, comp) VALUES ('46047735257', 'Lucas Soares', '23456-678', 257, 'casa');
INSERT INTO Pessoa (cpf, nome, cep, numero, comp) VALUES ('94806948879', 'Gabriela Teixeira', '87654-321', 246, 'casa');
INSERT INTO Pessoa (cpf, nome, cep, numero, comp) VALUES ('82624610006', 'Bruno Alves', '54321-098', 340, 'casa');
INSERT INTO Pessoa (cpf, nome, cep, numero, comp) VALUES ('20620832203', 'Juliana Costa', '12345-567', 471, 'casa');
INSERT INTO Pessoa (cpf, nome, cep, numero, comp) VALUES ('23476315168', 'André Martins', '98765-890', 68, 'casa');
INSERT INTO Pessoa (cpf, nome, cep, numero, comp) VALUES ('22307947437', 'Isabela Machado', '23456-123', 23, 'casa');
INSERT INTO Pessoa (cpf, nome, cep, numero, comp) VALUES ('69997282400', 'Gabriela Gomes', '87654-567', 190, 'casa');
INSERT INTO Pessoa (cpf, nome, cep, numero, comp) VALUES ('49696630305', 'Bruno Lima', '54321-678', 247, 'casa');
INSERT INTO Pessoa (cpf, nome, cep, numero, comp) VALUES ('31099445960', 'Larissa Ferreira', '12345-321', 404, 'casa');
INSERT INTO Pessoa (cpf, nome, cep, numero, comp) VALUES ('61961415780', 'Gustavo Pereira', '98765-567', 390, 'casa');
INSERT INTO Pessoa (cpf, nome, cep, numero, comp) VALUES ('38587038568', 'Alice Silva', '23456-890', 356, 'casa');
INSERT INTO Pessoa (cpf, nome, cep, numero, comp) VALUES ('13688435778', 'Marcos Santos', '87654-234', 327, 'casa');
INSERT INTO Pessoa (cpf, nome, cep, numero, comp) VALUES ('67272810335', 'Marina Oliveira', '54321-789', 256, 'casa');
INSERT INTO Pessoa (cpf, nome, cep, numero, comp) VALUES ('57803122458', 'Fernando Ribeiro', '12345-456', 346, 'casa');
INSERT INTO Pessoa (cpf, nome, cep, numero, comp) VALUES ('51582409964', 'Sophia Almeida', '98765-123', 443, 'casa');
INSERT INTO Pessoa (cpf, nome, cep, numero, comp) VALUES ('75353326627', 'Lucas Rodrigues', '23456-678', 170, 'casa');
INSERT INTO Pessoa (cpf, nome, cep, numero, comp) VALUES ('95303335098', 'Ana Barros', '87654-321', 78, 'casa');
INSERT INTO Pessoa (cpf, nome, cep, numero, comp) VALUES ('56507795988', 'Lucas Soares', '54321-098', 390, 'casa');
INSERT INTO Pessoa (cpf, nome, cep, numero, comp) VALUES ('98652590784', 'Gabriela Teixeira', '12345-567', 152, 'casa');
INSERT INTO Pessoa (cpf, nome, cep, numero, comp) VALUES ('31902575592', 'Bruno Alves', '98765-890', 104, 'casa');
INSERT INTO Pessoa (cpf, nome, cep, numero, comp) VALUES ('96035303733', 'Juliana Costa', '23456-123', 422, 'casa');
INSERT INTO Pessoa (cpf, nome, cep, numero, comp) VALUES ('66234401144', 'André Martins', '87654-567', 298, 'casa');

-- POVOANDO TELEFONES
INSERT INTO Telefones (cpf, numero) VALUES ('30199388385', '81 985478965');
INSERT INTO Telefones (cpf, numero) VALUES ('47427712610', '11 988547896');
INSERT INTO Telefones (cpf, numero) VALUES ('29599507565', '47 944875896');
INSERT INTO Telefones (cpf, numero) VALUES ('57628148722', '31 977489654');
INSERT INTO Telefones (cpf, numero) VALUES ('12812080044', '21 922175896');
INSERT INTO Telefones (cpf, numero) VALUES ('64295837740', '62 933145896');
INSERT INTO Telefones (cpf, numero) VALUES ('65134974386', '85 966534789');
INSERT INTO Telefones (cpf, numero) VALUES ('49071844654', '41 911127854');
INSERT INTO Telefones (cpf, numero) VALUES ('56167488077', '51 988478965');
INSERT INTO Telefones (cpf, numero) VALUES ('38336868424', '32 955412365');
INSERT INTO Telefones (cpf, numero) VALUES ('58162796706', '86 966142789');
INSERT INTO Telefones (cpf, numero) VALUES ('74758815612', '84 922175896');
INSERT INTO Telefones (cpf, numero) VALUES ('56122432090', '33 922145896');
INSERT INTO Telefones (cpf, numero) VALUES ('12247919297', '12 922542896');
INSERT INTO Telefones (cpf, numero) VALUES ('17490321338', '71 988478965');
INSERT INTO Telefones (cpf, numero) VALUES ('29700737817', '92 988478965');
INSERT INTO Telefones (cpf, numero) VALUES ('27612094332', '61 944875896');
INSERT INTO Telefones (cpf, numero) VALUES ('40117047008', '35 944528965');
INSERT INTO Telefones (cpf, numero) VALUES ('52416538966', '62 911147896');
INSERT INTO Telefones (cpf, numero) VALUES ('42657296455', '61 966578965');
INSERT INTO Telefones (cpf, numero) VALUES ('71122532810', '62 955478965');
INSERT INTO Telefones (cpf, numero) VALUES ('43560681056', '87 933478965');
INSERT INTO Telefones (cpf, numero) VALUES ('80905097415', '81 944578965');
INSERT INTO Telefones (cpf, numero) VALUES ('14059155304', '61 955478965');
INSERT INTO Telefones (cpf, numero) VALUES ('19253087598', '41 911147896');
INSERT INTO Telefones (cpf, numero) VALUES ('37401423730', '61 933478965');
INSERT INTO Telefones (cpf, numero) VALUES ('32759444139', '51 922478965');
INSERT INTO Telefones (cpf, numero) VALUES ('14649378973', '81 988478965');
INSERT INTO Telefones (cpf, numero) VALUES ('58000327447', '21 966578965');
INSERT INTO Telefones (cpf, numero) VALUES ('48240968479', '62 944578965');
INSERT INTO Telefones (cpf, numero) VALUES ('78335091139', '86 977478965');
INSERT INTO Telefones (cpf, numero) VALUES ('70546768636', '12 933478965');
INSERT INTO Telefones (cpf, numero) VALUES ('22404928750', '35 933478965');
INSERT INTO Telefones (cpf, numero) VALUES ('70308341124', '87 988478965');
INSERT INTO Telefones (cpf, numero) VALUES ('25989990251', '31 922175896');
INSERT INTO Telefones (cpf, numero) VALUES ('75366156457', '41 922175896');
INSERT INTO Telefones (cpf, numero) VALUES ('69025221605', '47 922175896');
INSERT INTO Telefones (cpf, numero) VALUES ('54301553913', '11 944875896');
INSERT INTO Telefones (cpf, numero) VALUES ('66952515360', '86 955478965');
INSERT INTO Telefones (cpf, numero) VALUES ('20274888371', '21 977478965');
INSERT INTO Telefones (cpf, numero) VALUES ('38335808648', '81 966578965');
INSERT INTO Telefones (cpf, numero) VALUES ('96591124058', '84 955478965');
INSERT INTO Telefones (cpf, numero) VALUES ('74577588172', '86 933478965');
INSERT INTO Telefones (cpf, numero) VALUES ('28421344502', '33 955478965');
INSERT INTO Telefones (cpf, numero) VALUES ('98596987343', '47 933478965');
INSERT INTO Telefones (cpf, numero) VALUES ('68116821185', '71 966578965');
INSERT INTO Telefones (cpf, numero) VALUES ('46064949648', '21 911147896');
INSERT INTO Telefones (cpf, numero) VALUES ('81040473720', '92 911147896');
INSERT INTO Telefones (cpf, numero) VALUES ('59000464227', '62 922175896');
INSERT INTO Telefones (cpf, numero) VALUES ('34584407779', '92 933478965');
INSERT INTO Telefones (cpf, numero) VALUES ('28629680688', '84 988478965');
INSERT INTO Telefones (cpf, numero) VALUES ('18723001906', '33 988478965');
INSERT INTO Telefones (cpf, numero) VALUES ('23969104695', '92 944875896');
INSERT INTO Telefones (cpf, numero) VALUES ('52156994899', '41 977478965');
INSERT INTO Telefones (cpf, numero) VALUES ('18843477859', '12 988478965');
INSERT INTO Telefones (cpf, numero) VALUES ('42829067599', '61 911147896');
INSERT INTO Telefones (cpf, numero) VALUES ('42373211369', '81 933478965');
INSERT INTO Telefones (cpf, numero) VALUES ('85736048930', '12 944875896');
INSERT INTO Telefones (cpf, numero) VALUES ('43406326054', '71 933478965');
INSERT INTO Telefones (cpf, numero) VALUES ('78833704759', '21 955478965');
INSERT INTO Telefones (cpf, numero) VALUES ('75123135279', '51 966578965');
INSERT INTO Telefones (cpf, numero) VALUES ('60139985343', '87 944875896');
INSERT INTO Telefones (cpf, numero) VALUES ('81961611946', '31 911147896');
INSERT INTO Telefones (cpf, numero) VALUES ('15510735175', '35 966578965');
INSERT INTO Telefones (cpf, numero) VALUES ('12107757211', '87 922175896');
INSERT INTO Telefones (cpf, numero) VALUES ('18013645667', '41 955478965');
INSERT INTO Telefones (cpf, numero) VALUES ('27733831081', '81 922175896');
INSERT INTO Telefones (cpf, numero) VALUES ('31293248577', '61 988478965');
INSERT INTO Telefones (cpf, numero) VALUES ('84770625781', '51 933478965');
INSERT INTO Telefones (cpf, numero) VALUES ('32139874646', '12 911147896');
INSERT INTO Telefones (cpf, numero) VALUES ('59746510270', '35 922175896');
INSERT INTO Telefones (cpf, numero) VALUES ('51893041336', '33 977478965');
INSERT INTO Telefones (cpf, numero) VALUES ('73750364257', '86 988478965');
INSERT INTO Telefones (cpf, numero) VALUES ('73974779210', '71 911147896');
INSERT INTO Telefones (cpf, numero) VALUES ('91168976406', '62 966578965');
INSERT INTO Telefones (cpf, numero) VALUES ('31317938896', '47 966578965');
INSERT INTO Telefones (cpf, numero) VALUES ('21959150729', '81 911147896');
INSERT INTO Telefones (cpf, numero) VALUES ('34691155999', '84 966578965');
INSERT INTO Telefones (cpf, numero) VALUES ('21944131764', '33 911147896');
INSERT INTO Telefones (cpf, numero) VALUES ('21795171289', '21 933478965');
INSERT INTO Telefones (cpf, numero) VALUES ('72232910851', '41 944875896');
INSERT INTO Telefones (cpf, numero) VALUES ('69789991554', '87 977478965');
INSERT INTO Telefones (cpf, numero) VALUES ('10265446611', '92 966578965');
INSERT INTO Telefones (cpf, numero) VALUES ('76790529780', '62 977478965');
INSERT INTO Telefones (cpf, numero) VALUES ('15259053368', '71 944875896');
INSERT INTO Telefones (cpf, numero) VALUES ('43427744211', '11 922175896');
INSERT INTO Telefones (cpf, numero) VALUES ('76699805375', '81 922175896');
INSERT INTO Telefones (cpf, numero) VALUES ('55307207600', '92 966578965');
INSERT INTO Telefones (cpf, numero) VALUES ('77872434457', '35 911147896');
INSERT INTO Telefones (cpf, numero) VALUES ('24007615038', '33 966578965');
INSERT INTO Telefones (cpf, numero) VALUES ('76793968263', '62 922175896');
INSERT INTO Telefones (cpf, numero) VALUES ('74954875328', '47 911147896');
INSERT INTO Telefones (cpf, numero) VALUES ('74007414244', '12 944875896');
INSERT INTO Telefones (cpf, numero) VALUES ('98295843260', '81 922175896');
INSERT INTO Telefones (cpf, numero) VALUES ('12855832666', '21 955478965');
INSERT INTO Telefones (cpf, numero) VALUES ('95898659143', '51 966578965');
INSERT INTO Telefones (cpf, numero) VALUES ('30603694922', '87 944875896');
INSERT INTO Telefones (cpf, numero) VALUES ('97349443678', '31 911147896');
INSERT INTO Telefones (cpf, numero) VALUES ('43267758510', '35 922175896');
INSERT INTO Telefones (cpf, numero) VALUES ('97729351634', '87 988478965');
INSERT INTO Telefones (cpf, numero) VALUES ('98585861961', '41 933478965');
INSERT INTO Telefones (cpf, numero) VALUES ('63879736715', '81 922175896');
INSERT INTO Telefones (cpf, numero) VALUES ('18167681462', '61 988478965');
INSERT INTO Telefones (cpf, numero) VALUES ('96540305579', '51 933478965');
INSERT INTO Telefones (cpf, numero) VALUES ('44671342173', '12 911147896');
INSERT INTO Telefones (cpf, numero) VALUES ('77326388107', '35 922175896');
INSERT INTO Telefones (cpf, numero) VALUES ('13624832200', '33 977478965');
INSERT INTO Telefones (cpf, numero) VALUES ('30053124352', '86 988478965');
INSERT INTO Telefones (cpf, numero) VALUES ('73208730933', '71 911147896');
INSERT INTO Telefones (cpf, numero) VALUES ('49879549811', '62 966578965');
INSERT INTO Telefones (cpf, numero) VALUES ('32540289848', '47 966578965');
INSERT INTO Telefones (cpf, numero) VALUES ('74503391806', '81 911147896');
INSERT INTO Telefones (cpf, numero) VALUES ('18508230195', '84 966578965');
INSERT INTO Telefones (cpf, numero) VALUES ('13963126181', '33 911147896');
INSERT INTO Telefones (cpf, numero) VALUES ('39418726593', '21 933478965');
INSERT INTO Telefones (cpf, numero) VALUES ('88179303872', '41 944875896');
INSERT INTO Telefones (cpf, numero) VALUES ('87198181231', '87 977478965');
INSERT INTO Telefones (cpf, numero) VALUES ('49280045710', '92 966578965');
INSERT INTO Telefones (cpf, numero) VALUES ('87886107463', '62 977478965');
INSERT INTO Telefones (cpf, numero) VALUES ('73000266174', '71 944875896');
INSERT INTO Telefones (cpf, numero) VALUES ('97026469138', '11 922175896');
INSERT INTO Telefones (cpf, numero) VALUES ('35420815293', '81 922175896');
INSERT INTO Telefones (cpf, numero) VALUES ('64369224486', '92 966578965');
INSERT INTO Telefones (cpf, numero) VALUES ('17329073342', '35 911147896');
INSERT INTO Telefones (cpf, numero) VALUES ('33222808842', '33 966578965');
INSERT INTO Telefones (cpf, numero) VALUES ('74249536227', '62 922175896');
INSERT INTO Telefones (cpf, numero) VALUES ('48706382013', '47 911147896');
INSERT INTO Telefones (cpf, numero) VALUES ('10330515020', '12 944875896');
INSERT INTO Telefones (cpf, numero) VALUES ('46047735257', '81 922175896');
INSERT INTO Telefones (cpf, numero) VALUES ('94806948879', '21 955478965');
INSERT INTO Telefones (cpf, numero) VALUES ('82624610006', '51 966578965');
INSERT INTO Telefones (cpf, numero) VALUES ('20620832203', '87 944875896');
INSERT INTO Telefones (cpf, numero) VALUES ('23476315168', '31 911147896');
INSERT INTO Telefones (cpf, numero) VALUES ('22307947437', '35 922175896');
INSERT INTO Telefones (cpf, numero) VALUES ('69997282400', '87 988478965');
INSERT INTO Telefones (cpf, numero) VALUES ('49696630305', '41 933478965');
INSERT INTO Telefones (cpf, numero) VALUES ('31099445960', '81 922175896');
INSERT INTO Telefones (cpf, numero) VALUES ('61961415780', '61 988478965');
INSERT INTO Telefones (cpf, numero) VALUES ('38587038568', '51 933478965');
INSERT INTO Telefones (cpf, numero) VALUES ('13688435778', '12 911147896');
INSERT INTO Telefones (cpf, numero) VALUES ('67272810335', '35 922175896');
INSERT INTO Telefones (cpf, numero) VALUES ('57803122458', '33 977478965');
INSERT INTO Telefones (cpf, numero) VALUES ('51582409964', '86 988478965');
INSERT INTO Telefones (cpf, numero) VALUES ('75353326627', '71 911147896');
INSERT INTO Telefones (cpf, numero) VALUES ('95303335098', '81 945423045');
INSERT INTO Telefones (cpf, numero) VALUES ('56507795988', '81 987724563');
INSERT INTO Telefones (cpf, numero) VALUES ('98652590784', '81 984856763');
INSERT INTO Telefones (cpf, numero) VALUES ('31902575592', '81 987224664');
INSERT INTO Telefones (cpf, numero) VALUES ('96035303733', '81 985432896');
INSERT INTO Telefones (cpf, numero) VALUES ('66234401144', '81 985477573');

-- POVOANDO Funcionario
INSERT INTO Funcionario (id_func, turno, salario) VALUES ('87886107463', 'MANHÃ', 120000);
INSERT INTO Funcionario (id_func, turno, salario) VALUES ('73000266174', 'MANHÃ', 120000);
INSERT INTO Funcionario (id_func, turno, salario) VALUES ('97026469138', 'MANHÃ', 120000);
INSERT INTO Funcionario (id_func, turno, salario) VALUES ('35420815293', 'MANHÃ', 120000);
INSERT INTO Funcionario (id_func, turno, salario) VALUES ('64369224486', 'TARDE', 120000);
INSERT INTO Funcionario (id_func, turno, salario) VALUES ('17329073342', 'TARDE', 120000);
INSERT INTO Funcionario (id_func, turno, salario) VALUES ('33222808842', 'TARDE', 120000);
INSERT INTO Funcionario (id_func, turno, salario) VALUES ('74249536227', 'TARDE', 120000);
INSERT INTO Funcionario (id_func, turno, salario) VALUES ('48706382013', 'TARDE', 120000);
INSERT INTO Funcionario (id_func, turno, salario) VALUES ('10330515020', 'INTEGRAL', 160000);
INSERT INTO Funcionario (id_func, turno, salario) VALUES ('46047735257', 'INTEGRAL', 160000);
INSERT INTO Funcionario (id_func, turno, salario) VALUES ('94806948879', 'INTEGRAL', 180000);
INSERT INTO Funcionario (id_func, turno, salario) VALUES ('82624610006', 'INTEGRAL', 180000);
INSERT INTO Funcionario (id_func, turno, salario) VALUES ('20620832203', 'INTEGRAL', 180000);
INSERT INTO Funcionario (id_func, turno, salario) VALUES ('23476315168', 'INTEGRAL', 180000);
INSERT INTO Funcionario (id_func, turno, salario) VALUES ('22307947437', 'INTEGRAL', 180000);
INSERT INTO Funcionario (id_func, turno, salario) VALUES ('69997282400', 'INTEGRAL', 180000);
INSERT INTO Funcionario (id_func, turno, salario) VALUES ('49696630305', 'NOITE', 205000);
INSERT INTO Funcionario (id_func, turno, salario) VALUES ('31099445960', 'NOITE', 205000);
INSERT INTO Funcionario (id_func, turno, salario) VALUES ('61961415780', 'INTEGRAL', 150000);
INSERT INTO Funcionario (id_func, turno, salario) VALUES ('38587038568', 'INTEGRAL', 150000);
INSERT INTO Funcionario (id_func, turno, salario) VALUES ('13688435778', 'INTEGRAL', 150000);
INSERT INTO Funcionario (id_func, turno, salario) VALUES ('67272810335', 'INTEGRAL', 150000);
INSERT INTO Funcionario (id_func, turno, salario) VALUES ('57803122458', 'INTEGRAL', 150000);
INSERT INTO Funcionario (id_func, turno, salario) VALUES ('51582409964', 'INTEGRAL', 150000);
INSERT INTO Funcionario (id_func, turno, salario) VALUES ('75353326627', 'INTEGRAL', 150000);
INSERT INTO Funcionario (id_func, turno, salario) VALUES ('95303335098', 'INTEGRAL', 150000);
INSERT INTO Funcionario (id_func, turno, salario) VALUES ('56507795988', 'INTEGRAL', 150000);
INSERT INTO Funcionario (id_func, turno, salario) VALUES ('98652590784', 'NOITE', 165000);
INSERT INTO Funcionario (id_func, turno, salario) VALUES ('31902575592', 'NOITE', 165000);
INSERT INTO Funcionario (id_func, turno, salario) VALUES ('96035303733', 'NOITE', 165000);
INSERT INTO Funcionario (id_func, turno, salario) VALUES ('66234401144', 'NOITE', 165000);

-- POVOANDO TECNICOS
INSERT INTO Tecnico (id_func) VALUES ('94806948879');
INSERT INTO Tecnico (id_func) VALUES ('82624610006');
INSERT INTO Tecnico (id_func) VALUES ('20620832203');
INSERT INTO Tecnico (id_func) VALUES ('23476315168');
INSERT INTO Tecnico (id_func) VALUES ('22307947437');
INSERT INTO Tecnico (id_func) VALUES ('69997282400');
INSERT INTO Tecnico (id_func) VALUES ('49696630305');
INSERT INTO Tecnico (id_func) VALUES ('31099445960');

-- POVOANDO VENDEDORES
INSERT INTO Vendedor (id_func) VALUES ('61961415780');
INSERT INTO Vendedor (id_func) VALUES ('38587038568');
INSERT INTO Vendedor (id_func) VALUES ('13688435778');
INSERT INTO Vendedor (id_func) VALUES ('67272810335');
INSERT INTO Vendedor (id_func) VALUES ('57803122458');
INSERT INTO Vendedor (id_func) VALUES ('51582409964');
INSERT INTO Vendedor (id_func) VALUES ('75353326627');
INSERT INTO Vendedor (id_func) VALUES ('95303335098');
INSERT INTO Vendedor (id_func) VALUES ('56507795988');
INSERT INTO Vendedor (id_func) VALUES ('98652590784');
INSERT INTO Vendedor (id_func) VALUES ('31902575592');
INSERT INTO Vendedor (id_func) VALUES ('96035303733');
INSERT INTO Vendedor (id_func) VALUES ('66234401144');

-- POVOANDO MANUTENCAO
INSERT INTO Manutencao (id_func) VALUES ('87886107463');
INSERT INTO Manutencao (id_func) VALUES ('73000266174');
INSERT INTO Manutencao (id_func) VALUES ('97026469138');
INSERT INTO Manutencao (id_func) VALUES ('35420815293');
INSERT INTO Manutencao (id_func) VALUES ('64369224486');
INSERT INTO Manutencao (id_func) VALUES ('17329073342');
INSERT INTO Manutencao (id_func) VALUES ('33222808842');
INSERT INTO Manutencao (id_func) VALUES ('74249536227');
INSERT INTO Manutencao (id_func) VALUES ('48706382013');
INSERT INTO Manutencao (id_func) VALUES ('10330515020');
INSERT INTO Manutencao (id_func) VALUES ('46047735257');

-- POVOANDO DIAS E PRECOS
INSERT INTO Dia_preco (dia_evento, preco) VALUES (TO_DATE('2023-02-05', 'YYYY/MM/DD'), 800);
INSERT INTO Dia_preco (dia_evento, preco) VALUES (TO_DATE('2023-02-06', 'YYYY/MM/DD'), 800);
INSERT INTO Dia_preco (dia_evento, preco) VALUES (TO_DATE('2023-02-07', 'YYYY/MM/DD'), 800);
INSERT INTO Dia_preco (dia_evento, preco) VALUES (TO_DATE('2023-02-08', 'YYYY/MM/DD'), 800);
INSERT INTO Dia_preco (dia_evento, preco) VALUES (TO_DATE('2023-02-09', 'YYYY/MM/DD'), 800);
INSERT INTO Dia_preco (dia_evento, preco) VALUES (TO_DATE('2023-02-10', 'YYYY/MM/DD'), 800);
INSERT INTO Dia_preco (dia_evento, preco) VALUES (TO_DATE('2023-02-11', 'YYYY/MM/DD'), 800);
INSERT INTO Dia_preco (dia_evento, preco) VALUES (TO_DATE('2023-02-12', 'YYYY/MM/DD'), 800);
INSERT INTO Dia_preco (dia_evento, preco) VALUES (TO_DATE('2023-02-13', 'YYYY/MM/DD'), 800);
INSERT INTO Dia_preco (dia_evento, preco) VALUES (TO_DATE('2023-02-14', 'YYYY/MM/DD'), 800);
INSERT INTO Dia_preco (dia_evento, preco) VALUES (TO_DATE('2023-02-15', 'YYYY/MM/DD'), 800);

-- POVOANDO INGRESSOS
CREATE SEQUENCE sqIngresso
    MINVALUE 0
    MAXVALUE 300
    START WITH 1
    INCREMENT BY 1;

-- POVOANDO INGRESSOS
INSERT INTO Ingresso (id_comprad, num_ingresso, dia_evento) VALUES ('30199388385', sqIngresso.nextval, TO_DATE('2023-01-07', 'YYYY/MM/DD'));
INSERT INTO Ingresso (id_comprad, num_ingresso, dia_evento) VALUES ('47427712610', sqIngresso.nextval, TO_DATE('2023-01-07', 'YYYY/MM/DD'));
INSERT INTO Ingresso (id_comprad, num_ingresso, dia_evento) VALUES ('29599507565', sqIngresso.nextval, TO_DATE('2023-01-07', 'YYYY/MM/DD'));
INSERT INTO Ingresso (id_comprad, num_ingresso, dia_evento) VALUES ('57628148722', sqIngresso.nextval, TO_DATE('2023-01-07', 'YYYY/MM/DD'));
INSERT INTO Ingresso (id_comprad, num_ingresso, dia_evento) VALUES ('12812080044', sqIngresso.nextval, TO_DATE('2023-01-07', 'YYYY/MM/DD'));
INSERT INTO Ingresso (id_comprad, num_ingresso, dia_evento) VALUES ('64295837740', sqIngresso.nextval, TO_DATE('2023-01-07', 'YYYY/MM/DD'));
INSERT INTO Ingresso (id_comprad, num_ingresso, dia_evento) VALUES ('65134974386', sqIngresso.nextval, TO_DATE('2023-01-07', 'YYYY/MM/DD'));
INSERT INTO Ingresso (id_comprad, num_ingresso, dia_evento) VALUES ('49071844654', sqIngresso.nextval, TO_DATE('2023-01-07', 'YYYY/MM/DD'));
INSERT INTO Ingresso (id_comprad, num_ingresso, dia_evento) VALUES ('56167488077', sqIngresso.nextval, TO_DATE('2023-01-07', 'YYYY/MM/DD'));
INSERT INTO Ingresso (id_comprad, num_ingresso, dia_evento) VALUES ('38336868424', sqIngresso.nextval, TO_DATE('2023-01-08', 'YYYY/MM/DD'));
INSERT INTO Ingresso (id_comprad, num_ingresso, dia_evento) VALUES ('58162796706', sqIngresso.nextval, TO_DATE('2023-01-08', 'YYYY/MM/DD'));
INSERT INTO Ingresso (id_comprad, num_ingresso, dia_evento) VALUES ('74758815612', sqIngresso.nextval, TO_DATE('2023-01-08', 'YYYY/MM/DD'));
INSERT INTO Ingresso (id_comprad, num_ingresso, dia_evento) VALUES ('56122432090', sqIngresso.nextval, TO_DATE('2023-01-08', 'YYYY/MM/DD'));
INSERT INTO Ingresso (id_comprad, num_ingresso, dia_evento) VALUES ('12247919297', sqIngresso.nextval, TO_DATE('2023-01-08', 'YYYY/MM/DD'));
INSERT INTO Ingresso (id_comprad, num_ingresso, dia_evento) VALUES ('17490321338', sqIngresso.nextval, TO_DATE('2023-01-08', 'YYYY/MM/DD'));
INSERT INTO Ingresso (id_comprad, num_ingresso, dia_evento) VALUES ('29700737817', sqIngresso.nextval, TO_DATE('2023-01-08', 'YYYY/MM/DD'));
INSERT INTO Ingresso (id_comprad, num_ingresso, dia_evento) VALUES ('27612094332', sqIngresso.nextval, TO_DATE('2023-01-08', 'YYYY/MM/DD'));
INSERT INTO Ingresso (id_comprad, num_ingresso, dia_evento) VALUES ('40117047008', sqIngresso.nextval, TO_DATE('2023-01-08', 'YYYY/MM/DD'));
INSERT INTO Ingresso (id_comprad, num_ingresso, dia_evento) VALUES ('52416538966', sqIngresso.nextval, TO_DATE('2023-01-14', 'YYYY/MM/DD'));
INSERT INTO Ingresso (id_comprad, num_ingresso, dia_evento) VALUES ('42657296455', sqIngresso.nextval, TO_DATE('2023-01-14', 'YYYY/MM/DD'));
INSERT INTO Ingresso (id_comprad, num_ingresso, dia_evento) VALUES ('71122532810', sqIngresso.nextval, TO_DATE('2023-01-14', 'YYYY/MM/DD'));
INSERT INTO Ingresso (id_comprad, num_ingresso, dia_evento) VALUES ('43560681056', sqIngresso.nextval, TO_DATE('2023-01-14', 'YYYY/MM/DD'));
INSERT INTO Ingresso (id_comprad, num_ingresso, dia_evento) VALUES ('80905097415', sqIngresso.nextval, TO_DATE('2023-01-14', 'YYYY/MM/DD'));
INSERT INTO Ingresso (id_comprad, num_ingresso, dia_evento) VALUES ('14059155304', sqIngresso.nextval, TO_DATE('2023-01-14', 'YYYY/MM/DD'));
INSERT INTO Ingresso (id_comprad, num_ingresso, dia_evento) VALUES ('19253087598', sqIngresso.nextval, TO_DATE('2023-01-14', 'YYYY/MM/DD'));
INSERT INTO Ingresso (id_comprad, num_ingresso, dia_evento) VALUES ('37401423730', sqIngresso.nextval, TO_DATE('2023-01-14', 'YYYY/MM/DD'));
INSERT INTO Ingresso (id_comprad, num_ingresso, dia_evento) VALUES ('32759444139', sqIngresso.nextval, TO_DATE('2023-01-14', 'YYYY/MM/DD'));
INSERT INTO Ingresso (id_comprad, num_ingresso, dia_evento) VALUES ('14649378973', sqIngresso.nextval, TO_DATE('2023-01-15', 'YYYY/MM/DD'));
INSERT INTO Ingresso (id_comprad, num_ingresso, dia_evento) VALUES ('58000327447', sqIngresso.nextval, TO_DATE('2023-01-15', 'YYYY/MM/DD'));
INSERT INTO Ingresso (id_comprad, num_ingresso, dia_evento) VALUES ('48240968479', sqIngresso.nextval, TO_DATE('2023-01-15', 'YYYY/MM/DD'));
INSERT INTO Ingresso (id_comprad, num_ingresso, dia_evento) VALUES ('78335091139', sqIngresso.nextval, TO_DATE('2023-01-15', 'YYYY/MM/DD'));
INSERT INTO Ingresso (id_comprad, num_ingresso, dia_evento) VALUES ('70546768636', sqIngresso.nextval, TO_DATE('2023-01-15', 'YYYY/MM/DD'));
INSERT INTO Ingresso (id_comprad, num_ingresso, dia_evento) VALUES ('22404928750', sqIngresso.nextval, TO_DATE('2023-01-15', 'YYYY/MM/DD'));
INSERT INTO Ingresso (id_comprad, num_ingresso, dia_evento) VALUES ('70308341124', sqIngresso.nextval, TO_DATE('2023-01-15', 'YYYY/MM/DD'));
INSERT INTO Ingresso (id_comprad, num_ingresso, dia_evento) VALUES ('25989990251', sqIngresso.nextval, TO_DATE('2023-01-15', 'YYYY/MM/DD'));
INSERT INTO Ingresso (id_comprad, num_ingresso, dia_evento) VALUES ('75366156457', sqIngresso.nextval, TO_DATE('2023-01-15', 'YYYY/MM/DD'));
INSERT INTO Ingresso (id_comprad, num_ingresso, dia_evento) VALUES ('69025221605', sqIngresso.nextval, TO_DATE('2023-01-21', 'YYYY/MM/DD'));
INSERT INTO Ingresso (id_comprad, num_ingresso, dia_evento) VALUES ('54301553913', sqIngresso.nextval, TO_DATE('2023-01-21', 'YYYY/MM/DD'));
INSERT INTO Ingresso (id_comprad, num_ingresso, dia_evento) VALUES ('66952515360', sqIngresso.nextval, TO_DATE('2023-01-21', 'YYYY/MM/DD'));
INSERT INTO Ingresso (id_comprad, num_ingresso, dia_evento) VALUES ('20274888371', sqIngresso.nextval, TO_DATE('2023-01-21', 'YYYY/MM/DD'));
INSERT INTO Ingresso (id_comprad, num_ingresso, dia_evento) VALUES ('38335808648', sqIngresso.nextval, TO_DATE('2023-01-21', 'YYYY/MM/DD'));
INSERT INTO Ingresso (id_comprad, num_ingresso, dia_evento) VALUES ('96591124058', sqIngresso.nextval, TO_DATE('2023-01-21', 'YYYY/MM/DD'));
INSERT INTO Ingresso (id_comprad, num_ingresso, dia_evento) VALUES ('74577588172', sqIngresso.nextval, TO_DATE('2023-01-21', 'YYYY/MM/DD'));
INSERT INTO Ingresso (id_comprad, num_ingresso, dia_evento) VALUES ('28421344502', sqIngresso.nextval, TO_DATE('2023-01-21', 'YYYY/MM/DD'));
INSERT INTO Ingresso (id_comprad, num_ingresso, dia_evento) VALUES ('98596987343', sqIngresso.nextval, TO_DATE('2023-01-21', 'YYYY/MM/DD'));
INSERT INTO Ingresso (id_comprad, num_ingresso, dia_evento) VALUES ('68116821185', sqIngresso.nextval, TO_DATE('2023-01-22', 'YYYY/MM/DD'));
INSERT INTO Ingresso (id_comprad, num_ingresso, dia_evento) VALUES ('46064949648', sqIngresso.nextval, TO_DATE('2023-01-22', 'YYYY/MM/DD'));
INSERT INTO Ingresso (id_comprad, num_ingresso, dia_evento) VALUES ('81040473720', sqIngresso.nextval, TO_DATE('2023-01-22', 'YYYY/MM/DD'));
INSERT INTO Ingresso (id_comprad, num_ingresso, dia_evento) VALUES ('59000464227', sqIngresso.nextval, TO_DATE('2023-01-22', 'YYYY/MM/DD'));
INSERT INTO Ingresso (id_comprad, num_ingresso, dia_evento) VALUES ('34584407779', sqIngresso.nextval, TO_DATE('2023-01-22', 'YYYY/MM/DD'));
INSERT INTO Ingresso (id_comprad, num_ingresso, dia_evento) VALUES ('28629680688', sqIngresso.nextval, TO_DATE('2023-01-22', 'YYYY/MM/DD'));
INSERT INTO Ingresso (id_comprad, num_ingresso, dia_evento) VALUES ('18723001906', sqIngresso.nextval, TO_DATE('2023-01-22', 'YYYY/MM/DD'));
INSERT INTO Ingresso (id_comprad, num_ingresso, dia_evento) VALUES ('23969104695', sqIngresso.nextval, TO_DATE('2023-01-22', 'YYYY/MM/DD'));
INSERT INTO Ingresso (id_comprad, num_ingresso, dia_evento) VALUES ('52156994899', sqIngresso.nextval, TO_DATE('2023-01-22', 'YYYY/MM/DD'));
INSERT INTO Ingresso (id_comprad, num_ingresso, dia_evento) VALUES ('18843477859', sqIngresso.nextval, TO_DATE('2023-01-28', 'YYYY/MM/DD'));
INSERT INTO Ingresso (id_comprad, num_ingresso, dia_evento) VALUES ('42829067599', sqIngresso.nextval, TO_DATE('2023-01-28', 'YYYY/MM/DD'));
INSERT INTO Ingresso (id_comprad, num_ingresso, dia_evento) VALUES ('42373211369', sqIngresso.nextval, TO_DATE('2023-01-28', 'YYYY/MM/DD'));
INSERT INTO Ingresso (id_comprad, num_ingresso, dia_evento) VALUES ('85736048930', sqIngresso.nextval, TO_DATE('2023-01-28', 'YYYY/MM/DD'));
INSERT INTO Ingresso (id_comprad, num_ingresso, dia_evento) VALUES ('43406326054', sqIngresso.nextval, TO_DATE('2023-01-28', 'YYYY/MM/DD'));
INSERT INTO Ingresso (id_comprad, num_ingresso, dia_evento) VALUES ('78833704759', sqIngresso.nextval, TO_DATE('2023-01-28', 'YYYY/MM/DD'));
INSERT INTO Ingresso (id_comprad, num_ingresso, dia_evento) VALUES ('75123135279', sqIngresso.nextval, TO_DATE('2023-01-28', 'YYYY/MM/DD'));
INSERT INTO Ingresso (id_comprad, num_ingresso, dia_evento) VALUES ('60139985343', sqIngresso.nextval, TO_DATE('2023-01-28', 'YYYY/MM/DD'));
INSERT INTO Ingresso (id_comprad, num_ingresso, dia_evento) VALUES ('81961611946', sqIngresso.nextval, TO_DATE('2023-01-28', 'YYYY/MM/DD'));
INSERT INTO Ingresso (id_comprad, num_ingresso, dia_evento) VALUES ('15510735175', sqIngresso.nextval, TO_DATE('2023-01-29', 'YYYY/MM/DD'));
INSERT INTO Ingresso (id_comprad, num_ingresso, dia_evento) VALUES ('12107757211', sqIngresso.nextval, TO_DATE('2023-01-29', 'YYYY/MM/DD'));
INSERT INTO Ingresso (id_comprad, num_ingresso, dia_evento) VALUES ('18013645667', sqIngresso.nextval, TO_DATE('2023-01-29', 'YYYY/MM/DD'));
INSERT INTO Ingresso (id_comprad, num_ingresso, dia_evento) VALUES ('27733831081', sqIngresso.nextval, TO_DATE('2023-01-29', 'YYYY/MM/DD'));
INSERT INTO Ingresso (id_comprad, num_ingresso, dia_evento) VALUES ('31293248577', sqIngresso.nextval, TO_DATE('2023-01-29', 'YYYY/MM/DD'));
INSERT INTO Ingresso (id_comprad, num_ingresso, dia_evento) VALUES ('84770625781', sqIngresso.nextval, TO_DATE('2023-01-29', 'YYYY/MM/DD'));
INSERT INTO Ingresso (id_comprad, num_ingresso, dia_evento) VALUES ('32139874646', sqIngresso.nextval, TO_DATE('2023-01-29', 'YYYY/MM/DD'));
INSERT INTO Ingresso (id_comprad, num_ingresso, dia_evento) VALUES ('59746510270', sqIngresso.nextval, TO_DATE('2023-01-29', 'YYYY/MM/DD'));
INSERT INTO Ingresso (id_comprad, num_ingresso, dia_evento) VALUES ('51893041336', sqIngresso.nextval, TO_DATE('2023-01-29', 'YYYY/MM/DD'));
INSERT INTO Ingresso (id_comprad, num_ingresso, dia_evento) VALUES ('73750364257', sqIngresso.nextval, TO_DATE('2023-02-04', 'YYYY/MM/DD'));
INSERT INTO Ingresso (id_comprad, num_ingresso, dia_evento) VALUES ('73974779210', sqIngresso.nextval, TO_DATE('2023-02-04', 'YYYY/MM/DD'));
INSERT INTO Ingresso (id_comprad, num_ingresso, dia_evento) VALUES ('91168976406', sqIngresso.nextval, TO_DATE('2023-02-04', 'YYYY/MM/DD'));
INSERT INTO Ingresso (id_comprad, num_ingresso, dia_evento) VALUES ('31317938896', sqIngresso.nextval, TO_DATE('2023-02-04', 'YYYY/MM/DD'));
INSERT INTO Ingresso (id_comprad, num_ingresso, dia_evento) VALUES ('21959150729', sqIngresso.nextval, TO_DATE('2023-02-04', 'YYYY/MM/DD'));
INSERT INTO Ingresso (id_comprad, num_ingresso, dia_evento) VALUES ('34691155999', sqIngresso.nextval, TO_DATE('2023-02-04', 'YYYY/MM/DD'));
INSERT INTO Ingresso (id_comprad, num_ingresso, dia_evento) VALUES ('21944131764', sqIngresso.nextval, TO_DATE('2023-02-04', 'YYYY/MM/DD'));
INSERT INTO Ingresso (id_comprad, num_ingresso, dia_evento) VALUES ('21795171289', sqIngresso.nextval, TO_DATE('2023-02-04', 'YYYY/MM/DD'));
INSERT INTO Ingresso (id_comprad, num_ingresso, dia_evento) VALUES ('72232910851', sqIngresso.nextval, TO_DATE('2023-02-04', 'YYYY/MM/DD'));
INSERT INTO Ingresso (id_comprad, num_ingresso, dia_evento) VALUES ('69789991554', sqIngresso.nextval, TO_DATE('2023-02-05', 'YYYY/MM/DD'));
INSERT INTO Ingresso (id_comprad, num_ingresso, dia_evento) VALUES ('10265446611', sqIngresso.nextval, TO_DATE('2023-02-05', 'YYYY/MM/DD'));
INSERT INTO Ingresso (id_comprad, num_ingresso, dia_evento) VALUES ('76790529780', sqIngresso.nextval, TO_DATE('2023-02-05', 'YYYY/MM/DD'));
INSERT INTO Ingresso (id_comprad, num_ingresso, dia_evento) VALUES ('15259053368', sqIngresso.nextval, TO_DATE('2023-02-05', 'YYYY/MM/DD'));
INSERT INTO Ingresso (id_comprad, num_ingresso, dia_evento) VALUES ('43427744211', sqIngresso.nextval, TO_DATE('2023-02-05', 'YYYY/MM/DD'));
INSERT INTO Ingresso (id_comprad, num_ingresso, dia_evento) VALUES ('76699805375', sqIngresso.nextval, TO_DATE('2023-02-05', 'YYYY/MM/DD'));
INSERT INTO Ingresso (id_comprad, num_ingresso, dia_evento) VALUES ('55307207600', sqIngresso.nextval, TO_DATE('2023-02-05', 'YYYY/MM/DD'));
INSERT INTO Ingresso (id_comprad, num_ingresso, dia_evento) VALUES ('77872434457', sqIngresso.nextval, TO_DATE('2023-02-05', 'YYYY/MM/DD'));
INSERT INTO Ingresso (id_comprad, num_ingresso, dia_evento) VALUES ('24007615038', sqIngresso.nextval, TO_DATE('2023-02-05', 'YYYY/MM/DD'));
INSERT INTO Ingresso (id_comprad, num_ingresso, dia_evento) VALUES ('76793968263', sqIngresso.nextval, TO_DATE('2023-03-04', 'YYYY/MM/DD'));
INSERT INTO Ingresso (id_comprad, num_ingresso, dia_evento) VALUES ('74954875328', sqIngresso.nextval, TO_DATE('2023-03-04', 'YYYY/MM/DD'));
INSERT INTO Ingresso (id_comprad, num_ingresso, dia_evento) VALUES ('74007414244', sqIngresso.nextval, TO_DATE('2023-03-04', 'YYYY/MM/DD'));
INSERT INTO Ingresso (id_comprad, num_ingresso, dia_evento) VALUES ('98295843260', sqIngresso.nextval, TO_DATE('2023-03-04', 'YYYY/MM/DD'));
INSERT INTO Ingresso (id_comprad, num_ingresso, dia_evento) VALUES ('12855832666', sqIngresso.nextval, TO_DATE('2023-03-04', 'YYYY/MM/DD'));
INSERT INTO Ingresso (id_comprad, num_ingresso, dia_evento) VALUES ('95898659143', sqIngresso.nextval, TO_DATE('2023-03-04', 'YYYY/MM/DD'));
INSERT INTO Ingresso (id_comprad, num_ingresso, dia_evento) VALUES ('30603694922', sqIngresso.nextval, TO_DATE('2023-03-04', 'YYYY/MM/DD'));
INSERT INTO Ingresso (id_comprad, num_ingresso, dia_evento) VALUES ('97349443678', sqIngresso.nextval, TO_DATE('2023-03-04', 'YYYY/MM/DD'));
INSERT INTO Ingresso (id_comprad, num_ingresso, dia_evento) VALUES ('43267758510', sqIngresso.nextval, TO_DATE('2023-03-04', 'YYYY/MM/DD'));
INSERT INTO Ingresso (id_comprad, num_ingresso, dia_evento) VALUES ('97729351634', sqIngresso.nextval, TO_DATE('2023-03-05', 'YYYY/MM/DD'));
INSERT INTO Ingresso (id_comprad, num_ingresso, dia_evento) VALUES ('98585861961', sqIngresso.nextval, TO_DATE('2023-03-05', 'YYYY/MM/DD'));
INSERT INTO Ingresso (id_comprad, num_ingresso, dia_evento) VALUES ('63879736715', sqIngresso.nextval, TO_DATE('2023-03-05', 'YYYY/MM/DD'));
INSERT INTO Ingresso (id_comprad, num_ingresso, dia_evento) VALUES ('18167681462', sqIngresso.nextval, TO_DATE('2023-03-05', 'YYYY/MM/DD'));
INSERT INTO Ingresso (id_comprad, num_ingresso, dia_evento) VALUES ('96540305579', sqIngresso.nextval, TO_DATE('2023-03-05', 'YYYY/MM/DD'));
INSERT INTO Ingresso (id_comprad, num_ingresso, dia_evento) VALUES ('44671342173', sqIngresso.nextval, TO_DATE('2023-03-05', 'YYYY/MM/DD'));
INSERT INTO Ingresso (id_comprad, num_ingresso, dia_evento) VALUES ('77326388107', sqIngresso.nextval, TO_DATE('2023-03-05', 'YYYY/MM/DD'));
INSERT INTO Ingresso (id_comprad, num_ingresso, dia_evento) VALUES ('13624832200', sqIngresso.nextval, TO_DATE('2023-03-05', 'YYYY/MM/DD'));
INSERT INTO Ingresso (id_comprad, num_ingresso, dia_evento) VALUES ('30053124352', sqIngresso.nextval, TO_DATE('2023-03-05', 'YYYY/MM/DD'));
INSERT INTO Ingresso (id_comprad, num_ingresso, dia_evento) VALUES ('73208730933', sqIngresso.nextval, TO_DATE('2023-03-10', 'YYYY/MM/DD'));
INSERT INTO Ingresso (id_comprad, num_ingresso, dia_evento) VALUES ('49879549811', sqIngresso.nextval, TO_DATE('2023-03-10', 'YYYY/MM/DD'));
INSERT INTO Ingresso (id_comprad, num_ingresso, dia_evento) VALUES ('32540289848', sqIngresso.nextval, TO_DATE('2023-03-10', 'YYYY/MM/DD'));
INSERT INTO Ingresso (id_comprad, num_ingresso, dia_evento) VALUES ('74503391806', sqIngresso.nextval, TO_DATE('2023-03-10', 'YYYY/MM/DD'));
INSERT INTO Ingresso (id_comprad, num_ingresso, dia_evento) VALUES ('18508230195', sqIngresso.nextval, TO_DATE('2023-03-10', 'YYYY/MM/DD'));
INSERT INTO Ingresso (id_comprad, num_ingresso, dia_evento) VALUES ('13963126181', sqIngresso.nextval, TO_DATE('2023-03-10', 'YYYY/MM/DD'));
INSERT INTO Ingresso (id_comprad, num_ingresso, dia_evento) VALUES ('39418726593', sqIngresso.nextval, TO_DATE('2023-03-10', 'YYYY/MM/DD'));
INSERT INTO Ingresso (id_comprad, num_ingresso, dia_evento) VALUES ('88179303872', sqIngresso.nextval, TO_DATE('2023-03-10', 'YYYY/MM/DD'));
INSERT INTO Ingresso (id_comprad, num_ingresso, dia_evento) VALUES ('87198181231', sqIngresso.nextval, TO_DATE('2023-03-10', 'YYYY/MM/DD'));

-- POVOANDO COMPRA
CREATE SEQUENCE sqCompra
    MINVALUE 0
    MAXVALUE 300
    START WITH 1
    INCREMENT BY 1;

INSERT INTO Compra (comprador, num_ingresso, id_vendedor) VALUES ('30199388385', sqIngresso.nextval, '73000266174')
INSERT INTO Compra (comprador, num_ingresso, id_vendedor) VALUES ('47427712610', sqIngresso.nextval, '97026469138')
INSERT INTO Compra (comprador, num_ingresso, id_vendedor) VALUES ('29599507565', sqIngresso.nextval, '35420815293')
INSERT INTO Compra (comprador, num_ingresso, id_vendedor) VALUES ('57628148722', sqIngresso.nextval, '73000266174')
INSERT INTO Compra (comprador, num_ingresso, id_vendedor) VALUES ('12812080044', sqIngresso.nextval, '97026469138')
INSERT INTO Compra (comprador, num_ingresso, id_vendedor) VALUES ('64295837740', sqIngresso.nextval, '73000266174')
INSERT INTO Compra (comprador, num_ingresso, id_vendedor) VALUES ('65134974386', sqIngresso.nextval, '64369224486')
INSERT INTO Compra (comprador, num_ingresso, id_vendedor) VALUES ('49071844654', sqIngresso.nextval, '35420815293')
INSERT INTO Compra (comprador, num_ingresso, id_vendedor) VALUES ('56167488077', sqIngresso.nextval, '35420815293')
INSERT INTO Compra (comprador, num_ingresso, id_vendedor) VALUES ('38336868424', sqIngresso.nextval, '33222808842')
INSERT INTO Compra (comprador, num_ingresso, id_vendedor) VALUES ('58162796706', sqIngresso.nextval, '73000266174')
INSERT INTO Compra (comprador, num_ingresso, id_vendedor) VALUES ('74758815612', sqIngresso.nextval, '97026469138')
INSERT INTO Compra (comprador, num_ingresso, id_vendedor) VALUES ('56122432090', sqIngresso.nextval, '17329073342')
INSERT INTO Compra (comprador, num_ingresso, id_vendedor) VALUES ('12247919297', sqIngresso.nextval, '97026469138')
INSERT INTO Compra (comprador, num_ingresso, id_vendedor) VALUES ('17490321338', sqIngresso.nextval, '33222808842')
INSERT INTO Compra (comprador, num_ingresso, id_vendedor) VALUES ('29700737817', sqIngresso.nextval, '73000266174')
INSERT INTO Compra (comprador, num_ingresso, id_vendedor) VALUES ('27612094332', sqIngresso.nextval, '17329073342')
INSERT INTO Compra (comprador, num_ingresso, id_vendedor) VALUES ('40117047008', sqIngresso.nextval, '74249536227')
INSERT INTO Compra (comprador, num_ingresso, id_vendedor) VALUES ('52416538966', sqIngresso.nextval, '64369224486')
INSERT INTO Compra (comprador, num_ingresso, id_vendedor) VALUES ('42657296455', sqIngresso.nextval, '73000266174')
INSERT INTO Compra (comprador, num_ingresso, id_vendedor) VALUES ('71122532810', sqIngresso.nextval, '74249536227')
INSERT INTO Compra (comprador, num_ingresso, id_vendedor) VALUES ('43560681056', sqIngresso.nextval, '48706382013')
INSERT INTO Compra (comprador, num_ingresso, id_vendedor) VALUES ('80905097415', sqIngresso.nextval, '73000266174')
INSERT INTO Compra (comprador, num_ingresso, id_vendedor) VALUES ('14059155304', sqIngresso.nextval, '46047735257')
INSERT INTO Compra (comprador, num_ingresso, id_vendedor) VALUES ('19253087598', sqIngresso.nextval, '73000266174')
INSERT INTO Compra (comprador, num_ingresso, id_vendedor) VALUES ('37401423730', sqIngresso.nextval, '10330515020')
INSERT INTO Compra (comprador, num_ingresso, id_vendedor) VALUES ('32759444139', sqIngresso.nextval, '97026469138')
INSERT INTO Compra (comprador, num_ingresso, id_vendedor) VALUES ('14649378973', sqIngresso.nextval, '48706382013')
INSERT INTO Compra (comprador, num_ingresso, id_vendedor) VALUES ('58000327447', sqIngresso.nextval, '73000266174')
INSERT INTO Compra (comprador, num_ingresso, id_vendedor) VALUES ('48240968479', sqIngresso.nextval, '17329073342')
INSERT INTO Compra (comprador, num_ingresso, id_vendedor) VALUES ('78335091139', sqIngresso.nextval, '97026469138')
INSERT INTO Compra (comprador, num_ingresso, id_vendedor) VALUES ('70546768636', sqIngresso.nextval, '73000266174')
INSERT INTO Compra (comprador, num_ingresso, id_vendedor) VALUES ('22404928750', sqIngresso.nextval, '46047735257')
INSERT INTO Compra (comprador, num_ingresso, id_vendedor) VALUES ('70308341124', sqIngresso.nextval, '64369224486')
INSERT INTO Compra (comprador, num_ingresso, id_vendedor) VALUES ('25989990251', sqIngresso.nextval, '64369224486')
INSERT INTO Compra (comprador, num_ingresso, id_vendedor) VALUES ('75366156457', sqIngresso.nextval, '73000266174')
INSERT INTO Compra (comprador, num_ingresso, id_vendedor) VALUES ('69025221605', sqIngresso.nextval, '10330515020')
INSERT INTO Compra (comprador, num_ingresso, id_vendedor) VALUES ('54301553913', sqIngresso.nextval, '35420815293')
INSERT INTO Compra (comprador, num_ingresso, id_vendedor) VALUES ('66952515360', sqIngresso.nextval, '35420815293')
INSERT INTO Compra (comprador, num_ingresso, id_vendedor) VALUES ('20274888371', sqIngresso.nextval, '10330515020')
INSERT INTO Compra (comprador, num_ingresso, id_vendedor) VALUES ('38335808648', sqIngresso.nextval, '48706382013')
INSERT INTO Compra (comprador, num_ingresso, id_vendedor) VALUES ('96591124058', sqIngresso.nextval, '73000266174')
INSERT INTO Compra (comprador, num_ingresso, id_vendedor) VALUES ('74577588172', sqIngresso.nextval, '74249536227')
INSERT INTO Compra (comprador, num_ingresso, id_vendedor) VALUES ('28421344502', sqIngresso.nextval, '73000266174')
INSERT INTO Compra (comprador, num_ingresso, id_vendedor) VALUES ('98596987343', sqIngresso.nextval, '17329073342')
INSERT INTO Compra (comprador, num_ingresso, id_vendedor) VALUES ('68116821185', sqIngresso.nextval, '17329073342')
INSERT INTO Compra (comprador, num_ingresso, id_vendedor) VALUES ('46064949648', sqIngresso.nextval, '97026469138')
INSERT INTO Compra (comprador, num_ingresso, id_vendedor) VALUES ('81040473720', sqIngresso.nextval, '46047735257')
INSERT INTO Compra (comprador, num_ingresso, id_vendedor) VALUES ('59000464227', sqIngresso.nextval, '17329073342')
INSERT INTO Compra (comprador, num_ingresso, id_vendedor) VALUES ('34584407779', sqIngresso.nextval, '73000266174')
INSERT INTO Compra (comprador, num_ingresso, id_vendedor) VALUES ('28629680688', sqIngresso.nextval, '48706382013')
INSERT INTO Compra (comprador, num_ingresso, id_vendedor) VALUES ('18723001906', sqIngresso.nextval, '46047735257')
INSERT INTO Compra (comprador, num_ingresso, id_vendedor) VALUES ('23969104695', sqIngresso.nextval, '73000266174')
INSERT INTO Compra (comprador, num_ingresso, id_vendedor) VALUES ('52156994899', sqIngresso.nextval, '46047735257')
INSERT INTO Compra (comprador, num_ingresso, id_vendedor) VALUES ('18843477859', sqIngresso.nextval, '97026469138')
INSERT INTO Compra (comprador, num_ingresso, id_vendedor) VALUES ('42829067599', sqIngresso.nextval, '48706382013')
INSERT INTO Compra (comprador, num_ingresso, id_vendedor) VALUES ('42373211369', sqIngresso.nextval, '73000266174')
INSERT INTO Compra (comprador, num_ingresso, id_vendedor) VALUES ('85736048930', sqIngresso.nextval, '10330515020')
INSERT INTO Compra (comprador, num_ingresso, id_vendedor) VALUES ('43406326054', sqIngresso.nextval, '64369224486')
INSERT INTO Compra (comprador, num_ingresso, id_vendedor) VALUES ('78833704759', sqIngresso.nextval, '74249536227')
INSERT INTO Compra (comprador, num_ingresso, id_vendedor) VALUES ('75123135279', sqIngresso.nextval, '17329073342')
INSERT INTO Compra (comprador, num_ingresso, id_vendedor) VALUES ('60139985343', sqIngresso.nextval, '64369224486')
INSERT INTO Compra (comprador, num_ingresso, id_vendedor) VALUES ('81961611946', sqIngresso.nextval, '97026469138')
INSERT INTO Compra (comprador, num_ingresso, id_vendedor) VALUES ('15510735175', sqIngresso.nextval, '48706382013')
INSERT INTO Compra (comprador, num_ingresso, id_vendedor) VALUES ('12107757211', sqIngresso.nextval, '64369224486')
INSERT INTO Compra (comprador, num_ingresso, id_vendedor) VALUES ('18013645667', sqIngresso.nextval, '33222808842')
INSERT INTO Compra (comprador, num_ingresso, id_vendedor) VALUES ('27733831081', sqIngresso.nextval, '73000266174')
INSERT INTO Compra (comprador, num_ingresso, id_vendedor) VALUES ('31293248577', sqIngresso.nextval, '97026469138')
INSERT INTO Compra (comprador, num_ingresso, id_vendedor) VALUES ('84770625781', sqIngresso.nextval, '46047735257')
INSERT INTO Compra (comprador, num_ingresso, id_vendedor) VALUES ('32139874646', sqIngresso.nextval, '97026469138')
INSERT INTO Compra (comprador, num_ingresso, id_vendedor) VALUES ('59746510270', sqIngresso.nextval, '46047735257')
INSERT INTO Compra (comprador, num_ingresso, id_vendedor) VALUES ('51893041336', sqIngresso.nextval, '74249536227')
INSERT INTO Compra (comprador, num_ingresso, id_vendedor) VALUES ('73750364257', sqIngresso.nextval, '17329073342')
INSERT INTO Compra (comprador, num_ingresso, id_vendedor) VALUES ('73974779210', sqIngresso.nextval, '97026469138')
INSERT INTO Compra (comprador, num_ingresso, id_vendedor) VALUES ('91168976406', sqIngresso.nextval, '35420815293')
INSERT INTO Compra (comprador, num_ingresso, id_vendedor) VALUES ('31317938896', sqIngresso.nextval, '48706382013')
INSERT INTO Compra (comprador, num_ingresso, id_vendedor) VALUES ('21959150729', sqIngresso.nextval, '97026469138')
INSERT INTO Compra (comprador, num_ingresso, id_vendedor) VALUES ('34691155999', sqIngresso.nextval, '74249536227')
INSERT INTO Compra (comprador, num_ingresso, id_vendedor) VALUES ('21944131764', sqIngresso.nextval, '73000266174')
INSERT INTO Compra (comprador, num_ingresso, id_vendedor) VALUES ('21795171289', sqIngresso.nextval, '48706382013')
INSERT INTO Compra (comprador, num_ingresso, id_vendedor) VALUES ('72232910851', sqIngresso.nextval, '46047735257')
INSERT INTO Compra (comprador, num_ingresso, id_vendedor) VALUES ('69789991554', sqIngresso.nextval, '97026469138')
INSERT INTO Compra (comprador, num_ingresso, id_vendedor) VALUES ('10265446611', sqIngresso.nextval, '33222808842')
INSERT INTO Compra (comprador, num_ingresso, id_vendedor) VALUES ('76790529780', sqIngresso.nextval, '48706382013')
INSERT INTO Compra (comprador, num_ingresso, id_vendedor) VALUES ('15259053368', sqIngresso.nextval, '35420815293')
INSERT INTO Compra (comprador, num_ingresso, id_vendedor) VALUES ('43427744211', sqIngresso.nextval, '10330515020')
INSERT INTO Compra (comprador, num_ingresso, id_vendedor) VALUES ('76699805375', sqIngresso.nextval, '64369224486')
INSERT INTO Compra (comprador, num_ingresso, id_vendedor) VALUES ('55307207600', sqIngresso.nextval, '35420815293')
INSERT INTO Compra (comprador, num_ingresso, id_vendedor) VALUES ('77872434457', sqIngresso.nextval, '33222808842')
INSERT INTO Compra (comprador, num_ingresso, id_vendedor) VALUES ('24007615038', sqIngresso.nextval, '73000266174')
INSERT INTO Compra (comprador, num_ingresso, id_vendedor) VALUES ('76793968263', sqIngresso.nextval, '74249536227')
INSERT INTO Compra (comprador, num_ingresso, id_vendedor) VALUES ('74954875328', sqIngresso.nextval, '73000266174')
INSERT INTO Compra (comprador, num_ingresso, id_vendedor) VALUES ('74007414244', sqIngresso.nextval, '97026469138')
INSERT INTO Compra (comprador, num_ingresso, id_vendedor) VALUES ('98295843260', sqIngresso.nextval, '73000266174')
INSERT INTO Compra (comprador, num_ingresso, id_vendedor) VALUES ('12855832666', sqIngresso.nextval, '97026469138')
INSERT INTO Compra (comprador, num_ingresso, id_vendedor) VALUES ('95898659143', sqIngresso.nextval, '48706382013')
INSERT INTO Compra (comprador, num_ingresso, id_vendedor) VALUES ('30603694922', sqIngresso.nextval, '73000266174')
INSERT INTO Compra (comprador, num_ingresso, id_vendedor) VALUES ('97349443678', sqIngresso.nextval, '10330515020')
INSERT INTO Compra (comprador, num_ingresso, id_vendedor) VALUES ('43267758510', sqIngresso.nextval, '35420815293')
INSERT INTO Compra (comprador, num_ingresso, id_vendedor) VALUES ('97729351634', sqIngresso.nextval, '46047735257')
INSERT INTO Compra (comprador, num_ingresso, id_vendedor) VALUES ('98585861961', sqIngresso.nextval, '73000266174')
INSERT INTO Compra (comprador, num_ingresso, id_vendedor) VALUES ('63879736715', sqIngresso.nextval, '48706382013')
INSERT INTO Compra (comprador, num_ingresso, id_vendedor) VALUES ('18167681462', sqIngresso.nextval, '73000266174')
INSERT INTO Compra (comprador, num_ingresso, id_vendedor) VALUES ('96540305579', sqIngresso.nextval, '35420815293')
INSERT INTO Compra (comprador, num_ingresso, id_vendedor) VALUES ('44671342173', sqIngresso.nextval, '74249536227')
INSERT INTO Compra (comprador, num_ingresso, id_vendedor) VALUES ('77326388107', sqIngresso.nextval, '73000266174')
INSERT INTO Compra (comprador, num_ingresso, id_vendedor) VALUES ('13624832200', sqIngresso.nextval, '64369224486')
INSERT INTO Compra (comprador, num_ingresso, id_vendedor) VALUES ('30053124352', sqIngresso.nextval, '73000266174')
INSERT INTO Compra (comprador, num_ingresso, id_vendedor) VALUES ('73208730933', sqIngresso.nextval, '74249536227')
INSERT INTO Compra (comprador, num_ingresso, id_vendedor) VALUES ('49879549811', sqIngresso.nextval, '73000266174')
INSERT INTO Compra (comprador, num_ingresso, id_vendedor) VALUES ('32540289848', sqIngresso.nextval, '97026469138')
INSERT INTO Compra (comprador, num_ingresso, id_vendedor) VALUES ('74503391806', sqIngresso.nextval, '64369224486')
INSERT INTO Compra (comprador, num_ingresso, id_vendedor) VALUES ('18508230195', sqIngresso.nextval, '33222808842')
INSERT INTO Compra (comprador, num_ingresso, id_vendedor) VALUES ('13963126181', sqIngresso.nextval, '73000266174')
INSERT INTO Compra (comprador, num_ingresso, id_vendedor) VALUES ('39418726593', sqIngresso.nextval, '97026469138')
INSERT INTO Compra (comprador, num_ingresso, id_vendedor) VALUES ('88179303872', sqIngresso.nextval, '97026469138')
INSERT INTO Compra (comprador, num_ingresso, id_vendedor) VALUES ('87198181231', sqIngresso.nextval, '35420815293')
INSERT INTO Compra (comprador, num_ingresso, id_vendedor) VALUES ('49280045710', sqIngresso.nextval, '35420815293')

-- POVOANDO NOME_EQUIPAMENTOS
INSERT INTO Nome_equipamento (nome, preco) VALUES ('guitarra aceim preta', 500);
INSERT INTO Nome_equipamento (nome, preco) VALUES ('bateria yamaha', 2000);
INSERT INTO Nome_equipamento (nome, preco) VALUES ('baixo weiser', 400);
INSERT INTO Nome_equipamento (nome, preco) VALUES ('amplificador yamaha', 300);
INSERT INTO Nome_equipamento (nome, preco) VALUES ('guitarra jonson', 580);
INSERT INTO Nome_equipamento (nome, preco) VALUES ('refletor móvel', 890);
INSERT INTO Nome_equipamento (nome, preco) VALUES ('microfone sem fio', 30);
INSERT INTO Nome_equipamento (nome, preco) VALUES ('liberador de fumaça grande', 75);
INSERT INTO Nome_equipamento (nome, preco) VALUES ('teclado shueizer', 890);


-- POVOANDO EQUIPAMENTOS
INSERT INTO Equipamentos (nome, num_serie, tipo)  VALUES ('guitarra aceim preta', 3535, 'instrumento');
INSERT INTO Equipamentos (nome, num_serie, tipo)  VALUES ('bateria yamaha', 741644, 'instrumento');
INSERT INTO Equipamentos (nome, num_serie, tipo)  VALUES ('baixo weiser', 3433, 'instrumento');
INSERT INTO Equipamentos (nome, num_serie, tipo)  VALUES ('amplificador yamaha', 9352522, 'eletronico');
INSERT INTO Equipamentos (nome, num_serie, tipo)  VALUES ('liberador de fumaça grande', 8886444, 'eletronico');
INSERT INTO Equipamentos (nome, num_serie, tipo)  VALUES ('guitarra jonson', 4434, 'instrumento');
INSERT INTO Equipamentos (nome, num_serie, tipo)  VALUES ('refletor móvel', 3252555, 'eletronico');
INSERT INTO Equipamentos (nome, num_serie, tipo)  VALUES ('liberador de fumaça grande', 6466444, 'eletronico');
INSERT INTO Equipamentos (nome, num_serie, tipo)  VALUES ('amplificador yamaha', 7332544, 'eletronico');
INSERT INTO Equipamentos (nome, num_serie, tipo)  VALUES ('microfone sem fio', 5432543, 'eletronico');
INSERT INTO Equipamentos (nome, num_serie, tipo)  VALUES ('microfone sem fio', 4353454, 'eletronico');
INSERT INTO Equipamentos (nome, num_serie, tipo)  VALUES ('microfone sem fio', 4958234, 'eletronico');
INSERT INTO Equipamentos (nome, num_serie, tipo)  VALUES ('microfone sem fio', 1231225, 'eletronico');
INSERT INTO Equipamentos (nome, num_serie, tipo)  VALUES ('liberador de fumaça grande', 1234444, 'eletronico');
INSERT INTO Equipamentos (nome, num_serie, tipo)  VALUES ('teclado shueizer', 5335353, 'instrumento');
INSERT INTO Equipamentos (nome, num_serie, tipo)  VALUES ('amplificador yamaha', 7000522, 'eletronico');

-- POVOANDO ENCRREGA
INSERT INTO Encarrrega (id_manut, num_serie) VALUES ('87886107463', 3535);
INSERT INTO Encarrrega (id_manut, num_serie) VALUES ('87886107463', 741644);
INSERT INTO Encarrrega (id_manut, num_serie) VALUES ('73000266174', 3433);
INSERT INTO Encarrrega (id_manut, num_serie) VALUES ('97026469138', 9352522);
INSERT INTO Encarrrega (id_manut, num_serie) VALUES ('35420815293', 8886444);
INSERT INTO Encarrrega (id_manut, num_serie) VALUES ('64369224486', 4434);
INSERT INTO Encarrrega (id_manut, num_serie) VALUES ('17329073342', 3252555);
INSERT INTO Encarrrega (id_manut, num_serie) VALUES ('33222808842', 6466444);
INSERT INTO Encarrrega (id_manut, num_serie) VALUES ('74249536227', 7332544);
INSERT INTO Encarrrega (id_manut, num_serie) VALUES ('48706382013', 5432543);
INSERT INTO Encarrrega (id_manut, num_serie) VALUES ('10330515020', 4353454);
INSERT INTO Encarrrega (id_manut, num_serie) VALUES ('46047735257', 4958234);
INSERT INTO Encarrrega (id_manut, num_serie) VALUES ('74249536227', 1231225);
INSERT INTO Encarrrega (id_manut, num_serie) VALUES ('48706382013', 1234444);
INSERT INTO Encarrrega (id_manut, num_serie) VALUES ('10330515020', 5335353);
INSERT INTO Encarrrega (id_manut, num_serie) VALUES ('46047735257', 7000522);

-- POVOANDO PALCOS

INSERT INTO Palco (numero, tamanho) VALUES (1, '1000');
INSERT INTO Palco (numero, tamanho) VALUES (2, '2000');
INSERT INTO Palco (numero, tamanho) VALUES (3, '1300');
INSERT INTO Palco (numero, tamanho) VALUES (4, '400');

-- Populando tabela "Atracao"
INSERT INTO Atracao (nome, colaborante, cache) VALUES ('Banda Rockstar', NULL, 5000);
INSERT INTO Atracao (nome, colaborante, cache) VALUES ('Palestra Motivacional', 'Palestrante Y', 3000);
INSERT INTO Atracao (nome, colaborante, cache) VALUES ('Stand-up Comedy', NULL, 4000);
INSERT INTO Atracao (nome, colaborante, cache) VALUES ('Circo Mágico', NULL, 3500);
INSERT INTO Atracao (nome, colaborante, cache) VALUES ('Orquestra Sinfônica', NULL, 4500);
INSERT INTO Atracao (nome, colaborante, cache) VALUES ('Festival de Dança', NULL, 3800);
INSERT INTO Atracao (nome, colaborante, cache) VALUES ('Feira de Gastronomia', NULL, 4200);
INSERT INTO Atracao (nome, colaborante, cache) VALUES ('Espetáculo de Ilusionismo', NULL, 3200);
INSERT INTO Atracao (nome, colaborante, cache) VALUES ('Exposição de Arte', NULL, 3900);
INSERT INTO Atracao (nome, colaborante, cache) VALUES ('Filme ao ar livre', NULL, 2700);

-- povoamento tabela "Contatos"
INSERT INTO Contatos (atracao, contatos) VALUES ('Banda Rockstar', 'contato.bandarockstar@gmail.com');
INSERT INTO Contatos (atracao, contatos) VALUES ('Palestra Motivacional', 'contato.palestrantey@gov.com.br');
INSERT INTO Contatos (atracao, contatos) VALUES ('Stand-up Comedy', 'contato.standup@gov.com');
INSERT INTO Contatos (atracao, contatos) VALUES ('Circo Mágico', 'contato.circomagico@hotmail.com');
INSERT INTO Contatos (atracao, contatos) VALUES ('Orquestra Sinfônica', 'contato.orquestrasinfonica@yahoo.com');
INSERT INTO Contatos (atracao, contatos) VALUES ('Festival de Dança', 'contato.festivaldedanca@hotmail.com');
INSERT INTO Contatos (atracao, contatos) VALUES ('Feira de Gastronomia', 'contato.feiradegastronomia@gmail.com');
INSERT INTO Contatos (atracao, contatos) VALUES ('Espetáculo de Ilusionismo', 'contato.espetaculodeilusionismo@outlook.com');
INSERT INTO Contatos (atracao, contatos) VALUES ('Exposição de Arte', 'contato.exposicaodearte@hotmail.com');
INSERT INTO Contatos (atracao, contatos) VALUES ('Filme ao ar livre', 'contato.filmeaoarlivre@gmail.com');

-- povoamento tabela "Cronograma"
INSERT INTO Cronograma (atracao, data_hora_inicio, data_hora_termino) VALUES ('Banda Rockstar', '2023-07-20 18:00', '2023-07-20 20:00');
INSERT INTO Cronograma (atracao, data_hora_inicio, data_hora_termino) VALUES ('Palestra Motivacional', '2023-07-20 14:00', '2023-07-20 16:00');
INSERT INTO Cronograma (atracao, data_hora_inicio, data_hora_termino) VALUES ('Stand-up Comedy', '2023-07-21 20:30', '2023-07-21 22:30');
INSERT INTO Cronograma (atracao, data_hora_inicio, data_hora_termino) VALUES ('Circo Mágico', '2023-07-22 15:00', '2023-07-22 17:00');
INSERT INTO Cronograma (atracao, data_hora_inicio, data_hora_termino) VALUES ('Orquestra Sinfônica', '2023-07-23 19:30', '2023-07-23 22:00');
INSERT INTO Cronograma (atracao, data_hora_inicio, data_hora_termino) VALUES ('Festival de Dança', '2023-07-24 16:00', '2023-07-24 18:00');
INSERT INTO Cronograma (atracao, data_hora_inicio, data_hora_termino) VALUES ('Feira de Gastronomia', '2023-07-25 12:00', '2023-07-25 20:00');
INSERT INTO Cronograma (atracao, data_hora_inicio, data_hora_termino) VALUES ('Espetáculo de Ilusionismo', '2023-07-26 19:00', '2023-07-26 21:00');
INSERT INTO Cronograma (atracao, data_hora_inicio, data_hora_termino) VALUES ('Exposição de Arte', '2023-07-27 10:00', '2023-07-27 18:00');
INSERT INTO Cronograma (atracao, data_hora_inicio, data_hora_termino) VALUES ('Filme ao ar livre', '2023-07-28 19:30', '2023-07-28 22:00');

-- povoamento tabela "Show"
INSERT INTO Show (atracao, palco, horario, id_tecn) VALUES ('Banda Rockstar', 1, '2023-07-20 18:00-20:00', '94806948879');
INSERT INTO Show (atracao, palco, horario, id_tecn) VALUES ('Palestra Motivacional', 2, '2023-07-20 14:00-16:00', '82624610006');
INSERT INTO Show (atracao, palco, horario, id_tecn) VALUES ('Stand-up Comedy', 3, '2023-07-21 20:30-22:30', '20620832203');
INSERT INTO Show (atracao, palco, horario, id_tecn) VALUES ('Circo Mágico', 4, '2023-07-22 15:00-17:00', '23476315168');
INSERT INTO Show (atracao, palco, horario, id_tecn) VALUES ('Orquestra Sinfônica', 1, '2023-07-23 19:30-22:00', '22307947437');
INSERT INTO Show (atracao, palco, horario, id_tecn) VALUES ('Festival de Dança', 2, '2023-07-24 16:00-18:00', '69997282400');
INSERT INTO Show (atracao, palco, horario, id_tecn) VALUES ('Feira de Gastronomia', 3, '2023-07-25 12:00-20:00', '49696630305');
INSERT INTO Show (atracao, palco, horario, id_tecn) VALUES ('Espetáculo de Ilusionismo', 4, '2023-07-26 19:00-21:00', '31099445960');
INSERT INTO Show (atracao, palco, horario, id_tecn) VALUES ('Exposição de Arte', 1, '2023-07-27 10:00-18:00', '22307947437');
INSERT INTO Show (atracao, palco, horario, id_tecn) VALUES ('Filme ao ar livre', 2, '2023-07-28 19:30-22:00', '22307947437');



-- POVOANDO VISITANTE
INSERT INTO Visitante (id_visi) VALUES ('30199388385');
INSERT INTO Visitante (id_visi) VALUES ('47427712610');
INSERT INTO Visitante (id_visi) VALUES ('29599507565');
INSERT INTO Visitante (id_visi) VALUES ('57628148722');
INSERT INTO Visitante (id_visi) VALUES ('12812080044');
INSERT INTO Visitante (id_visi) VALUES ('64295837740');
INSERT INTO Visitante (id_visi) VALUES ('65134974386');
INSERT INTO Visitante (id_visi) VALUES ('49071844654');
INSERT INTO Visitante (id_visi) VALUES ('56167488077');
INSERT INTO Visitante (id_visi) VALUES ('38336868424');
INSERT INTO Visitante (id_visi) VALUES ('58162796706');
INSERT INTO Visitante (id_visi) VALUES ('74758815612');
INSERT INTO Visitante (id_visi) VALUES ('56122432090');
INSERT INTO Visitante (id_visi) VALUES ('12247919297');
INSERT INTO Visitante (id_visi) VALUES ('17490321338');
INSERT INTO Visitante (id_visi) VALUES ('29700737817');
INSERT INTO Visitante (id_visi) VALUES ('27612094332');
INSERT INTO Visitante (id_visi) VALUES ('40117047008');
INSERT INTO Visitante (id_visi) VALUES ('52416538966');
INSERT INTO Visitante (id_visi) VALUES ('42657296455');
INSERT INTO Visitante (id_visi) VALUES ('71122532810');
INSERT INTO Visitante (id_visi) VALUES ('43560681056');
INSERT INTO Visitante (id_visi) VALUES ('80905097415');
INSERT INTO Visitante (id_visi) VALUES ('14059155304');
INSERT INTO Visitante (id_visi) VALUES ('19253087598');
INSERT INTO Visitante (id_visi) VALUES ('37401423730');
INSERT INTO Visitante (id_visi) VALUES ('32759444139');
INSERT INTO Visitante (id_visi) VALUES ('14649378973');
INSERT INTO Visitante (id_visi) VALUES ('58000327447');
INSERT INTO Visitante (id_visi) VALUES ('48240968479');
INSERT INTO Visitante (id_visi) VALUES ('78335091139');
INSERT INTO Visitante (id_visi) VALUES ('70546768636');
INSERT INTO Visitante (id_visi) VALUES ('22404928750');
INSERT INTO Visitante (id_visi) VALUES ('70308341124');
INSERT INTO Visitante (id_visi) VALUES ('25989990251');
INSERT INTO Visitante (id_visi) VALUES ('75366156457');
INSERT INTO Visitante (id_visi) VALUES ('69025221605');
INSERT INTO Visitante (id_visi) VALUES ('54301553913');
INSERT INTO Visitante (id_visi) VALUES ('66952515360');
INSERT INTO Visitante (id_visi) VALUES ('20274888371');
INSERT INTO Visitante (id_visi) VALUES ('38335808648');
INSERT INTO Visitante (id_visi) VALUES ('96591124058');
INSERT INTO Visitante (id_visi) VALUES ('74577588172');
INSERT INTO Visitante (id_visi) VALUES ('28421344502');
INSERT INTO Visitante (id_visi) VALUES ('98596987343');
INSERT INTO Visitante (id_visi) VALUES ('68116821185');
INSERT INTO Visitante (id_visi) VALUES ('46064949648');
INSERT INTO Visitante (id_visi) VALUES ('81040473720');
INSERT INTO Visitante (id_visi) VALUES ('59000464227');
INSERT INTO Visitante (id_visi) VALUES ('34584407779');
INSERT INTO Visitante (id_visi) VALUES ('28629680688');
INSERT INTO Visitante (id_visi) VALUES ('18723001906');
INSERT INTO Visitante (id_visi) VALUES ('23969104695');
INSERT INTO Visitante (id_visi) VALUES ('52156994899');
INSERT INTO Visitante (id_visi) VALUES ('18843477859');
INSERT INTO Visitante (id_visi) VALUES ('42829067599');
INSERT INTO Visitante (id_visi) VALUES ('42373211369');
INSERT INTO Visitante (id_visi) VALUES ('85736048930');
INSERT INTO Visitante (id_visi) VALUES ('43406326054');
INSERT INTO Visitante (id_visi) VALUES ('78833704759');
INSERT INTO Visitante (id_visi) VALUES ('75123135279');
INSERT INTO Visitante (id_visi) VALUES ('60139985343');
INSERT INTO Visitante (id_visi) VALUES ('81961611946');
INSERT INTO Visitante (id_visi) VALUES ('15510735175');
INSERT INTO Visitante (id_visi) VALUES ('12107757211');
INSERT INTO Visitante (id_visi) VALUES ('18013645667');
INSERT INTO Visitante (id_visi) VALUES ('27733831081');
INSERT INTO Visitante (id_visi) VALUES ('31293248577');
INSERT INTO Visitante (id_visi) VALUES ('84770625781');
INSERT INTO Visitante (id_visi) VALUES ('32139874646');
INSERT INTO Visitante (id_visi) VALUES ('59746510270');
INSERT INTO Visitante (id_visi) VALUES ('51893041336');
INSERT INTO Visitante (id_visi) VALUES ('73750364257');
INSERT INTO Visitante (id_visi) VALUES ('73974779210');
INSERT INTO Visitante (id_visi) VALUES ('91168976406');
INSERT INTO Visitante (id_visi) VALUES ('31317938896');
INSERT INTO Visitante (id_visi) VALUES ('21959150729');
INSERT INTO Visitante (id_visi) VALUES ('34691155999');
INSERT INTO Visitante (id_visi) VALUES ('21944131764');
INSERT INTO Visitante (id_visi) VALUES ('21795171289');
INSERT INTO Visitante (id_visi) VALUES ('72232910851');
INSERT INTO Visitante (id_visi) VALUES ('69789991554');
INSERT INTO Visitante (id_visi) VALUES ('10265446611');
INSERT INTO Visitante (id_visi) VALUES ('76790529780');
INSERT INTO Visitante (id_visi) VALUES ('15259053368');
INSERT INTO Visitante (id_visi) VALUES ('43427744211');
INSERT INTO Visitante (id_visi) VALUES ('76699805375');
INSERT INTO Visitante (id_visi) VALUES ('55307207600');
INSERT INTO Visitante (id_visi) VALUES ('77872434457');
INSERT INTO Visitante (id_visi) VALUES ('24007615038');
INSERT INTO Visitante (id_visi) VALUES ('76793968263');
INSERT INTO Visitante (id_visi) VALUES ('74954875328');
INSERT INTO Visitante (id_visi) VALUES ('74007414244');
INSERT INTO Visitante (id_visi) VALUES ('98295843260');
INSERT INTO Visitante (id_visi) VALUES ('12855832666');
INSERT INTO Visitante (id_visi) VALUES ('95898659143');
INSERT INTO Visitante (id_visi) VALUES ('30603694922');
INSERT INTO Visitante (id_visi) VALUES ('97349443678');
INSERT INTO Visitante (id_visi) VALUES ('43267758510');
INSERT INTO Visitante (id_visi) VALUES ('97729351634');
INSERT INTO Visitante (id_visi) VALUES ('98585861961');
INSERT INTO Visitante (id_visi) VALUES ('63879736715');
INSERT INTO Visitante (id_visi) VALUES ('18167681462');
INSERT INTO Visitante (id_visi) VALUES ('96540305579');
INSERT INTO Visitante (id_visi) VALUES ('44671342173');
INSERT INTO Visitante (id_visi) VALUES ('77326388107');
INSERT INTO Visitante (id_visi) VALUES ('13624832200');
INSERT INTO Visitante (id_visi) VALUES ('30053124352');
INSERT INTO Visitante (id_visi) VALUES ('73208730933');
INSERT INTO Visitante (id_visi) VALUES ('49879549811');
INSERT INTO Visitante (id_visi) VALUES ('32540289848');
INSERT INTO Visitante (id_visi) VALUES ('74503391806');
INSERT INTO Visitante (id_visi) VALUES ('18508230195');
INSERT INTO Visitante (id_visi) VALUES ('13963126181');
INSERT INTO Visitante (id_visi) VALUES ('39418726593');
INSERT INTO Visitante (id_visi) VALUES ('88179303872');
INSERT INTO Visitante (id_visi) VALUES ('87198181231');
INSERT INTO Visitante (id_visi) VALUES ('49280045710');