-- POVOANDO ENDERECOS
INSERT INTO Endereco (cep, rua, cidade, pais, estado) VALUES ('54321-876', 'Avenida Principal', 'Avenida Principal', 'Brasil');
INSERT INTO Endereco (cep, rua, cidade, pais, estado) VALUES ('12345-678', 'Avenida das Flores', 'Avenida das Flores', 'Brasil');
INSERT INTO Endereco (cep, rua, cidade, pais, estado) VALUES ('98765-432', 'Rua dos Pássaros', 'Rua dos Pássaros', 'Brasil');
INSERT INTO Endereco (cep, rua, cidade, pais, estado) VALUES ('23456-789', 'Alameda das Palmeiras', 'Alameda das Palmeiras', 'Brasil');
INSERT INTO Endereco (cep, rua, cidade, pais, estado) VALUES ('87654-321', 'Praça Central', 'Praça Central', 'Brasil');
INSERT INTO Endereco (cep, rua, cidade, pais, estado) VALUES ('54321-098', 'Rua da Esperança', 'Rua da Esperança', 'Brasil');
INSERT INTO Endereco (cep, rua, cidade, pais, estado) VALUES ('12345-567', 'Avenida da Liberdade', 'Avenida da Liberdade', 'Brasil');
INSERT INTO Endereco (cep, rua, cidade, pais, estado) VALUES ('98765-456', 'Rua dos Girassóis', 'Rua dos Girassóis', 'Brasil');
INSERT INTO Endereco (cep, rua, cidade, pais, estado) VALUES ('23456-654', 'Praça das Águas', 'Praça das Águas', 'Brasil');
INSERT INTO Endereco (cep, rua, cidade, pais, estado) VALUES ('87654-890', 'Rua do Mar', 'Rua do Mar', 'Brasil');
INSERT INTO Endereco (cep, rua, cidade, pais, estado) VALUES ('54321-234', 'Avenida das Montanhas', 'Avenida das Montanhas', 'Brasil');
INSERT INTO Endereco (cep, rua, cidade, pais, estado) VALUES ('12345-789', 'Alameda dos Ipês', 'Alameda dos Ipês', 'Brasil');
INSERT INTO Endereco (cep, rua, cidade, pais, estado) VALUES ('98765-890', 'Rua das Estrelas', 'Rua das Estrelas', 'Brasil');
INSERT INTO Endereco (cep, rua, cidade, pais, estado) VALUES ('23456-123', 'Praça do Sol', 'Praça do Sol', 'Brasil');
INSERT INTO Endereco (cep, rua, cidade, pais, estado) VALUES ('87654-567', 'Rua das Ondas', 'Rua das Ondas', 'Brasil');
INSERT INTO Endereco (cep, rua, cidade, pais, estado) VALUES ('54321-678', 'Avenida das Gaivotas', 'Avenida das Gaivotas', 'Brasil');
INSERT INTO Endereco (cep, rua, cidade, pais, estado) VALUES ('12345-321', 'Alameda dos Coqueiros', 'Alameda dos Coqueiros', 'Brasil');
INSERT INTO Endereco (cep, rua, cidade, pais, estado) VALUES ('98765-567', 'Rua das Nuvens', 'Rua das Nuvens', 'Brasil');
INSERT INTO Endereco (cep, rua, cidade, pais, estado) VALUES ('23456-890', 'Praça das Laranjeiras', 'Praça das Laranjeiras', 'Brasil');
INSERT INTO Endereco (cep, rua, cidade, pais, estado) VALUES ('87654-234', 'Rua dos Ventos', 'Rua dos Ventos', 'Brasil');
INSERT INTO Endereco (cep, rua, cidade, pais, estado) VALUES ('54321-789', 'Avenida das Árvores', 'Avenida das Árvores', 'Brasil');
INSERT INTO Endereco (cep, rua, cidade, pais, estado) VALUES ('12345-456', 'Alameda do Lago', 'Alameda do Lago', 'Brasil');
INSERT INTO Endereco (cep, rua, cidade, pais, estado) VALUES ('98765-123', 'Rua das Cachoeiras', 'Rua das Cachoeiras', 'Brasil');
INSERT INTO Endereco (cep, rua, cidade, pais, estado) VALUES ('23456-678', 'Praça do Largo', 'Praça do Largo', 'Brasil');
INSERT INTO Endereco (cep, rua, cidade, pais, estado) VALUES ('87654-321', 'Rua do Bosque', 'Rua do Bosque', 'Brasil');
INSERT INTO Endereco (cep, rua, cidade, pais, estado) VALUES ('54321-098', 'Avenida das Praias', 'Avenida das Praias', 'Brasil');
INSERT INTO Endereco (cep, rua, cidade, pais, estado) VALUES ('12345-567', 'Alameda das Dunas', 'Alameda das Dunas', 'Brasil');
INSERT INTO Endereco (cep, rua, cidade, pais, estado) VALUES ('98765-890', 'Rua do Rio', 'Rua do Rio', 'Brasil');
INSERT INTO Endereco (cep, rua, cidade, pais, estado) VALUES ('23456-123', 'Praça do Cais', 'Praça do Cais', 'Brasil');
INSERT INTO Endereco (cep, rua, cidade, pais, estado) VALUES ('87654-567', 'Rua das Pedras', 'Rua das Pedras', 'Brasil');
INSERT INTO Endereco (cep, rua, cidade, pais, estado) VALUES ('54321-678', 'Avenida das Montanhas', 'Avenida das Montanhas', 'Brasil');
INSERT INTO Endereco (cep, rua, cidade, pais, estado) VALUES ('12345-321', 'Alameda dos Pássaros', 'Alameda dos Pássaros', 'Brasil');
INSERT INTO Endereco (cep, rua, cidade, pais, estado) VALUES ('98765-567', 'Rua do Maracanã', 'Rua do Maracanã', 'Brasil');
INSERT INTO Endereco (cep, rua, cidade, pais, estado) VALUES ('23456-890', 'Praça da Sé', 'Praça da Sé', 'Brasil');
INSERT INTO Endereco (cep, rua, cidade, pais, estado) VALUES ('87654-234', 'Rua dos Pinheiros', 'Rua dos Pinheiros', 'Brasil');
INSERT INTO Endereco (cep, rua, cidade, pais, estado) VALUES ('54321-789', 'Avenida das Flores', 'Avenida das Flores', 'Brasil');
INSERT INTO Endereco (cep, rua, cidade, pais, estado) VALUES ('12345-456', 'Alameda das Águas', 'Alameda das Águas', 'Brasil');
INSERT INTO Endereco (cep, rua, cidade, pais, estado) VALUES ('98765-123', 'Rua das Praias', 'Rua das Praias', 'Brasil');
INSERT INTO Endereco (cep, rua, cidade, pais, estado) VALUES ('23456-678', 'Praça das Montanhas', 'Praça das Montanhas', 'Brasil');
INSERT INTO Endereco (cep, rua, cidade, pais, estado) VALUES ('87654-321', 'Rua dos Coqueiros', 'Rua dos Coqueiros', 'Brasil');
INSERT INTO Endereco (cep, rua, cidade, pais, estado) VALUES ('54321-098', 'Avenida das Estrelas', 'Avenida das Estrelas', 'Brasil');
INSERT INTO Endereco (cep, rua, cidade, pais, estado) VALUES ('12345-567', 'Alameda das Nuvens', 'Alameda das Nuvens', 'Brasil');
INSERT INTO Endereco (cep, rua, cidade, pais, estado) VALUES ('98765-890', 'Rua das Gaivotas', 'Rua das Gaivotas', 'Brasil');
INSERT INTO Endereco (cep, rua, cidade, pais, estado) VALUES ('23456-123', 'Praça do Sol', 'Praça do Sol', 'Brasil');
INSERT INTO Endereco (cep, rua, cidade, pais, estado) VALUES ('87654-567', 'Rua dos Girassóis', 'Rua dos Girassóis', 'Brasil');
INSERT INTO Endereco (cep, rua, cidade, pais, estado) VALUES ('54321-678', 'Avenida das Montanhas', 'Avenida das Montanhas', 'Brasil');
INSERT INTO Endereco (cep, rua, cidade, pais, estado) VALUES ('12345-321', 'Alameda dos Ipês', 'Alameda dos Ipês', 'Brasil');
INSERT INTO Endereco (cep, rua, cidade, pais, estado) VALUES ('98765-567', 'Rua das Laranjeiras', 'Rua das Laranjeiras', 'Brasil');
INSERT INTO Endereco (cep, rua, cidade, pais, estado) VALUES ('23456-890', 'Praça do Largo', 'Praça do Largo', 'Brasil');
INSERT INTO Endereco (cep, rua, cidade, pais, estado) VALUES ('87654-234', 'Rua do Bosque', 'Rua do Bosque', 'Brasil');
INSERT INTO Endereco (cep, rua, cidade, pais, estado) VALUES ('54321-789', 'Avenida das Árvores', 'Avenida das Árvores', 'Brasil');
INSERT INTO Endereco (cep, rua, cidade, pais, estado) VALUES ('12345-456', 'Alameda do Lago', 'Alameda do Lago', 'Brasil');
INSERT INTO Endereco (cep, rua, cidade, pais, estado) VALUES ('98765-123', 'Rua das Praias', 'Rua das Praias', 'Brasil');
INSERT INTO Endereco (cep, rua, cidade, pais, estado) VALUES ('23456-678', 'Praça do Cais', 'Praça do Cais', 'Brasil');
INSERT INTO Endereco (cep, rua, cidade, pais, estado) VALUES ('87654-321', 'Rua dos Ventos', 'Rua dos Ventos', 'Brasil');
INSERT INTO Endereco (cep, rua, cidade, pais, estado) VALUES ('54321-098', 'Avenida das Praias', 'Avenida das Praias', 'Brasil');
INSERT INTO Endereco (cep, rua, cidade, pais, estado) VALUES ('12345-567', 'Alameda das Dunas', 'Alameda das Dunas', 'Brasil');
INSERT INTO Endereco (cep, rua, cidade, pais, estado) VALUES ('98765-890', 'Rua do Rio', 'Rua do Rio', 'Brasil');
INSERT INTO Endereco (cep, rua, cidade, pais, estado) VALUES ('23456-123', 'Praça do Largo', 'Praça do Largo', 'Brasil');
INSERT INTO Endereco (cep, rua, cidade, pais, estado) VALUES ('87654-567', 'Rua das Pedras', 'Rua das Pedras', 'Brasil');
INSERT INTO Endereco (cep, rua, cidade, pais, estado) VALUES ('54321-678', 'Avenida das Montanhas', 'Avenida das Montanhas', 'Brasil');
INSERT INTO Endereco (cep, rua, cidade, pais, estado) VALUES ('12345-321', 'Alameda dos Pássaros', 'Alameda dos Pássaros', 'Brasil');
INSERT INTO Endereco (cep, rua, cidade, pais, estado) VALUES ('98765-567', 'Rua do Maracanã', 'Rua do Maracanã', 'Brasil');
INSERT INTO Endereco (cep, rua, cidade, pais, estado) VALUES ('23456-890', 'Praça da Sé', 'Praça da Sé', 'Brasil');
INSERT INTO Endereco (cep, rua, cidade, pais, estado) VALUES ('87654-234', 'Rua dos Pinheiros', 'Rua dos Pinheiros', 'Brasil');
INSERT INTO Endereco (cep, rua, cidade, pais, estado) VALUES ('54321-789', 'Avenida das Flores', 'Avenida das Flores', 'Brasil');
INSERT INTO Endereco (cep, rua, cidade, pais, estado) VALUES ('12345-456', 'Alameda das Águas', 'Alameda das Águas', 'Brasil');
INSERT INTO Endereco (cep, rua, cidade, pais, estado) VALUES ('98765-123', 'Rua das Praias', 'Rua das Praias', 'Brasil');
INSERT INTO Endereco (cep, rua, cidade, pais, estado) VALUES ('23456-678', 'Praça das Montanhas', 'Praça das Montanhas', 'Brasil');
INSERT INTO Endereco (cep, rua, cidade, pais, estado) VALUES ('87654-321', 'Rua dos Coqueiros', 'Rua dos Coqueiros', 'Brasil');
INSERT INTO Endereco (cep, rua, cidade, pais, estado) VALUES ('54321-098', 'Avenida das Estrelas', 'Avenida das Estrelas', 'Brasil');
INSERT INTO Endereco (cep, rua, cidade, pais, estado) VALUES ('12345-567', 'Alameda das Nuvens', 'Alameda das Nuvens', 'Brasil');
INSERT INTO Endereco (cep, rua, cidade, pais, estado) VALUES ('98765-890', 'Rua das Gaivotas', 'Rua das Gaivotas', 'Brasil');
INSERT INTO Endereco (cep, rua, cidade, pais, estado) VALUES ('23456-123', 'Praça do Sol', 'Praça do Sol', 'Brasil');
INSERT INTO Endereco (cep, rua, cidade, pais, estado) VALUES ('87654-567', 'Rua dos Girassóis', 'Rua dos Girassóis', 'Brasil');
INSERT INTO Endereco (cep, rua, cidade, pais, estado) VALUES ('54321-678', 'Avenida das Montanhas', 'Avenida das Montanhas', 'Brasil');
INSERT INTO Endereco (cep, rua, cidade, pais, estado) VALUES ('12345-321', 'Alameda dos Ipês', 'Alameda dos Ipês', 'Brasil');
INSERT INTO Endereco (cep, rua, cidade, pais, estado) VALUES ('98765-567', 'Rua das Laranjeiras', 'Rua das Laranjeiras', 'Brasil');
INSERT INTO Endereco (cep, rua, cidade, pais, estado) VALUES ('23456-890', 'Praça do Largo', 'Praça do Largo', 'Brasil');
INSERT INTO Endereco (cep, rua, cidade, pais, estado) VALUES ('87654-234', 'Rua do Bosque', 'Rua do Bosque', 'Brasil');
INSERT INTO Endereco (cep, rua, cidade, pais, estado) VALUES ('54321-789', 'Avenida das Árvores', 'Avenida das Árvores', 'Brasil');
INSERT INTO Endereco (cep, rua, cidade, pais, estado) VALUES ('12345-456', 'Alameda do Lago', 'Alameda do Lago', 'Brasil');
INSERT INTO Endereco (cep, rua, cidade, pais, estado) VALUES ('98765-123', 'Rua das Praias', 'Rua das Praias', 'Brasil');
INSERT INTO Endereco (cep, rua, cidade, pais, estado) VALUES ('23456-678', 'Praça das Montanhas', 'Praça das Montanhas', 'Brasil');
INSERT INTO Endereco (cep, rua, cidade, pais, estado) VALUES ('87654-321', 'Rua dos Coqueiros', 'Rua dos Coqueiros', 'Brasil');
INSERT INTO Endereco (cep, rua, cidade, pais, estado) VALUES ('54321-098', 'Avenida das Estrelas', 'Avenida das Estrelas', 'Brasil');
INSERT INTO Endereco (cep, rua, cidade, pais, estado) VALUES ('12345-567', 'Alameda das Nuvens', 'Alameda das Nuvens', 'Brasil');
INSERT INTO Endereco (cep, rua, cidade, pais, estado) VALUES ('98765-890', 'Rua das Gaivotas', 'Rua das Gaivotas', 'Brasil');
INSERT INTO Endereco (cep, rua, cidade, pais, estado) VALUES ('23456-123', 'Praça do Sol', 'Praça do Sol', 'Brasil');
INSERT INTO Endereco (cep, rua, cidade, pais, estado) VALUES ('87654-567', 'Rua dos Girassóis', 'Rua dos Girassóis', 'Brasil');
INSERT INTO Endereco (cep, rua, cidade, pais, estado) VALUES ('54321-678', 'Avenida das Montanhas', 'Avenida das Montanhas', 'Brasil');
INSERT INTO Endereco (cep, rua, cidade, pais, estado) VALUES ('12345-321', 'Alameda dos Ipês', 'Alameda dos Ipês', 'Brasil');
INSERT INTO Endereco (cep, rua, cidade, pais, estado) VALUES ('98765-567', 'Rua das Laranjeiras', 'Rua das Laranjeiras', 'Brasil');
INSERT INTO Endereco (cep, rua, cidade, pais, estado) VALUES ('23456-890', 'Praça do Largo', 'Praça do Largo', 'Brasil');
INSERT INTO Endereco (cep, rua, cidade, pais, estado) VALUES ('87654-234', 'Rua do Bosque', 'Rua do Bosque', 'Brasil');
INSERT INTO Endereco (cep, rua, cidade, pais, estado) VALUES ('54321-789', 'Avenida das Árvores', 'Avenida das Árvores', 'Brasil');
INSERT INTO Endereco (cep, rua, cidade, pais, estado) VALUES ('12345-456', 'Alameda do Lago', 'Alameda do Lago', 'Brasil');
INSERT INTO Endereco (cep, rua, cidade, pais, estado) VALUES ('98765-123', 'Rua das Praias', 'Rua das Praias', 'Brasil');
INSERT INTO Endereco (cep, rua, cidade, pais, estado) VALUES ('23456-678', 'Praça das Montanhas', 'Praça das Montanhas', 'Brasil');
INSERT INTO Endereco (cep, rua, cidade, pais, estado) VALUES ('87654-321', 'Rua dos Coqueiros', 'Rua dos Coqueiros', 'Brasil');
INSERT INTO Endereco (cep, rua, cidade, pais, estado) VALUES ('54321-098', 'Avenida das Estrelas', 'Avenida das Estrelas', 'Brasil');
INSERT INTO Endereco (cep, rua, cidade, pais, estado) VALUES ('12345-567', 'Alameda das Nuvens', 'Alameda das Nuvens', 'Brasil');
INSERT INTO Endereco (cep, rua, cidade, pais, estado) VALUES ('98765-890', 'Rua das Gaivotas', 'Rua das Gaivotas', 'Brasil');
INSERT INTO Endereco (cep, rua, cidade, pais, estado) VALUES ('23456-123', 'Praça do Sol', 'Praça do Sol', 'Brasil');
INSERT INTO Endereco (cep, rua, cidade, pais, estado) VALUES ('87654-567', 'Rua dos Girassóis', 'Rua dos Girassóis', 'Brasil');
INSERT INTO Endereco (cep, rua, cidade, pais, estado) VALUES ('54321-678', 'Avenida das Montanhas', 'Avenida das Montanhas', 'Brasil');
INSERT INTO Endereco (cep, rua, cidade, pais, estado) VALUES ('12345-321', 'Alameda dos Ipês', 'Alameda dos Ipês', 'Brasil');
INSERT INTO Endereco (cep, rua, cidade, pais, estado) VALUES ('98765-567', 'Rua das Laranjeiras', 'Rua das Laranjeiras', 'Brasil');
INSERT INTO Endereco (cep, rua, cidade, pais, estado) VALUES ('23456-890', 'Praça do Largo', 'Praça do Largo', 'Brasil');
INSERT INTO Endereco (cep, rua, cidade, pais, estado) VALUES ('87654-234', 'Rua do Bosque', 'Rua do Bosque', 'Brasil');
INSERT INTO Endereco (cep, rua, cidade, pais, estado) VALUES ('54321-789', 'Avenida das Árvores', 'Avenida das Árvores', 'Brasil');
INSERT INTO Endereco (cep, rua, cidade, pais, estado) VALUES ('12345-456', 'Alameda do Lago', 'Alameda do Lago', 'Brasil');
INSERT INTO Endereco (cep, rua, cidade, pais, estado) VALUES ('98765-123', 'Rua das Praias', 'Rua das Praias', 'Brasil');
INSERT INTO Endereco (cep, rua, cidade, pais, estado) VALUES ('23456-678', 'Praça das Montanhas', 'Praça das Montanhas', 'Brasil');
INSERT INTO Endereco (cep, rua, cidade, pais, estado) VALUES ('87654-321', 'Rua dos Coqueiros', 'Rua dos Coqueiros', 'Brasil');
INSERT INTO Endereco (cep, rua, cidade, pais, estado) VALUES ('54321-098', 'Avenida das Estrelas', 'Avenida das Estrelas', 'Brasil');
INSERT INTO Endereco (cep, rua, cidade, pais, estado) VALUES ('12345-567', 'Alameda das Nuvens', 'Alameda das Nuvens', 'Brasil');
INSERT INTO Endereco (cep, rua, cidade, pais, estado) VALUES ('98765-890', 'Rua das Gaivotas', 'Rua das Gaivotas', 'Brasil');
INSERT INTO Endereco (cep, rua, cidade, pais, estado) VALUES ('23456-123', 'Praça do Sol', 'Praça do Sol', 'Brasil');
INSERT INTO Endereco (cep, rua, cidade, pais, estado) VALUES ('87654-567', 'Rua dos Girassóis', 'Rua dos Girassóis', 'Brasil');
INSERT INTO Endereco (cep, rua, cidade, pais, estado) VALUES ('54321-678', 'Avenida das Montanhas', 'Avenida das Montanhas', 'Brasil');
INSERT INTO Endereco (cep, rua, cidade, pais, estado) VALUES ('12345-321', 'Alameda dos Ipês', 'Alameda dos Ipês', 'Brasil');
INSERT INTO Endereco (cep, rua, cidade, pais, estado) VALUES ('98765-567', 'Rua das Laranjeiras', 'Rua das Laranjeiras', 'Brasil');
INSERT INTO Endereco (cep, rua, cidade, pais, estado) VALUES ('23456-890', 'Praça do Largo', 'Praça do Largo', 'Brasil');
INSERT INTO Endereco (cep, rua, cidade, pais, estado) VALUES ('87654-234', 'Rua do Bosque', 'Rua do Bosque', 'Brasil');
INSERT INTO Endereco (cep, rua, cidade, pais, estado) VALUES ('54321-789', 'Avenida das Árvores', 'Avenida das Árvores', 'Brasil');
INSERT INTO Endereco (cep, rua, cidade, pais, estado) VALUES ('12345-456', 'Alameda do Lago', 'Alameda do Lago', 'Brasil');
INSERT INTO Endereco (cep, rua, cidade, pais, estado) VALUES ('98765-123', 'Rua das Praias', 'Rua das Praias', 'Brasil');
INSERT INTO Endereco (cep, rua, cidade, pais, estado) VALUES ('23456-678', 'Praça das Montanhas', 'Praça das Montanhas', 'Brasil');
INSERT INTO Endereco (cep, rua, cidade, pais, estado) VALUES ('87654-321', 'Rua dos Coqueiros', 'Rua dos Coqueiros', 'Brasil');
INSERT INTO Endereco (cep, rua, cidade, pais, estado) VALUES ('54321-098', 'Avenida das Estrelas', 'Avenida das Estrelas', 'Brasil');
INSERT INTO Endereco (cep, rua, cidade, pais, estado) VALUES ('12345-567', 'Alameda das Nuvens', 'Alameda das Nuvens', 'Brasil');
INSERT INTO Endereco (cep, rua, cidade, pais, estado) VALUES ('98765-890', 'Rua das Gaivotas', 'Rua das Gaivotas', 'Brasil');
INSERT INTO Endereco (cep, rua, cidade, pais, estado) VALUES ('23456-123', 'Praça do Sol', 'Praça do Sol', 'Brasil');
INSERT INTO Endereco (cep, rua, cidade, pais, estado) VALUES ('87654-567', 'Rua dos Girassóis', 'Rua dos Girassóis', 'Brasil');
INSERT INTO Endereco (cep, rua, cidade, pais, estado) VALUES ('54321-678', 'Avenida das Montanhas', 'Avenida das Montanhas', 'Brasil');
INSERT INTO Endereco (cep, rua, cidade, pais, estado) VALUES ('12345-321', 'Alameda dos Ipês', 'Alameda dos Ipês', 'Brasil');
INSERT INTO Endereco (cep, rua, cidade, pais, estado) VALUES ('98765-567', 'Rua das Laranjeiras', 'Rua das Laranjeiras', 'Brasil');
INSERT INTO Endereco (cep, rua, cidade, pais, estado) VALUES ('23456-890', 'Praça do Largo', 'Praça do Largo', 'Brasil');
INSERT INTO Endereco (cep, rua, cidade, pais, estado) VALUES ('87654-234', 'Rua do Bosque', 'Rua do Bosque', 'Brasil');
INSERT INTO Endereco (cep, rua, cidade, pais, estado) VALUES ('54321-789', 'Avenida das Árvores', 'Avenida das Árvores', 'Brasil');
INSERT INTO Endereco (cep, rua, cidade, pais, estado) VALUES ('12345-456', 'Alameda do Lago', 'Alameda do Lago', 'Brasil');
INSERT INTO Endereco (cep, rua, cidade, pais, estado) VALUES ('98765-123', 'Rua das Praias', 'Rua das Praias', 'Brasil');
INSERT INTO Endereco (cep, rua, cidade, pais, estado) VALUES ('23456-678', 'Praça das Montanhas', 'Praça das Montanhas', 'Brasil');
INSERT INTO Endereco (cep, rua, cidade, pais, estado) VALUES ('87654-321', 'Rua dos Coqueiros', 'Rua dos Coqueiros', 'Brasil');
INSERT INTO Endereco (cep, rua, cidade, pais, estado) VALUES ('54321-098', 'Avenida das Estrelas', 'Avenida das Estrelas', 'Brasil');
INSERT INTO Endereco (cep, rua, cidade, pais, estado) VALUES ('12345-567', 'Alameda das Nuvens', 'Alameda das Nuvens', 'Brasil');
INSERT INTO Endereco (cep, rua, cidade, pais, estado) VALUES ('98765-890', 'Rua das Gaivotas', 'Rua das Gaivotas', 'Brasil');
INSERT INTO Endereco (cep, rua, cidade, pais, estado) VALUES ('23456-123', 'Praça do Sol', 'Praça do Sol', 'Brasil');
INSERT INTO Endereco (cep, rua, cidade, pais, estado) VALUES ('87654-567', 'Rua dos Girassóis', 'Rua dos Girassóis', 'Brasil');

-- POVOANDO PESSOAS
INSERT INTO Pessoa (cpf, nome) VALUES ('30199388385', 'Ricardo Almeida');
INSERT INTO Pessoa (cpf, nome) VALUES ('47427712610', 'Carla Pereira');
INSERT INTO Pessoa (cpf, nome) VALUES ('29599507565', 'Roberto Mendes');
INSERT INTO Pessoa (cpf, nome) VALUES ('57628148722', 'Beatriz Ferreira');
INSERT INTO Pessoa (cpf, nome) VALUES ('12812080044', 'Lucas Ribeiro');
INSERT INTO Pessoa (cpf, nome) VALUES ('64295837740', 'Isabela Rodrigues');
INSERT INTO Pessoa (cpf, nome) VALUES ('65134974386', 'Silvio Barros');
INSERT INTO Pessoa (cpf, nome) VALUES ('49071844654', 'Carolina Soares');
INSERT INTO Pessoa (cpf, nome) VALUES ('56167488077', 'Gustavo Teixeira');
INSERT INTO Pessoa (cpf, nome) VALUES ('38336868424', 'Julia Alves');
INSERT INTO Pessoa (cpf, nome) VALUES ('58162796706', 'Alexandre Costa');
INSERT INTO Pessoa (cpf, nome) VALUES ('74758815612', 'Priscila Machado');
INSERT INTO Pessoa (cpf, nome) VALUES ('56122432090', 'Fernando Gomes');
INSERT INTO Pessoa (cpf, nome) VALUES ('12247919297', 'Elaine Martins');
INSERT INTO Pessoa (cpf, nome) VALUES ('17490321338', 'Gabriel Lima');
INSERT INTO Pessoa (cpf, nome) VALUES ('29700737817', 'Sofia Ferreira');
INSERT INTO Pessoa (cpf, nome) VALUES ('27612094332', 'Hugo Pereira');
INSERT INTO Pessoa (cpf, nome) VALUES ('40117047008', 'Isadora Silva');
INSERT INTO Pessoa (cpf, nome) VALUES ('52416538966', 'Guilherme Santos');
INSERT INTO Pessoa (cpf, nome) VALUES ('42657296455', 'Bruna Oliveira');
INSERT INTO Pessoa (cpf, nome) VALUES ('71122532810', 'Giovanni Ribeiro');
INSERT INTO Pessoa (cpf, nome) VALUES ('43560681056', 'Sara Almeida');
INSERT INTO Pessoa (cpf, nome) VALUES ('80905097415', 'Mateus Rodrigues');
INSERT INTO Pessoa (cpf, nome) VALUES ('14059155304', 'Eloá Barros');
INSERT INTO Pessoa (cpf, nome) VALUES ('19253087598', 'Daniel Soares');
INSERT INTO Pessoa (cpf, nome) VALUES ('37401423730', 'Carla Teixeira');
INSERT INTO Pessoa (cpf, nome) VALUES ('32759444139', 'João Alves');
INSERT INTO Pessoa (cpf, nome) VALUES ('14649378973', 'Júlia Costa');
INSERT INTO Pessoa (cpf, nome) VALUES ('58000327447', 'Diego Martins');
INSERT INTO Pessoa (cpf, nome) VALUES ('48240968479', 'Isabela Machado');
INSERT INTO Pessoa (cpf, nome) VALUES ('78335091139', 'Gabriel Gomes');
INSERT INTO Pessoa (cpf, nome) VALUES ('70546768636', 'Sofia Martins');
INSERT INTO Pessoa (cpf, nome) VALUES ('22404928750', 'Henrique Lima');
INSERT INTO Pessoa (cpf, nome) VALUES ('70308341124', 'Ana Ferreira');
INSERT INTO Pessoa (cpf, nome) VALUES ('25989990251', 'Arthur Pereira');
INSERT INTO Pessoa (cpf, nome) VALUES ('75366156457', 'Alice Silva');
INSERT INTO Pessoa (cpf, nome) VALUES ('69025221605', 'Eduardo Santos');
INSERT INTO Pessoa (cpf, nome) VALUES ('54301553913', 'Manuela Oliveira');
INSERT INTO Pessoa (cpf, nome) VALUES ('66952515360', 'Paulo Ribeiro');
INSERT INTO Pessoa (cpf, nome) VALUES ('20274888371', 'Letícia Almeida');
INSERT INTO Pessoa (cpf, nome) VALUES ('38335808648', 'Pedro Rodrigues');
INSERT INTO Pessoa (cpf, nome) VALUES ('96591124058', 'Maria Barros');
INSERT INTO Pessoa (cpf, nome) VALUES ('74577588172', 'Felipe Soares');
INSERT INTO Pessoa (cpf, nome) VALUES ('28421344502', 'Larissa Teixeira');
INSERT INTO Pessoa (cpf, nome) VALUES ('98596987343', 'Marcos Alves');
INSERT INTO Pessoa (cpf, nome) VALUES ('68116821185', 'Marina Costa');
INSERT INTO Pessoa (cpf, nome) VALUES ('46064949648', 'Fernando Martins');
INSERT INTO Pessoa (cpf, nome) VALUES ('81040473720', 'Sophia Machado');
INSERT INTO Pessoa (cpf, nome) VALUES ('59000464227', 'Lucas Gomes');
INSERT INTO Pessoa (cpf, nome) VALUES ('34584407779', 'Bruna Martins');
INSERT INTO Pessoa (cpf, nome) VALUES ('28629680688', 'Gustavo Lima');
INSERT INTO Pessoa (cpf, nome) VALUES ('18723001906', 'Mariana Ferreira');
INSERT INTO Pessoa (cpf, nome) VALUES ('23969104695', 'Luan Pereira');
INSERT INTO Pessoa (cpf, nome) VALUES ('52156994899', 'Lorena Silva');
INSERT INTO Pessoa (cpf, nome) VALUES ('18843477859', 'Henrique Santos');
INSERT INTO Pessoa (cpf, nome) VALUES ('42829067599', 'Juliana Oliveira');
INSERT INTO Pessoa (cpf, nome) VALUES ('42373211369', 'André Ribeiro');
INSERT INTO Pessoa (cpf, nome) VALUES ('85736048930', 'Isabela Almeida');
INSERT INTO Pessoa (cpf, nome) VALUES ('43406326054', 'Guilherme Rodrigues');
INSERT INTO Pessoa (cpf, nome) VALUES ('78833704759', 'Melissa Barros');
INSERT INTO Pessoa (cpf, nome) VALUES ('75123135279', 'Matheus Soares');
INSERT INTO Pessoa (cpf, nome) VALUES ('60139985343', 'Manuela Teixeira');
INSERT INTO Pessoa (cpf, nome) VALUES ('81961611946', 'Nicolas Alves');
INSERT INTO Pessoa (cpf, nome) VALUES ('15510735175', 'Beatriz Costa');
INSERT INTO Pessoa (cpf, nome) VALUES ('12107757211', 'Daniel Martins');
INSERT INTO Pessoa (cpf, nome) VALUES ('18013645667', 'Sofia Machado');
INSERT INTO Pessoa (cpf, nome) VALUES ('27733831081', 'Henrique Gomes');
INSERT INTO Pessoa (cpf, nome) VALUES ('31293248577', 'Valentina Lima');
INSERT INTO Pessoa (cpf, nome) VALUES ('84770625781', 'Lucas Ferreira');
INSERT INTO Pessoa (cpf, nome) VALUES ('32139874646', 'Ana Pereira');
INSERT INTO Pessoa (cpf, nome) VALUES ('59746510270', 'Lucas Silva');
INSERT INTO Pessoa (cpf, nome) VALUES ('51893041336', 'Gabriela Santos');
INSERT INTO Pessoa (cpf, nome) VALUES ('73750364257', 'Bruno Oliveira');
INSERT INTO Pessoa (cpf, nome) VALUES ('73974779210', 'Larissa Ribeiro');
INSERT INTO Pessoa (cpf, nome) VALUES ('91168976406', 'Eduardo Almeida');
INSERT INTO Pessoa (cpf, nome) VALUES ('31317938896', 'Carolina Rodrigues');
INSERT INTO Pessoa (cpf, nome) VALUES ('21959150729', 'Felipe Barros');
INSERT INTO Pessoa (cpf, nome) VALUES ('34691155999', 'Alice Soares');
INSERT INTO Pessoa (cpf, nome) VALUES ('21944131764', 'Marcos Teixeira');
INSERT INTO Pessoa (cpf, nome) VALUES ('21795171289', 'Mariana Alves');
INSERT INTO Pessoa (cpf, nome) VALUES ('72232910851', 'Fernando Costa');
INSERT INTO Pessoa (cpf, nome) VALUES ('69789991554', 'Sophia Martins');
INSERT INTO Pessoa (cpf, nome) VALUES ('10265446611', 'Matheus Machado');
INSERT INTO Pessoa (cpf, nome) VALUES ('76790529780', 'Melissa Gomes');
INSERT INTO Pessoa (cpf, nome) VALUES ('15259053368', 'Nicolas Lima');
INSERT INTO Pessoa (cpf, nome) VALUES ('43427744211', 'Isabela Ferreira');
INSERT INTO Pessoa (cpf, nome) VALUES ('76699805375', 'Guilherme Pereira');
INSERT INTO Pessoa (cpf, nome) VALUES ('55307207600', 'Maria Silva');
INSERT INTO Pessoa (cpf, nome) VALUES ('77872434457', 'Gustavo Santos');
INSERT INTO Pessoa (cpf, nome) VALUES ('24007615038', 'Júlia Oliveira');
INSERT INTO Pessoa (cpf, nome) VALUES ('76793968263', 'Diego Ribeiro');
INSERT INTO Pessoa (cpf, nome) VALUES ('74954875328', 'Lorena Almeida');
INSERT INTO Pessoa (cpf, nome) VALUES ('74007414244', 'Arthur Rodrigues');
INSERT INTO Pessoa (cpf, nome) VALUES ('98295843260', 'Larissa Barros');
INSERT INTO Pessoa (cpf, nome) VALUES ('12855832666', 'Eduardo Soares');
INSERT INTO Pessoa (cpf, nome) VALUES ('95898659143', 'Carolina Teixeira');
INSERT INTO Pessoa (cpf, nome) VALUES ('30603694922', 'Bruno Alves');
INSERT INTO Pessoa (cpf, nome) VALUES ('97349443678', 'Juliana Costa');
INSERT INTO Pessoa (cpf, nome) VALUES ('43267758510', 'André Martins');
INSERT INTO Pessoa (cpf, nome) VALUES ('97729351634', 'Isabela Machado');
INSERT INTO Pessoa (cpf, nome) VALUES ('98585861961', 'Gabriela Gomes');
INSERT INTO Pessoa (cpf, nome) VALUES ('63879736715', 'Bruno Lima');
INSERT INTO Pessoa (cpf, nome) VALUES ('18167681462', 'Larissa Ferreira');
INSERT INTO Pessoa (cpf, nome) VALUES ('96540305579', 'Gustavo Pereira');
INSERT INTO Pessoa (cpf, nome) VALUES ('44671342173', 'Alice Silva');
INSERT INTO Pessoa (cpf, nome) VALUES ('77326388107', 'Marcos Santos');
INSERT INTO Pessoa (cpf, nome) VALUES ('13624832200', 'Marina Oliveira');
INSERT INTO Pessoa (cpf, nome) VALUES ('30053124352', 'Fernando Ribeiro');
INSERT INTO Pessoa (cpf, nome) VALUES ('73208730933', 'Sophia Almeida');
INSERT INTO Pessoa (cpf, nome) VALUES ('49879549811', 'Lucas Rodrigues');
INSERT INTO Pessoa (cpf, nome) VALUES ('32540289848', 'Ana Barros');
INSERT INTO Pessoa (cpf, nome) VALUES ('74503391806', 'Lucas Soares');
INSERT INTO Pessoa (cpf, nome) VALUES ('18508230195', 'Gabriela Teixeira');
INSERT INTO Pessoa (cpf, nome) VALUES ('13963126181', 'Bruno Alves');
INSERT INTO Pessoa (cpf, nome) VALUES ('39418726593', 'Juliana Costa');
INSERT INTO Pessoa (cpf, nome) VALUES ('88179303872', 'André Martins');
INSERT INTO Pessoa (cpf, nome) VALUES ('87198181231', 'Isabela Machado');
INSERT INTO Pessoa (cpf, nome) VALUES ('49280045710', 'Gabriela Gomes');
INSERT INTO Pessoa (cpf, nome) VALUES ('87886107463', 'Bruno Lima');
INSERT INTO Pessoa (cpf, nome) VALUES ('73000266174', 'Larissa Ferreira');
INSERT INTO Pessoa (cpf, nome) VALUES ('97026469138', 'Gustavo Pereira');
INSERT INTO Pessoa (cpf, nome) VALUES ('35420815293', 'Alice Silva');
INSERT INTO Pessoa (cpf, nome) VALUES ('64369224486', 'Marcos Santos');
INSERT INTO Pessoa (cpf, nome) VALUES ('17329073342', 'Marina Oliveira');
INSERT INTO Pessoa (cpf, nome) VALUES ('33222808842', 'Fernando Ribeiro');
INSERT INTO Pessoa (cpf, nome) VALUES ('74249536227', 'Sophia Almeida');
INSERT INTO Pessoa (cpf, nome) VALUES ('48706382013', 'Lucas Rodrigues');
INSERT INTO Pessoa (cpf, nome) VALUES ('10330515020', 'Ana Barros');
INSERT INTO Pessoa (cpf, nome) VALUES ('46047735257', 'Lucas Soares');
INSERT INTO Pessoa (cpf, nome) VALUES ('94806948879', 'Gabriela Teixeira');
INSERT INTO Pessoa (cpf, nome) VALUES ('82624610006', 'Bruno Alves');
INSERT INTO Pessoa (cpf, nome) VALUES ('20620832203', 'Juliana Costa');
INSERT INTO Pessoa (cpf, nome) VALUES ('23476315168', 'André Martins');
INSERT INTO Pessoa (cpf, nome) VALUES ('22307947437', 'Isabela Machado');
INSERT INTO Pessoa (cpf, nome) VALUES ('69997282400', 'Gabriela Gomes');
INSERT INTO Pessoa (cpf, nome) VALUES ('49696630305', 'Bruno Lima');
INSERT INTO Pessoa (cpf, nome) VALUES ('31099445960', 'Larissa Ferreira');
INSERT INTO Pessoa (cpf, nome) VALUES ('61961415780', 'Gustavo Pereira');
INSERT INTO Pessoa (cpf, nome) VALUES ('38587038568', 'Alice Silva');
INSERT INTO Pessoa (cpf, nome) VALUES ('13688435778', 'Marcos Santos');
INSERT INTO Pessoa (cpf, nome) VALUES ('67272810335', 'Marina Oliveira');
INSERT INTO Pessoa (cpf, nome) VALUES ('57803122458', 'Fernando Ribeiro');
INSERT INTO Pessoa (cpf, nome) VALUES ('51582409964', 'Sophia Almeida');
INSERT INTO Pessoa (cpf, nome) VALUES ('75353326627', 'Lucas Rodrigues');
INSERT INTO Pessoa (cpf, nome) VALUES ('95303335098', 'Ana Barros');
INSERT INTO Pessoa (cpf, nome) VALUES ('56507795988', 'Lucas Soares');
INSERT INTO Pessoa (cpf, nome) VALUES ('98652590784', 'Gabriela Teixeira');
INSERT INTO Pessoa (cpf, nome) VALUES ('31902575592', 'Bruno Alves');
INSERT INTO Pessoa (cpf, nome) VALUES ('96035303733', 'Juliana Costa');
INSERT INTO Pessoa (cpf, nome) VALUES ('66234401144', 'André Martins');

-- POVOANDO FUNCIONARIOS
INSERT INTO Funcionarios (id_func, turno, salario) VALUES ('87886107463', 'MANHÃ', 120000);
INSERT INTO Funcionarios (id_func, turno, salario) VALUES ('73000266174', 'MANHÃ', 120000);
INSERT INTO Funcionarios (id_func, turno, salario) VALUES ('97026469138', 'MANHÃ', 120000);
INSERT INTO Funcionarios (id_func, turno, salario) VALUES ('35420815293', 'MANHÃ', 120000);
INSERT INTO Funcionarios (id_func, turno, salario) VALUES ('64369224486', 'TARDE', 120000);
INSERT INTO Funcionarios (id_func, turno, salario) VALUES ('17329073342', 'TARDE', 120000);
INSERT INTO Funcionarios (id_func, turno, salario) VALUES ('33222808842', 'TARDE', 120000);
INSERT INTO Funcionarios (id_func, turno, salario) VALUES ('74249536227', 'TARDE', 120000);
INSERT INTO Funcionarios (id_func, turno, salario) VALUES ('48706382013', 'TARDE', 120000);
INSERT INTO Funcionarios (id_func, turno, salario) VALUES ('10330515020', 'INTEGRAL', 160000);
INSERT INTO Funcionarios (id_func, turno, salario) VALUES ('46047735257', 'INTEGRAL', 160000);
INSERT INTO Funcionarios (id_func, turno, salario) VALUES ('94806948879', 'INTEGRAL', 180000);
INSERT INTO Funcionarios (id_func, turno, salario) VALUES ('82624610006', 'INTEGRAL', 180000);
INSERT INTO Funcionarios (id_func, turno, salario) VALUES ('20620832203', 'INTEGRAL', 180000);
INSERT INTO Funcionarios (id_func, turno, salario) VALUES ('23476315168', 'INTEGRAL', 180000);
INSERT INTO Funcionarios (id_func, turno, salario) VALUES ('22307947437', 'INTEGRAL', 180000);
INSERT INTO Funcionarios (id_func, turno, salario) VALUES ('69997282400', 'INTEGRAL', 180000);
INSERT INTO Funcionarios (id_func, turno, salario) VALUES ('49696630305', 'NOITE', 205000);
INSERT INTO Funcionarios (id_func, turno, salario) VALUES ('31099445960', 'NOITE', 205000);
INSERT INTO Funcionarios (id_func, turno, salario) VALUES ('61961415780', 'INTEGRAL', 150000);
INSERT INTO Funcionarios (id_func, turno, salario) VALUES ('38587038568', 'INTEGRAL', 150000);
INSERT INTO Funcionarios (id_func, turno, salario) VALUES ('13688435778', 'INTEGRAL', 150000);
INSERT INTO Funcionarios (id_func, turno, salario) VALUES ('67272810335', 'INTEGRAL', 150000);
INSERT INTO Funcionarios (id_func, turno, salario) VALUES ('57803122458', 'INTEGRAL', 150000);
INSERT INTO Funcionarios (id_func, turno, salario) VALUES ('51582409964', 'INTEGRAL', 150000);
INSERT INTO Funcionarios (id_func, turno, salario) VALUES ('75353326627', 'INTEGRAL', 150000);
INSERT INTO Funcionarios (id_func, turno, salario) VALUES ('95303335098', 'INTEGRAL', 150000);
INSERT INTO Funcionarios (id_func, turno, salario) VALUES ('56507795988', 'INTEGRAL', 150000);
INSERT INTO Funcionarios (id_func, turno, salario) VALUES ('98652590784', 'NOITE', 165000);
INSERT INTO Funcionarios (id_func, turno, salario) VALUES ('31902575592', 'NOITE', 165000);
INSERT INTO Funcionarios (id_func, turno, salario) VALUES ('96035303733', 'NOITE', 165000);
INSERT INTO Funcionarios (id_func, turno, salario) VALUES ('66234401144', 'NOITE', 165000);

-- POVOANDO MANUTENCAO
INSERT INTO Manutencao (id_func) VALUES ('87886107463');
INSERT INTO Manutencao (id_func) VALUES ('73000266174');
INSERT INTO Manutencao (id_func) VALUES ('97026469138');
INSERT INTO Manutencao (id_func) VALUES ('35420815293');
INSERT INTO Manutencao (id_func) VALUES ('64369224486');
INSERT INTO Manutencao (id_func) VALUES ('17329073342');
INSERT INTO Manutencao (id_func) VALUES ('33222808842');
INSERT INTO Manutencao (id_func) VALUES ('74249536227');
INSERT INTO Manutencao (id_func) VALUES ('48706382013');
INSERT INTO Manutencao (id_func) VALUES ('10330515020');
INSERT INTO Manutencao (id_func) VALUES ('46047735257');

-- POVOANDO TECNICOS
INSERT INTO Tecnico (id_func) VALUES ('94806948879');
INSERT INTO Tecnico (id_func) VALUES ('82624610006');
INSERT INTO Tecnico (id_func) VALUES ('20620832203');
INSERT INTO Tecnico (id_func) VALUES ('23476315168');
INSERT INTO Tecnico (id_func) VALUES ('22307947437');
INSERT INTO Tecnico (id_func) VALUES ('69997282400');
INSERT INTO Tecnico (id_func) VALUES ('49696630305');
INSERT INTO Tecnico (id_func) VALUES ('31099445960');

-- POVOANDO VENDEDORES
INSERT INTO Vendedor (id_func) VALUES ('61961415780');
INSERT INTO Vendedor (id_func) VALUES ('38587038568');
INSERT INTO Vendedor (id_func) VALUES ('13688435778');
INSERT INTO Vendedor (id_func) VALUES ('67272810335');
INSERT INTO Vendedor (id_func) VALUES ('57803122458');
INSERT INTO Vendedor (id_func) VALUES ('51582409964');
INSERT INTO Vendedor (id_func) VALUES ('75353326627');
INSERT INTO Vendedor (id_func) VALUES ('95303335098');
INSERT INTO Vendedor (id_func) VALUES ('56507795988');
INSERT INTO Vendedor (id_func) VALUES ('98652590784');
INSERT INTO Vendedor (id_func) VALUES ('31902575592');
INSERT INTO Vendedor (id_func) VALUES ('96035303733');
INSERT INTO Vendedor (id_func) VALUES ('66234401144');

-- POVOANDO TELEFONES
INSERT INTO Telefones (cpf, numero) VALUES ('30199388385', '81 985478965');
INSERT INTO Telefones (cpf, numero) VALUES ('47427712610', '11 988547896');
INSERT INTO Telefones (cpf, numero) VALUES ('29599507565', '47 944875896');
INSERT INTO Telefones (cpf, numero) VALUES ('57628148722', '31 977489654');
INSERT INTO Telefones (cpf, numero) VALUES ('12812080044', '21 922175896');
INSERT INTO Telefones (cpf, numero) VALUES ('64295837740', '62 933145896');
INSERT INTO Telefones (cpf, numero) VALUES ('65134974386', '85 966534789');
INSERT INTO Telefones (cpf, numero) VALUES ('49071844654', '41 911127854');
INSERT INTO Telefones (cpf, numero) VALUES ('56167488077', '51 988478965');
INSERT INTO Telefones (cpf, numero) VALUES ('38336868424', '32 955412365');
INSERT INTO Telefones (cpf, numero) VALUES ('58162796706', '86 966142789');
INSERT INTO Telefones (cpf, numero) VALUES ('74758815612', '84 922175896');
INSERT INTO Telefones (cpf, numero) VALUES ('56122432090', '33 922145896');
INSERT INTO Telefones (cpf, numero) VALUES ('12247919297', '12 922542896');
INSERT INTO Telefones (cpf, numero) VALUES ('17490321338', '71 988478965');
INSERT INTO Telefones (cpf, numero) VALUES ('29700737817', '92 988478965');
INSERT INTO Telefones (cpf, numero) VALUES ('27612094332', '61 944875896');
INSERT INTO Telefones (cpf, numero) VALUES ('40117047008', '35 944528965');
INSERT INTO Telefones (cpf, numero) VALUES ('52416538966', '62 911147896');
INSERT INTO Telefones (cpf, numero) VALUES ('42657296455', '61 966578965');
INSERT INTO Telefones (cpf, numero) VALUES ('71122532810', '62 955478965');
INSERT INTO Telefones (cpf, numero) VALUES ('43560681056', '87 933478965');
INSERT INTO Telefones (cpf, numero) VALUES ('80905097415', '81 944578965');
INSERT INTO Telefones (cpf, numero) VALUES ('14059155304', '61 955478965');
INSERT INTO Telefones (cpf, numero) VALUES ('19253087598', '41 911147896');
INSERT INTO Telefones (cpf, numero) VALUES ('37401423730', '61 933478965');
INSERT INTO Telefones (cpf, numero) VALUES ('32759444139', '51 922478965');
INSERT INTO Telefones (cpf, numero) VALUES ('14649378973', '81 988478965');
INSERT INTO Telefones (cpf, numero) VALUES ('58000327447', '21 966578965');
INSERT INTO Telefones (cpf, numero) VALUES ('48240968479', '62 944578965');
INSERT INTO Telefones (cpf, numero) VALUES ('78335091139', '86 977478965');
INSERT INTO Telefones (cpf, numero) VALUES ('70546768636', '12 933478965');
INSERT INTO Telefones (cpf, numero) VALUES ('22404928750', '35 933478965');
INSERT INTO Telefones (cpf, numero) VALUES ('70308341124', '87 988478965');
INSERT INTO Telefones (cpf, numero) VALUES ('25989990251', '31 922175896');
INSERT INTO Telefones (cpf, numero) VALUES ('75366156457', '41 922175896');
INSERT INTO Telefones (cpf, numero) VALUES ('69025221605', '47 922175896');
INSERT INTO Telefones (cpf, numero) VALUES ('54301553913', '11 944875896');
INSERT INTO Telefones (cpf, numero) VALUES ('66952515360', '86 955478965');
INSERT INTO Telefones (cpf, numero) VALUES ('20274888371', '21 977478965');
INSERT INTO Telefones (cpf, numero) VALUES ('38335808648', '81 966578965');
INSERT INTO Telefones (cpf, numero) VALUES ('96591124058', '84 955478965');
INSERT INTO Telefones (cpf, numero) VALUES ('74577588172', '86 933478965');
INSERT INTO Telefones (cpf, numero) VALUES ('28421344502', '33 955478965');
INSERT INTO Telefones (cpf, numero) VALUES ('98596987343', '47 933478965');
INSERT INTO Telefones (cpf, numero) VALUES ('68116821185', '71 966578965');
INSERT INTO Telefones (cpf, numero) VALUES ('46064949648', '21 911147896');
INSERT INTO Telefones (cpf, numero) VALUES ('81040473720', '92 911147896');
INSERT INTO Telefones (cpf, numero) VALUES ('59000464227', '62 922175896');
INSERT INTO Telefones (cpf, numero) VALUES ('34584407779', '92 933478965');
INSERT INTO Telefones (cpf, numero) VALUES ('28629680688', '84 988478965');
INSERT INTO Telefones (cpf, numero) VALUES ('18723001906', '33 988478965');
INSERT INTO Telefones (cpf, numero) VALUES ('23969104695', '92 944875896');
INSERT INTO Telefones (cpf, numero) VALUES ('52156994899', '41 977478965');
INSERT INTO Telefones (cpf, numero) VALUES ('18843477859', '12 988478965');
INSERT INTO Telefones (cpf, numero) VALUES ('42829067599', '61 911147896');
INSERT INTO Telefones (cpf, numero) VALUES ('42373211369', '81 933478965');
INSERT INTO Telefones (cpf, numero) VALUES ('85736048930', '12 944875896');
INSERT INTO Telefones (cpf, numero) VALUES ('43406326054', '71 933478965');
INSERT INTO Telefones (cpf, numero) VALUES ('78833704759', '21 955478965');
INSERT INTO Telefones (cpf, numero) VALUES ('75123135279', '51 966578965');
INSERT INTO Telefones (cpf, numero) VALUES ('60139985343', '87 944875896');
INSERT INTO Telefones (cpf, numero) VALUES ('81961611946', '31 911147896');
INSERT INTO Telefones (cpf, numero) VALUES ('15510735175', '35 966578965');
INSERT INTO Telefones (cpf, numero) VALUES ('12107757211', '87 922175896');
INSERT INTO Telefones (cpf, numero) VALUES ('18013645667', '41 955478965');
INSERT INTO Telefones (cpf, numero) VALUES ('27733831081', '81 922175896');
INSERT INTO Telefones (cpf, numero) VALUES ('31293248577', '61 988478965');
INSERT INTO Telefones (cpf, numero) VALUES ('84770625781', '51 933478965');
INSERT INTO Telefones (cpf, numero) VALUES ('32139874646', '12 911147896');
INSERT INTO Telefones (cpf, numero) VALUES ('59746510270', '35 922175896');
INSERT INTO Telefones (cpf, numero) VALUES ('51893041336', '33 977478965');
INSERT INTO Telefones (cpf, numero) VALUES ('73750364257', '86 988478965');
INSERT INTO Telefones (cpf, numero) VALUES ('73974779210', '71 911147896');
INSERT INTO Telefones (cpf, numero) VALUES ('91168976406', '62 966578965');
INSERT INTO Telefones (cpf, numero) VALUES ('31317938896', '47 966578965');
INSERT INTO Telefones (cpf, numero) VALUES ('21959150729', '81 911147896');
INSERT INTO Telefones (cpf, numero) VALUES ('34691155999', '84 966578965');
INSERT INTO Telefones (cpf, numero) VALUES ('21944131764', '33 911147896');
INSERT INTO Telefones (cpf, numero) VALUES ('21795171289', '21 933478965');
INSERT INTO Telefones (cpf, numero) VALUES ('72232910851', '41 944875896');
INSERT INTO Telefones (cpf, numero) VALUES ('69789991554', '87 977478965');
INSERT INTO Telefones (cpf, numero) VALUES ('10265446611', '92 966578965');
INSERT INTO Telefones (cpf, numero) VALUES ('76790529780', '62 977478965');
INSERT INTO Telefones (cpf, numero) VALUES ('15259053368', '71 944875896');
INSERT INTO Telefones (cpf, numero) VALUES ('43427744211', '11 922175896');
INSERT INTO Telefones (cpf, numero) VALUES ('76699805375', '81 922175896');
INSERT INTO Telefones (cpf, numero) VALUES ('55307207600', '92 966578965');
INSERT INTO Telefones (cpf, numero) VALUES ('77872434457', '35 911147896');
INSERT INTO Telefones (cpf, numero) VALUES ('24007615038', '33 966578965');
INSERT INTO Telefones (cpf, numero) VALUES ('76793968263', '62 922175896');
INSERT INTO Telefones (cpf, numero) VALUES ('74954875328', '47 911147896');
INSERT INTO Telefones (cpf, numero) VALUES ('74007414244', '12 944875896');
INSERT INTO Telefones (cpf, numero) VALUES ('98295843260', '81 922175896');
INSERT INTO Telefones (cpf, numero) VALUES ('12855832666', '21 955478965');
INSERT INTO Telefones (cpf, numero) VALUES ('95898659143', '51 966578965');
INSERT INTO Telefones (cpf, numero) VALUES ('30603694922', '87 944875896');
INSERT INTO Telefones (cpf, numero) VALUES ('97349443678', '31 911147896');
INSERT INTO Telefones (cpf, numero) VALUES ('43267758510', '35 922175896');
INSERT INTO Telefones (cpf, numero) VALUES ('97729351634', '87 988478965');
INSERT INTO Telefones (cpf, numero) VALUES ('98585861961', '41 933478965');
INSERT INTO Telefones (cpf, numero) VALUES ('63879736715', '81 922175896');
INSERT INTO Telefones (cpf, numero) VALUES ('18167681462', '61 988478965');
INSERT INTO Telefones (cpf, numero) VALUES ('96540305579', '51 933478965');
INSERT INTO Telefones (cpf, numero) VALUES ('44671342173', '12 911147896');
INSERT INTO Telefones (cpf, numero) VALUES ('77326388107', '35 922175896');
INSERT INTO Telefones (cpf, numero) VALUES ('13624832200', '33 977478965');
INSERT INTO Telefones (cpf, numero) VALUES ('30053124352', '86 988478965');
INSERT INTO Telefones (cpf, numero) VALUES ('73208730933', '71 911147896');
INSERT INTO Telefones (cpf, numero) VALUES ('49879549811', '62 966578965');
INSERT INTO Telefones (cpf, numero) VALUES ('32540289848', '47 966578965');
INSERT INTO Telefones (cpf, numero) VALUES ('74503391806', '81 911147896');
INSERT INTO Telefones (cpf, numero) VALUES ('18508230195', '84 966578965');
INSERT INTO Telefones (cpf, numero) VALUES ('13963126181', '33 911147896');
INSERT INTO Telefones (cpf, numero) VALUES ('39418726593', '21 933478965');
INSERT INTO Telefones (cpf, numero) VALUES ('88179303872', '41 944875896');
INSERT INTO Telefones (cpf, numero) VALUES ('87198181231', '87 977478965');
INSERT INTO Telefones (cpf, numero) VALUES ('49280045710', '92 966578965');
INSERT INTO Telefones (cpf, numero) VALUES ('87886107463', '62 977478965');
INSERT INTO Telefones (cpf, numero) VALUES ('73000266174', '71 944875896');
INSERT INTO Telefones (cpf, numero) VALUES ('97026469138', '11 922175896');
INSERT INTO Telefones (cpf, numero) VALUES ('35420815293', '81 922175896');
INSERT INTO Telefones (cpf, numero) VALUES ('64369224486', '92 966578965');
INSERT INTO Telefones (cpf, numero) VALUES ('17329073342', '35 911147896');
INSERT INTO Telefones (cpf, numero) VALUES ('33222808842', '33 966578965');
INSERT INTO Telefones (cpf, numero) VALUES ('74249536227', '62 922175896');
INSERT INTO Telefones (cpf, numero) VALUES ('48706382013', '47 911147896');
INSERT INTO Telefones (cpf, numero) VALUES ('10330515020', '12 944875896');
INSERT INTO Telefones (cpf, numero) VALUES ('46047735257', '81 922175896');
INSERT INTO Telefones (cpf, numero) VALUES ('94806948879', '21 955478965');
INSERT INTO Telefones (cpf, numero) VALUES ('82624610006', '51 966578965');
INSERT INTO Telefones (cpf, numero) VALUES ('20620832203', '87 944875896');
INSERT INTO Telefones (cpf, numero) VALUES ('23476315168', '31 911147896');
INSERT INTO Telefones (cpf, numero) VALUES ('22307947437', '35 922175896');
INSERT INTO Telefones (cpf, numero) VALUES ('69997282400', '87 988478965');
INSERT INTO Telefones (cpf, numero) VALUES ('49696630305', '41 933478965');
INSERT INTO Telefones (cpf, numero) VALUES ('31099445960', '81 922175896');
INSERT INTO Telefones (cpf, numero) VALUES ('61961415780', '61 988478965');
INSERT INTO Telefones (cpf, numero) VALUES ('38587038568', '51 933478965');
INSERT INTO Telefones (cpf, numero) VALUES ('13688435778', '12 911147896');
INSERT INTO Telefones (cpf, numero) VALUES ('67272810335', '35 922175896');
INSERT INTO Telefones (cpf, numero) VALUES ('57803122458', '33 977478965');
INSERT INTO Telefones (cpf, numero) VALUES ('51582409964', '86 988478965');
INSERT INTO Telefones (cpf, numero) VALUES ('75353326627', '71 911147896');
INSERT INTO Telefones (cpf, numero) VALUES ('95303335098', '81 945423045');
INSERT INTO Telefones (cpf, numero) VALUES ('56507795988', '81 987724563');
INSERT INTO Telefones (cpf, numero) VALUES ('98652590784', '81 984856763');
INSERT INTO Telefones (cpf, numero) VALUES ('31902575592', '81 987224664');
INSERT INTO Telefones (cpf, numero) VALUES ('96035303733', '81 985432896');
INSERT INTO Telefones (cpf, numero) VALUES ('66234401144', '81 985477573');

-- POVOANDO DIAS E PRECOS
INSERT INTO Dia_preco (dia_evento, preco) VALUES (TO_DATE('2023-02-05', 'YYYY/MM/DD'), 800);
INSERT INTO Dia_preco (dia_evento, preco) VALUES (TO_DATE('2023-02-06', 'YYYY/MM/DD'), 800);
INSERT INTO Dia_preco (dia_evento, preco) VALUES (TO_DATE('2023-02-07', 'YYYY/MM/DD'), 800);
INSERT INTO Dia_preco (dia_evento, preco) VALUES (TO_DATE('2023-02-08', 'YYYY/MM/DD'), 800);
INSERT INTO Dia_preco (dia_evento, preco) VALUES (TO_DATE('2023-02-09', 'YYYY/MM/DD'), 800);
INSERT INTO Dia_preco (dia_evento, preco) VALUES (TO_DATE('2023-02-10', 'YYYY/MM/DD'), 800);
INSERT INTO Dia_preco (dia_evento, preco) VALUES (TO_DATE('2023-02-11', 'YYYY/MM/DD'), 800);
INSERT INTO Dia_preco (dia_evento, preco) VALUES (TO_DATE('2023-02-12', 'YYYY/MM/DD'), 800);
INSERT INTO Dia_preco (dia_evento, preco) VALUES (TO_DATE('2023-02-13', 'YYYY/MM/DD'), 800);
INSERT INTO Dia_preco (dia_evento, preco) VALUES (TO_DATE('2023-02-14', 'YYYY/MM/DD'), 800);
INSERT INTO Dia_preco (dia_evento, preco) VALUES (TO_DATE('2023-02-15', 'YYYY/MM/DD'), 800);

-- POVOANDO INGRESSOS
CREATE SEQUENCE sqTeste
    MINVALUE 0
    MAXVALUE 300
    START WITH 1
    INCREMENT BY 1;

-- POVOANDO INGRESSOS
INSERT INTO Ingresso (id_comprad, num_ingresso, dia_evento) VALUES ('30199388385', sqTeste.nextval, TO_DATE('2023-01-07', 'YYYY/MM/DD'));
INSERT INTO Ingresso (id_comprad, num_ingresso, dia_evento) VALUES ('47427712610', sqTeste.nextval, TO_DATE('2023-01-07', 'YYYY/MM/DD'));
INSERT INTO Ingresso (id_comprad, num_ingresso, dia_evento) VALUES ('29599507565', sqTeste.nextval, TO_DATE('2023-01-07', 'YYYY/MM/DD'));
INSERT INTO Ingresso (id_comprad, num_ingresso, dia_evento) VALUES ('57628148722', sqTeste.nextval, TO_DATE('2023-01-07', 'YYYY/MM/DD'));
INSERT INTO Ingresso (id_comprad, num_ingresso, dia_evento) VALUES ('12812080044', sqTeste.nextval, TO_DATE('2023-01-07', 'YYYY/MM/DD'));
INSERT INTO Ingresso (id_comprad, num_ingresso, dia_evento) VALUES ('64295837740', sqTeste.nextval, TO_DATE('2023-01-07', 'YYYY/MM/DD'));
INSERT INTO Ingresso (id_comprad, num_ingresso, dia_evento) VALUES ('65134974386', sqTeste.nextval, TO_DATE('2023-01-07', 'YYYY/MM/DD'));
INSERT INTO Ingresso (id_comprad, num_ingresso, dia_evento) VALUES ('49071844654', sqTeste.nextval, TO_DATE('2023-01-07', 'YYYY/MM/DD'));
INSERT INTO Ingresso (id_comprad, num_ingresso, dia_evento) VALUES ('56167488077', sqTeste.nextval, TO_DATE('2023-01-07', 'YYYY/MM/DD'));
INSERT INTO Ingresso (id_comprad, num_ingresso, dia_evento) VALUES ('38336868424', sqTeste.nextval, TO_DATE('2023-01-08', 'YYYY/MM/DD'));
INSERT INTO Ingresso (id_comprad, num_ingresso, dia_evento) VALUES ('58162796706', sqTeste.nextval, TO_DATE('2023-01-08', 'YYYY/MM/DD'));
INSERT INTO Ingresso (id_comprad, num_ingresso, dia_evento) VALUES ('74758815612', sqTeste.nextval, TO_DATE('2023-01-08', 'YYYY/MM/DD'));
INSERT INTO Ingresso (id_comprad, num_ingresso, dia_evento) VALUES ('56122432090', sqTeste.nextval, TO_DATE('2023-01-08', 'YYYY/MM/DD'));
INSERT INTO Ingresso (id_comprad, num_ingresso, dia_evento) VALUES ('12247919297', sqTeste.nextval, TO_DATE('2023-01-08', 'YYYY/MM/DD'));
INSERT INTO Ingresso (id_comprad, num_ingresso, dia_evento) VALUES ('17490321338', sqTeste.nextval, TO_DATE('2023-01-08', 'YYYY/MM/DD'));
INSERT INTO Ingresso (id_comprad, num_ingresso, dia_evento) VALUES ('29700737817', sqTeste.nextval, TO_DATE('2023-01-08', 'YYYY/MM/DD'));
INSERT INTO Ingresso (id_comprad, num_ingresso, dia_evento) VALUES ('27612094332', sqTeste.nextval, TO_DATE('2023-01-08', 'YYYY/MM/DD'));
INSERT INTO Ingresso (id_comprad, num_ingresso, dia_evento) VALUES ('40117047008', sqTeste.nextval, TO_DATE('2023-01-08', 'YYYY/MM/DD'));
INSERT INTO Ingresso (id_comprad, num_ingresso, dia_evento) VALUES ('52416538966', sqTeste.nextval, TO_DATE('2023-01-14', 'YYYY/MM/DD'));
INSERT INTO Ingresso (id_comprad, num_ingresso, dia_evento) VALUES ('42657296455', sqTeste.nextval, TO_DATE('2023-01-14', 'YYYY/MM/DD'));
INSERT INTO Ingresso (id_comprad, num_ingresso, dia_evento) VALUES ('71122532810', sqTeste.nextval, TO_DATE('2023-01-14', 'YYYY/MM/DD'));
INSERT INTO Ingresso (id_comprad, num_ingresso, dia_evento) VALUES ('43560681056', sqTeste.nextval, TO_DATE('2023-01-14', 'YYYY/MM/DD'));
INSERT INTO Ingresso (id_comprad, num_ingresso, dia_evento) VALUES ('80905097415', sqTeste.nextval, TO_DATE('2023-01-14', 'YYYY/MM/DD'));
INSERT INTO Ingresso (id_comprad, num_ingresso, dia_evento) VALUES ('14059155304', sqTeste.nextval, TO_DATE('2023-01-14', 'YYYY/MM/DD'));
INSERT INTO Ingresso (id_comprad, num_ingresso, dia_evento) VALUES ('19253087598', sqTeste.nextval, TO_DATE('2023-01-14', 'YYYY/MM/DD'));
INSERT INTO Ingresso (id_comprad, num_ingresso, dia_evento) VALUES ('37401423730', sqTeste.nextval, TO_DATE('2023-01-14', 'YYYY/MM/DD'));
INSERT INTO Ingresso (id_comprad, num_ingresso, dia_evento) VALUES ('32759444139', sqTeste.nextval, TO_DATE('2023-01-14', 'YYYY/MM/DD'));
INSERT INTO Ingresso (id_comprad, num_ingresso, dia_evento) VALUES ('14649378973', sqTeste.nextval, TO_DATE('2023-01-15', 'YYYY/MM/DD'));
INSERT INTO Ingresso (id_comprad, num_ingresso, dia_evento) VALUES ('58000327447', sqTeste.nextval, TO_DATE('2023-01-15', 'YYYY/MM/DD'));
INSERT INTO Ingresso (id_comprad, num_ingresso, dia_evento) VALUES ('48240968479', sqTeste.nextval, TO_DATE('2023-01-15', 'YYYY/MM/DD'));
INSERT INTO Ingresso (id_comprad, num_ingresso, dia_evento) VALUES ('78335091139', sqTeste.nextval, TO_DATE('2023-01-15', 'YYYY/MM/DD'));
INSERT INTO Ingresso (id_comprad, num_ingresso, dia_evento) VALUES ('70546768636', sqTeste.nextval, TO_DATE('2023-01-15', 'YYYY/MM/DD'));
INSERT INTO Ingresso (id_comprad, num_ingresso, dia_evento) VALUES ('22404928750', sqTeste.nextval, TO_DATE('2023-01-15', 'YYYY/MM/DD'));
INSERT INTO Ingresso (id_comprad, num_ingresso, dia_evento) VALUES ('70308341124', sqTeste.nextval, TO_DATE('2023-01-15', 'YYYY/MM/DD'));
INSERT INTO Ingresso (id_comprad, num_ingresso, dia_evento) VALUES ('25989990251', sqTeste.nextval, TO_DATE('2023-01-15', 'YYYY/MM/DD'));
INSERT INTO Ingresso (id_comprad, num_ingresso, dia_evento) VALUES ('75366156457', sqTeste.nextval, TO_DATE('2023-01-15', 'YYYY/MM/DD'));
INSERT INTO Ingresso (id_comprad, num_ingresso, dia_evento) VALUES ('69025221605', sqTeste.nextval, TO_DATE('2023-01-21', 'YYYY/MM/DD'));
INSERT INTO Ingresso (id_comprad, num_ingresso, dia_evento) VALUES ('54301553913', sqTeste.nextval, TO_DATE('2023-01-21', 'YYYY/MM/DD'));
INSERT INTO Ingresso (id_comprad, num_ingresso, dia_evento) VALUES ('66952515360', sqTeste.nextval, TO_DATE('2023-01-21', 'YYYY/MM/DD'));
INSERT INTO Ingresso (id_comprad, num_ingresso, dia_evento) VALUES ('20274888371', sqTeste.nextval, TO_DATE('2023-01-21', 'YYYY/MM/DD'));
INSERT INTO Ingresso (id_comprad, num_ingresso, dia_evento) VALUES ('38335808648', sqTeste.nextval, TO_DATE('2023-01-21', 'YYYY/MM/DD'));
INSERT INTO Ingresso (id_comprad, num_ingresso, dia_evento) VALUES ('96591124058', sqTeste.nextval, TO_DATE('2023-01-21', 'YYYY/MM/DD'));
INSERT INTO Ingresso (id_comprad, num_ingresso, dia_evento) VALUES ('74577588172', sqTeste.nextval, TO_DATE('2023-01-21', 'YYYY/MM/DD'));
INSERT INTO Ingresso (id_comprad, num_ingresso, dia_evento) VALUES ('28421344502', sqTeste.nextval, TO_DATE('2023-01-21', 'YYYY/MM/DD'));
INSERT INTO Ingresso (id_comprad, num_ingresso, dia_evento) VALUES ('98596987343', sqTeste.nextval, TO_DATE('2023-01-21', 'YYYY/MM/DD'));
INSERT INTO Ingresso (id_comprad, num_ingresso, dia_evento) VALUES ('68116821185', sqTeste.nextval, TO_DATE('2023-01-22', 'YYYY/MM/DD'));
INSERT INTO Ingresso (id_comprad, num_ingresso, dia_evento) VALUES ('46064949648', sqTeste.nextval, TO_DATE('2023-01-22', 'YYYY/MM/DD'));
INSERT INTO Ingresso (id_comprad, num_ingresso, dia_evento) VALUES ('81040473720', sqTeste.nextval, TO_DATE('2023-01-22', 'YYYY/MM/DD'));
INSERT INTO Ingresso (id_comprad, num_ingresso, dia_evento) VALUES ('59000464227', sqTeste.nextval, TO_DATE('2023-01-22', 'YYYY/MM/DD'));
INSERT INTO Ingresso (id_comprad, num_ingresso, dia_evento) VALUES ('34584407779', sqTeste.nextval, TO_DATE('2023-01-22', 'YYYY/MM/DD'));
INSERT INTO Ingresso (id_comprad, num_ingresso, dia_evento) VALUES ('28629680688', sqTeste.nextval, TO_DATE('2023-01-22', 'YYYY/MM/DD'));
INSERT INTO Ingresso (id_comprad, num_ingresso, dia_evento) VALUES ('18723001906', sqTeste.nextval, TO_DATE('2023-01-22', 'YYYY/MM/DD'));
INSERT INTO Ingresso (id_comprad, num_ingresso, dia_evento) VALUES ('23969104695', sqTeste.nextval, TO_DATE('2023-01-22', 'YYYY/MM/DD'));
INSERT INTO Ingresso (id_comprad, num_ingresso, dia_evento) VALUES ('52156994899', sqTeste.nextval, TO_DATE('2023-01-22', 'YYYY/MM/DD'));
INSERT INTO Ingresso (id_comprad, num_ingresso, dia_evento) VALUES ('18843477859', sqTeste.nextval, TO_DATE('2023-01-28', 'YYYY/MM/DD'));
INSERT INTO Ingresso (id_comprad, num_ingresso, dia_evento) VALUES ('42829067599', sqTeste.nextval, TO_DATE('2023-01-28', 'YYYY/MM/DD'));
INSERT INTO Ingresso (id_comprad, num_ingresso, dia_evento) VALUES ('42373211369', sqTeste.nextval, TO_DATE('2023-01-28', 'YYYY/MM/DD'));
INSERT INTO Ingresso (id_comprad, num_ingresso, dia_evento) VALUES ('85736048930', sqTeste.nextval, TO_DATE('2023-01-28', 'YYYY/MM/DD'));
INSERT INTO Ingresso (id_comprad, num_ingresso, dia_evento) VALUES ('43406326054', sqTeste.nextval, TO_DATE('2023-01-28', 'YYYY/MM/DD'));
INSERT INTO Ingresso (id_comprad, num_ingresso, dia_evento) VALUES ('78833704759', sqTeste.nextval, TO_DATE('2023-01-28', 'YYYY/MM/DD'));
INSERT INTO Ingresso (id_comprad, num_ingresso, dia_evento) VALUES ('75123135279', sqTeste.nextval, TO_DATE('2023-01-28', 'YYYY/MM/DD'));
INSERT INTO Ingresso (id_comprad, num_ingresso, dia_evento) VALUES ('60139985343', sqTeste.nextval, TO_DATE('2023-01-28', 'YYYY/MM/DD'));
INSERT INTO Ingresso (id_comprad, num_ingresso, dia_evento) VALUES ('81961611946', sqTeste.nextval, TO_DATE('2023-01-28', 'YYYY/MM/DD'));
INSERT INTO Ingresso (id_comprad, num_ingresso, dia_evento) VALUES ('15510735175', sqTeste.nextval, TO_DATE('2023-01-29', 'YYYY/MM/DD'));
INSERT INTO Ingresso (id_comprad, num_ingresso, dia_evento) VALUES ('12107757211', sqTeste.nextval, TO_DATE('2023-01-29', 'YYYY/MM/DD'));
INSERT INTO Ingresso (id_comprad, num_ingresso, dia_evento) VALUES ('18013645667', sqTeste.nextval, TO_DATE('2023-01-29', 'YYYY/MM/DD'));
INSERT INTO Ingresso (id_comprad, num_ingresso, dia_evento) VALUES ('27733831081', sqTeste.nextval, TO_DATE('2023-01-29', 'YYYY/MM/DD'));
INSERT INTO Ingresso (id_comprad, num_ingresso, dia_evento) VALUES ('31293248577', sqTeste.nextval, TO_DATE('2023-01-29', 'YYYY/MM/DD'));
INSERT INTO Ingresso (id_comprad, num_ingresso, dia_evento) VALUES ('84770625781', sqTeste.nextval, TO_DATE('2023-01-29', 'YYYY/MM/DD'));
INSERT INTO Ingresso (id_comprad, num_ingresso, dia_evento) VALUES ('32139874646', sqTeste.nextval, TO_DATE('2023-01-29', 'YYYY/MM/DD'));
INSERT INTO Ingresso (id_comprad, num_ingresso, dia_evento) VALUES ('59746510270', sqTeste.nextval, TO_DATE('2023-01-29', 'YYYY/MM/DD'));
INSERT INTO Ingresso (id_comprad, num_ingresso, dia_evento) VALUES ('51893041336', sqTeste.nextval, TO_DATE('2023-01-29', 'YYYY/MM/DD'));
INSERT INTO Ingresso (id_comprad, num_ingresso, dia_evento) VALUES ('73750364257', sqTeste.nextval, TO_DATE('2023-02-04', 'YYYY/MM/DD'));
INSERT INTO Ingresso (id_comprad, num_ingresso, dia_evento) VALUES ('73974779210', sqTeste.nextval, TO_DATE('2023-02-04', 'YYYY/MM/DD'));
INSERT INTO Ingresso (id_comprad, num_ingresso, dia_evento) VALUES ('91168976406', sqTeste.nextval, TO_DATE('2023-02-04', 'YYYY/MM/DD'));
INSERT INTO Ingresso (id_comprad, num_ingresso, dia_evento) VALUES ('31317938896', sqTeste.nextval, TO_DATE('2023-02-04', 'YYYY/MM/DD'));
INSERT INTO Ingresso (id_comprad, num_ingresso, dia_evento) VALUES ('21959150729', sqTeste.nextval, TO_DATE('2023-02-04', 'YYYY/MM/DD'));
INSERT INTO Ingresso (id_comprad, num_ingresso, dia_evento) VALUES ('34691155999', sqTeste.nextval, TO_DATE('2023-02-04', 'YYYY/MM/DD'));
INSERT INTO Ingresso (id_comprad, num_ingresso, dia_evento) VALUES ('21944131764', sqTeste.nextval, TO_DATE('2023-02-04', 'YYYY/MM/DD'));
INSERT INTO Ingresso (id_comprad, num_ingresso, dia_evento) VALUES ('21795171289', sqTeste.nextval, TO_DATE('2023-02-04', 'YYYY/MM/DD'));
INSERT INTO Ingresso (id_comprad, num_ingresso, dia_evento) VALUES ('72232910851', sqTeste.nextval, TO_DATE('2023-02-04', 'YYYY/MM/DD'));
INSERT INTO Ingresso (id_comprad, num_ingresso, dia_evento) VALUES ('69789991554', sqTeste.nextval, TO_DATE('2023-02-05', 'YYYY/MM/DD'));
INSERT INTO Ingresso (id_comprad, num_ingresso, dia_evento) VALUES ('10265446611', sqTeste.nextval, TO_DATE('2023-02-05', 'YYYY/MM/DD'));
INSERT INTO Ingresso (id_comprad, num_ingresso, dia_evento) VALUES ('76790529780', sqTeste.nextval, TO_DATE('2023-02-05', 'YYYY/MM/DD'));
INSERT INTO Ingresso (id_comprad, num_ingresso, dia_evento) VALUES ('15259053368', sqTeste.nextval, TO_DATE('2023-02-05', 'YYYY/MM/DD'));
INSERT INTO Ingresso (id_comprad, num_ingresso, dia_evento) VALUES ('43427744211', sqTeste.nextval, TO_DATE('2023-02-05', 'YYYY/MM/DD'));
INSERT INTO Ingresso (id_comprad, num_ingresso, dia_evento) VALUES ('76699805375', sqTeste.nextval, TO_DATE('2023-02-05', 'YYYY/MM/DD'));
INSERT INTO Ingresso (id_comprad, num_ingresso, dia_evento) VALUES ('55307207600', sqTeste.nextval, TO_DATE('2023-02-05', 'YYYY/MM/DD'));
INSERT INTO Ingresso (id_comprad, num_ingresso, dia_evento) VALUES ('77872434457', sqTeste.nextval, TO_DATE('2023-02-05', 'YYYY/MM/DD'));
INSERT INTO Ingresso (id_comprad, num_ingresso, dia_evento) VALUES ('24007615038', sqTeste.nextval, TO_DATE('2023-02-05', 'YYYY/MM/DD'));
INSERT INTO Ingresso (id_comprad, num_ingresso, dia_evento) VALUES ('76793968263', sqTeste.nextval, TO_DATE('2023-03-04', 'YYYY/MM/DD'));
INSERT INTO Ingresso (id_comprad, num_ingresso, dia_evento) VALUES ('74954875328', sqTeste.nextval, TO_DATE('2023-03-04', 'YYYY/MM/DD'));
INSERT INTO Ingresso (id_comprad, num_ingresso, dia_evento) VALUES ('74007414244', sqTeste.nextval, TO_DATE('2023-03-04', 'YYYY/MM/DD'));
INSERT INTO Ingresso (id_comprad, num_ingresso, dia_evento) VALUES ('98295843260', sqTeste.nextval, TO_DATE('2023-03-04', 'YYYY/MM/DD'));
INSERT INTO Ingresso (id_comprad, num_ingresso, dia_evento) VALUES ('12855832666', sqTeste.nextval, TO_DATE('2023-03-04', 'YYYY/MM/DD'));
INSERT INTO Ingresso (id_comprad, num_ingresso, dia_evento) VALUES ('95898659143', sqTeste.nextval, TO_DATE('2023-03-04', 'YYYY/MM/DD'));
INSERT INTO Ingresso (id_comprad, num_ingresso, dia_evento) VALUES ('30603694922', sqTeste.nextval, TO_DATE('2023-03-04', 'YYYY/MM/DD'));
INSERT INTO Ingresso (id_comprad, num_ingresso, dia_evento) VALUES ('97349443678', sqTeste.nextval, TO_DATE('2023-03-04', 'YYYY/MM/DD'));
INSERT INTO Ingresso (id_comprad, num_ingresso, dia_evento) VALUES ('43267758510', sqTeste.nextval, TO_DATE('2023-03-04', 'YYYY/MM/DD'));
INSERT INTO Ingresso (id_comprad, num_ingresso, dia_evento) VALUES ('97729351634', sqTeste.nextval, TO_DATE('2023-03-05', 'YYYY/MM/DD'));
INSERT INTO Ingresso (id_comprad, num_ingresso, dia_evento) VALUES ('98585861961', sqTeste.nextval, TO_DATE('2023-03-05', 'YYYY/MM/DD'));
INSERT INTO Ingresso (id_comprad, num_ingresso, dia_evento) VALUES ('63879736715', sqTeste.nextval, TO_DATE('2023-03-05', 'YYYY/MM/DD'));
INSERT INTO Ingresso (id_comprad, num_ingresso, dia_evento) VALUES ('18167681462', sqTeste.nextval, TO_DATE('2023-03-05', 'YYYY/MM/DD'));
INSERT INTO Ingresso (id_comprad, num_ingresso, dia_evento) VALUES ('96540305579', sqTeste.nextval, TO_DATE('2023-03-05', 'YYYY/MM/DD'));
INSERT INTO Ingresso (id_comprad, num_ingresso, dia_evento) VALUES ('44671342173', sqTeste.nextval, TO_DATE('2023-03-05', 'YYYY/MM/DD'));
INSERT INTO Ingresso (id_comprad, num_ingresso, dia_evento) VALUES ('77326388107', sqTeste.nextval, TO_DATE('2023-03-05', 'YYYY/MM/DD'));
INSERT INTO Ingresso (id_comprad, num_ingresso, dia_evento) VALUES ('13624832200', sqTeste.nextval, TO_DATE('2023-03-05', 'YYYY/MM/DD'));
INSERT INTO Ingresso (id_comprad, num_ingresso, dia_evento) VALUES ('30053124352', sqTeste.nextval, TO_DATE('2023-03-05', 'YYYY/MM/DD'));
INSERT INTO Ingresso (id_comprad, num_ingresso, dia_evento) VALUES ('73208730933', sqTeste.nextval, TO_DATE('2023-03-10', 'YYYY/MM/DD'));
INSERT INTO Ingresso (id_comprad, num_ingresso, dia_evento) VALUES ('49879549811', sqTeste.nextval, TO_DATE('2023-03-10', 'YYYY/MM/DD'));
INSERT INTO Ingresso (id_comprad, num_ingresso, dia_evento) VALUES ('32540289848', sqTeste.nextval, TO_DATE('2023-03-10', 'YYYY/MM/DD'));
INSERT INTO Ingresso (id_comprad, num_ingresso, dia_evento) VALUES ('74503391806', sqTeste.nextval, TO_DATE('2023-03-10', 'YYYY/MM/DD'));
INSERT INTO Ingresso (id_comprad, num_ingresso, dia_evento) VALUES ('18508230195', sqTeste.nextval, TO_DATE('2023-03-10', 'YYYY/MM/DD'));
INSERT INTO Ingresso (id_comprad, num_ingresso, dia_evento) VALUES ('13963126181', sqTeste.nextval, TO_DATE('2023-03-10', 'YYYY/MM/DD'));
INSERT INTO Ingresso (id_comprad, num_ingresso, dia_evento) VALUES ('39418726593', sqTeste.nextval, TO_DATE('2023-03-10', 'YYYY/MM/DD'));
INSERT INTO Ingresso (id_comprad, num_ingresso, dia_evento) VALUES ('88179303872', sqTeste.nextval, TO_DATE('2023-03-10', 'YYYY/MM/DD'));
INSERT INTO Ingresso (id_comprad, num_ingresso, dia_evento) VALUES ('87198181231', sqTeste.nextval, TO_DATE('2023-03-10', 'YYYY/MM/DD'));

-- POVOANDO NOME_EQUIPAMENTOS
INSERT INTO Nome_equipamento (nome, preco) VALUES ('guitarra aceim preta', 500)
INSERT INTO Nome_equipamento (nome, preco) VALUES ('bateria yamaha', 2000)
INSERT INTO Nome_equipamento (nome, preco) VALUES ('baixo weiser', 400)
INSERT INTO Nome_equipamento (nome, preco) VALUES ('amplificador yamaha', 300)
INSERT INTO Nome_equipamento (nome, preco) VALUES ('guitarra jonson', 580)
INSERT INTO Nome_equipamento (nome, preco) VALUES ('refletor móvel', 890)
INSERT INTO Nome_equipamento (nome, preco) VALUES ('microfone sem fio', 30)
INSERT INTO Nome_equipamento (nome, preco) VALUES ('liberador de fumaça grande', 75)
INSERT INTO Nome_equipamento (nome, preco) VALUES ('teclado shueizer', 890)


-- POVOANDO EQUIPAMENTOS
INSERT INTO Equipamentos (nome, num_serie, tipo)  VALUES ('guitarra aceim preta', 3535, 'instrumento');
INSERT INTO Equipamentos (nome, num_serie, tipo)  VALUES ('bateria yamaha', 741644, 'instrumento');
INSERT INTO Equipamentos (nome, num_serie, tipo)  VALUES ('baixo weiser', 3433, 'instrumento');
INSERT INTO Equipamentos (nome, num_serie, tipo)  VALUES ('amplificador yamaha', 9352522, 'eletronico');
INSERT INTO Equipamentos (nome, num_serie, tipo)  VALUES ('liberador de fumaça grande', 8886444, 'eletronico');
INSERT INTO Equipamentos (nome, num_serie, tipo)  VALUES ('guitarra jonson', 4434, 'instrumento');
INSERT INTO Equipamentos (nome, num_serie, tipo)  VALUES ('refletor móvel', 3252555, 'eletronico');
INSERT INTO Equipamentos (nome, num_serie, tipo)  VALUES ('liberador de fumaça grande', 6466444, 'eletronico');
INSERT INTO Equipamentos (nome, num_serie, tipo)  VALUES ('amplificador yamaha', 7332544, 'eletronico');
INSERT INTO Equipamentos (nome, num_serie, tipo)  VALUES ('microfone sem fio', 5432543, 'eletronico');
INSERT INTO Equipamentos (nome, num_serie, tipo)  VALUES ('microfone sem fio', 4353454, 'eletronico');
INSERT INTO Equipamentos (nome, num_serie, tipo)  VALUES ('microfone sem fio', 4958234, 'eletronico');
INSERT INTO Equipamentos (nome, num_serie, tipo)  VALUES ('microfone sem fio', 1231225, 'eletronico');
INSERT INTO Equipamentos (nome, num_serie, tipo)  VALUES ('liberador de fumaça grande', 1234444, 'eletronico');
INSERT INTO Equipamentos (nome, num_serie, tipo)  VALUES ('teclado shueizer', 5335353, 'instrumento');
INSERT INTO Equipamentos (nome, num_serie, tipo)  VALUES ('amplificador yamaha', 7000522, 'eletronico');

-- POVOANDO ENCRREGA
INSERT INTO Encarrrega (id_manut, num_serie) VALUES ('87886107463', )

-- POVOANDO PALCOS

INSERT INTO Palco (numero, tamanho) VALUES (1, '1000');
INSERT INTO Palco (numero, tamanho) VALUES (2, '2000');
INSERT INTO Palco (numero, tamanho) VALUES (3, '1300');
INSERT INTO Palco (numero, tamanho) VALUES (4, '400');