
-- POVOANDO ENDERECOS
INSERT INTO Endereco (cep, rua, cidade, pais, estado) VALUES ('54321-876', 'Avenida Principal', 'Rio de Janeiro', 'Brasil', 'Rio de Janeiro');
INSERT INTO Endereco (cep, rua, cidade, pais, estado) VALUES ('12345-678', 'Avenida das Flores', 'São Paulo', 'Brasil', 'São Paulo');
INSERT INTO Endereco (cep, rua, cidade, pais, estado) VALUES ('98765-432', 'Rua dos Pássaros', 'Belo Horizonte', 'Brasil', 'Minas Gerais');
INSERT INTO Endereco (cep, rua, cidade, pais, estado) VALUES ('23456-789', 'Alameda das Palmeiras', 'Porto Alegre', 'Brasil', 'Rio Grande do Sul');
INSERT INTO Endereco (cep, rua, cidade, pais, estado) VALUES ('87654-321', 'Praça Central', 'Salvador', 'Brasil', 'Bahia');
INSERT INTO Endereco (cep, rua, cidade, pais, estado) VALUES ('54321-098', 'Rua da Esperança', 'Recife', 'Brasil', 'Pernambuco');
INSERT INTO Endereco (cep, rua, cidade, pais, estado) VALUES ('12345-567', 'Avenida da Liberdade', 'Brasília', 'Brasil', 'Distrito Federal');
INSERT INTO Endereco (cep, rua, cidade, pais, estado) VALUES ('98765-456', 'Rua dos Girassóis', 'Fortaleza', 'Brasil', 'Ceará');
INSERT INTO Endereco (cep, rua, cidade, pais, estado) VALUES ('23456-654', 'Praça das Águas', 'Manaus', 'Brasil', 'Amazonas');
INSERT INTO Endereco (cep, rua, cidade, pais, estado) VALUES ('87654-890', 'Rua do Mar', 'Curitiba', 'Brasil', 'Paraná');
INSERT INTO Endereco (cep, rua, cidade, pais, estado) VALUES ('54321-234', 'Avenida das Montanhas', 'Goiania', 'Brasil', 'Goiás');
INSERT INTO Endereco (cep, rua, cidade, pais, estado) VALUES ('12345-789', 'Alameda dos Ipês', 'Belém', 'Brasil', 'Pará');
INSERT INTO Endereco (cep, rua, cidade, pais, estado) VALUES ('98765-890', 'Rua das Estrelas', 'Campinas', 'Brasil', 'São Paulo');
INSERT INTO Endereco (cep, rua, cidade, pais, estado) VALUES ('23456-123', 'Praça do Sol', 'Vitória', 'Brasil', 'Espírito Santo');
INSERT INTO Endereco (cep, rua, cidade, pais, estado) VALUES ('87654-567', 'Rua das Ondas', 'Maceió', 'Brasil', 'Alagoas');
INSERT INTO Endereco (cep, rua, cidade, pais, estado) VALUES ('54321-678', 'Avenida das Gaivotas', 'João Pessoa', 'Brasil', 'Paraíba');
INSERT INTO Endereco (cep, rua, cidade, pais, estado) VALUES ('12345-321', 'Alameda dos Coqueiros', 'Teresina', 'Brasil', 'Piauí');
INSERT INTO Endereco (cep, rua, cidade, pais, estado) VALUES ('98765-567', 'Rua das Nuvens', 'Aracaju', 'Brasil', 'Sergipe');
INSERT INTO Endereco (cep, rua, cidade, pais, estado) VALUES ('23456-890', 'Praça das Laranjeiras', 'Cuiabá', 'Brasil', 'Mato Grosso');
INSERT INTO Endereco (cep, rua, cidade, pais, estado) VALUES ('87654-234', 'Rua dos Ventos', 'Ponta Grossa', 'Brasil', 'Paraná');
INSERT INTO Endereco (cep, rua, cidade, pais, estado) VALUES ('54321-789', 'Avenida das Árvores', 'Feira de Santana', 'Brasil', 'Bahia');
INSERT INTO Endereco (cep, rua, cidade, pais, estado) VALUES ('12345-456', 'Alameda do Lago', 'Joinville', 'Brasil', 'Santa Catarina');
INSERT INTO Endereco (cep, rua, cidade, pais, estado) VALUES ('98765-123', 'Rua das Cachoeiras', 'Blumenau', 'Brasil', 'Santa Catarina');
INSERT INTO Endereco (cep, rua, cidade, pais, estado) VALUES ('23456-678', 'Praça do Largo', 'Sorocaba', 'Brasil', 'São Paulo');
INSERT INTO Endereco (cep, rua, cidade, pais, estado) VALUES ('87654-321', 'Rua do Bosque', 'Itaquaquecetuba', 'Brasil', 'São Paulo');
INSERT INTO Endereco (cep, rua, cidade, pais, estado) VALUES ('54321-098', 'Avenida das Praias', 'Santarém', 'Brasil', 'Pará');
INSERT INTO Endereco (cep, rua, cidade, pais, estado) VALUES ('12345-567', 'Alameda das Dunas', 'Anápolis', 'Brasil', 'Goiás');
INSERT INTO Endereco (cep, rua, cidade, pais, estado) VALUES ('98765-890', 'Rua do Rio', 'Marabá', 'Brasil', 'Pará');
INSERT INTO Endereco (cep, rua, cidade, pais, estado) VALUES ('23456-123', 'Praça do Cais', 'Colombo', 'Brasil', 'Paraná');
INSERT INTO Endereco (cep, rua, cidade, pais, estado) VALUES ('87654-567', 'Rua das Pedras', 'Novo Hamburgo', 'Brasil', 'Rio Grande do Sul');
INSERT INTO Endereco (cep, rua, cidade, pais, estado) VALUES ('54321-678', 'Avenida das Montanhas', 'Barueri', 'Brasil', 'São Paulo');
INSERT INTO Endereco (cep, rua, cidade, pais, estado) VALUES ('12345-321', 'Alameda dos Pássaros', 'Londrina', 'Brasil', 'Paraná');
INSERT INTO Endereco (cep, rua, cidade, pais, estado) VALUES ('98765-567', 'Rua do Maracanã', 'Taubaté', 'Brasil', 'São Paulo');
INSERT INTO Endereco (cep, rua, cidade, pais, estado) VALUES ('23456-890', 'Praça da Sé', 'Santarém', 'Brasil', 'Pará');
INSERT INTO Endereco (cep, rua, cidade, pais, estado) VALUES ('87654-234', 'Rua dos Pinheiros', 'Pindamonhangaba', 'Brasil', 'São Paulo');
INSERT INTO Endereco (cep, rua, cidade, pais, estado) VALUES ('54321-789', 'Avenida das Flores', 'Araguaína', 'Brasil', 'Tocantins');
INSERT INTO Endereco (cep, rua, cidade, pais, estado) VALUES ('12345-456', 'Alameda das Águas', 'Paulista', 'Brasil', 'Pernambuco');
INSERT INTO Endereco (cep, rua, cidade, pais, estado) VALUES ('98765-123', 'Rua das Praias', 'Camaragibe', 'Brasil', 'Pernambuco');
INSERT INTO Endereco (cep, rua, cidade, pais, estado) VALUES ('23456-678', 'Praça das Montanhas', 'Passo Fundo', 'Brasil', 'Rio Grande do Sul');
INSERT INTO Endereco (cep, rua, cidade, pais, estado) VALUES ('87654-321', 'Rua dos Coqueiros', 'Alvorada', 'Brasil', 'Rio Grande do Sul');
INSERT INTO Endereco (cep, rua, cidade, pais, estado) VALUES ('54321-098', 'Avenida das Estrelas', 'Itapecerica da Serra', 'Brasil', 'São Paulo');
INSERT INTO Endereco (cep, rua, cidade, pais, estado) VALUES ('12345-567', 'Alameda das Nuvens', 'Várzea Paulista', 'Brasil', 'São Paulo');
INSERT INTO Endereco (cep, rua, cidade, pais, estado) VALUES ('98765-890', 'Rua das Gaivotas', 'Marília', 'Brasil', 'São Paulo');
INSERT INTO Endereco (cep, rua, cidade, pais, estado) VALUES ('23456-123', 'Praça do Sol', 'Limeira', 'Brasil', 'São Paulo');
INSERT INTO Endereco (cep, rua, cidade, pais, estado) VALUES ('87654-567', 'Rua dos Girassóis', 'São Carlos', 'Brasil', 'São Paulo');
INSERT INTO Endereco (cep, rua, cidade, pais, estado) VALUES ('54321-678', 'Avenida das Montanhas', 'Barra Mansa', 'Brasil', 'Rio de Janeiro');
INSERT INTO Endereco (cep, rua, cidade, pais, estado) VALUES ('12345-321', 'Alameda dos Ipês', 'Embu', 'Brasil', 'São Paulo');
INSERT INTO Endereco (cep, rua, cidade, pais, estado) VALUES ('98765-567', 'Rua das Laranjeiras', 'Jacareí', 'Brasil', 'São Paulo');
INSERT INTO Endereco (cep, rua, cidade, pais, estado) VALUES ('23456-890', 'Praça do Largo', 'Taubaté', 'Brasil', 'São Paulo');
INSERT INTO Endereco (cep, rua, cidade, pais, estado) VALUES ('87654-234', 'Rua do Bosque', 'Rio Claro', 'Brasil', 'São Paulo');
INSERT INTO Endereco (cep, rua, cidade, pais, estado) VALUES ('54321-789', 'Avenida das Árvores', 'Santa Bárbara dOeste', 'Brasil', 'São Paulo');
INSERT INTO Endereco (cep, rua, cidade, pais, estado) VALUES ('12345-456', 'Alameda do Lago', 'Jaú', 'Brasil', 'São Paulo');
INSERT INTO Endereco (cep, rua, cidade, pais, estado) VALUES ('98765-123', 'Rua das Praias', 'Bragança Paulista', 'Brasil', 'São Paulo');
INSERT INTO Endereco (cep, rua, cidade, pais, estado) VALUES ('23456-678', 'Praça do Cais', 'Francisco Morato', 'Brasil', 'São Paulo');
INSERT INTO Endereco (cep, rua, cidade, pais, estado) VALUES ('87654-321', 'Rua dos Ventos', 'Leme', 'Brasil', 'São Paulo');
INSERT INTO Endereco (cep, rua, cidade, pais, estado) VALUES ('54321-098', 'Avenida das Praias', 'Porto Feliz', 'Brasil', 'São Paulo');
INSERT INTO Endereco (cep, rua, cidade, pais, estado) VALUES ('12345-567', 'Alameda das Dunas', 'Guaratinguetá', 'Brasil', 'São Paulo');
INSERT INTO Endereco (cep, rua, cidade, pais, estado) VALUES ('98765-890', 'Rua do Rio', 'São Sebastião', 'Brasil', 'São Paulo');
INSERT INTO Endereco (cep, rua, cidade, pais, estado) VALUES ('23456-123', 'Praça do Largo', 'Itanhaém', 'Brasil', 'São Paulo');
INSERT INTO Endereco (cep, rua, cidade, pais, estado) VALUES ('87654-567', 'Rua das Pedras', 'Itapevi', 'Brasil', 'São Paulo');
INSERT INTO Endereco (cep, rua, cidade, pais, estado) VALUES ('54321-678', 'Avenida das Montanhas', 'Tatuí', 'Brasil', 'São Paulo');
INSERT INTO Endereco (cep, rua, cidade, pais, estado) VALUES ('12345-321', 'Alameda dos Pássaros', 'Mogi Mirim', 'Brasil', 'São Paulo');
INSERT INTO Endereco (cep, rua, cidade, pais, estado) VALUES ('98765-567', 'Rua do Maracanã', 'Cruzeiro', 'Brasil', 'São Paulo');
INSERT INTO Endereco (cep, rua, cidade, pais, estado) VALUES ('23456-890', 'Praça da Sé', 'Sertãozinho', 'Brasil', 'São Paulo');
INSERT INTO Endereco (cep, rua, cidade, pais, estado) VALUES ('87654-234', 'Rua dos Pinheiros', 'Ourinhos', 'Brasil', 'São Paulo');
INSERT INTO Endereco (cep, rua, cidade, pais, estado) VALUES ('54321-789', 'Avenida das Flores', 'Americana', 'Brasil', 'São Paulo');
INSERT INTO Endereco (cep, rua, cidade, pais, estado) VALUES ('12345-456', 'Alameda das Águas', 'Itapeva', 'Brasil', 'São Paulo');
INSERT INTO Endereco (cep, rua, cidade, pais, estado) VALUES ('98765-123', 'Rua das Praias', 'Palhoça', 'Brasil', 'Santa Catarina');
INSERT INTO Endereco (cep, rua, cidade, pais, estado) VALUES ('23456-678', 'Praça das Montanhas', 'Araraquara', 'Brasil', 'São Paulo');
INSERT INTO Endereco (cep, rua, cidade, pais, estado) VALUES ('87654-321', 'Rua dos Coqueiros', 'Itapetininga', 'Brasil', 'São Paulo');
INSERT INTO Endereco (cep, rua, cidade, pais, estado) VALUES ('54321-098', 'Avenida das Estrelas', 'Teresópolis', 'Brasil', 'Rio de Janeiro');
INSERT INTO Endereco (cep, rua, cidade, pais, estado) VALUES ('12345-567', 'Alameda das Nuvens', 'Alagoinhas', 'Brasil', 'Bahia');
INSERT INTO Endereco (cep, rua, cidade, pais, estado) VALUES ('98765-890', 'Rua das Gaivotas', 'Valparaíso de Goiás', 'Brasil', 'Goiás');
INSERT INTO Endereco (cep, rua, cidade, pais, estado) VALUES ('23456-123', 'Praça do Sol', 'Santana de Parnaíba', 'Brasil', 'São Paulo');
INSERT INTO Endereco (cep, rua, cidade, pais, estado) VALUES ('87654-567', 'Rua dos Girassóis', 'Juazeiro do Norte', 'Brasil', 'Ceará');
INSERT INTO Endereco (cep, rua, cidade, pais, estado) VALUES ('54321-678', 'Avenida das Montanhas', 'Barcarena', 'Brasil', 'Pará');
INSERT INTO Endereco (cep, rua, cidade, pais, estado) VALUES ('12345-321', 'Alameda dos Ipês', 'Itaituba', 'Brasil', 'Pará');
INSERT INTO Endereco (cep, rua, cidade, pais, estado) VALUES ('98765-567', 'Rua das Laranjeiras', 'Colatina', 'Brasil', 'Espírito Santo');
INSERT INTO Endereco (cep, rua, cidade, pais, estado) VALUES ('23456-890', 'Praça do Largo', 'Várzea Grande', 'Brasil', 'Mato Grosso');
INSERT INTO Endereco (cep, rua, cidade, pais, estado) VALUES ('87654-234', 'Rua do Bosque', 'Ananindeua', 'Brasil', 'Pará');
INSERT INTO Endereco (cep, rua, cidade, pais, estado) VALUES ('54321-789', 'Avenida das Árvores', 'Macaé', 'Brasil', 'Rio de Janeiro');
INSERT INTO Endereco (cep, rua, cidade, pais, estado) VALUES ('12345-456', 'Alameda do Lago', 'Nilópolis', 'Brasil', 'Rio de Janeiro');
INSERT INTO Endereco (cep, rua, cidade, pais, estado) VALUES ('98765-123', 'Rua das Praias', 'Angra dos Reis', 'Brasil', 'Rio de Janeiro');
INSERT INTO Endereco (cep, rua, cidade, pais, estado) VALUES ('23456-678', 'Praça das Montanhas', 'Maricá', 'Brasil', 'Rio de Janeiro');
INSERT INTO Endereco (cep, rua, cidade, pais, estado) VALUES ('87654-321', 'Rua dos Coqueiros', 'Cabo Frio', 'Brasil', 'Rio de Janeiro');
INSERT INTO Endereco (cep, rua, cidade, pais, estado) VALUES ('54321-098', 'Avenida das Estrelas', 'Itaboraí', 'Brasil', 'Rio de Janeiro');
INSERT INTO Endereco (cep, rua, cidade, pais, estado) VALUES ('12345-567', 'Alameda das Nuvens', 'Nova Friburgo', 'Brasil', 'Rio de Janeiro');
INSERT INTO Endereco (cep, rua, cidade, pais, estado) VALUES ('98765-890', 'Rua das Gaivotas', 'Rio das Ostras', 'Brasil', 'Rio de Janeiro');
INSERT INTO Endereco (cep, rua, cidade, pais, estado) VALUES ('23456-123', 'Praça do Sol', 'Três Rios', 'Brasil', 'Rio de Janeiro');
INSERT INTO Endereco (cep, rua, cidade, pais, estado) VALUES ('87654-567', 'Rua dos Girassóis', 'Queimados', 'Brasil', 'Rio de Janeiro');
INSERT INTO Endereco (cep, rua, cidade, pais, estado) VALUES ('54321-678', 'Avenida das Montanhas', 'Belford Roxo', 'Brasil', 'Rio de Janeiro');
INSERT INTO Endereco (cep, rua, cidade, pais, estado) VALUES ('12345-321', 'Alameda dos Ipês', 'São João de Meriti', 'Brasil', 'Rio de Janeiro');
INSERT INTO Endereco (cep, rua, cidade, pais, estado) VALUES ('98765-567', 'Rua das Laranjeiras', 'Resende', 'Brasil', 'Rio de Janeiro');
INSERT INTO Endereco (cep, rua, cidade, pais, estado) VALUES ('23456-890', 'Praça do Largo', 'Campos dos Goytacazes', 'Brasil', 'Rio de Janeiro');
INSERT INTO Endereco (cep, rua, cidade, pais, estado) VALUES ('87654-234', 'Rua do Bosque', 'Volta Redonda', 'Brasil', 'Rio de Janeiro');
INSERT INTO Endereco (cep, rua, cidade, pais, estado) VALUES ('54321-789', 'Avenida das Árvores', 'São Gonçalo', 'Brasil', 'Rio de Janeiro');
INSERT INTO Endereco (cep, rua, cidade, pais, estado) VALUES ('12345-456', 'Alameda do Lago', 'Duque de Caxias', 'Brasil', 'Rio de Janeiro');
INSERT INTO Endereco (cep, rua, cidade, pais, estado) VALUES ('98765-123', 'Rua das Praias', 'Niterói', 'Brasil', 'Rio de Janeiro');
INSERT INTO Endereco (cep, rua, cidade, pais, estado) VALUES ('23456-678', 'Praça das Montanhas', 'Nova Iguaçu', 'Brasil', 'Rio de Janeiro');
INSERT INTO Endereco (cep, rua, cidade, pais, estado) VALUES ('87654-321', 'Rua dos Coqueiros', 'Belford Roxo', 'Brasil', 'Rio de Janeiro');
INSERT INTO Endereco (cep, rua, cidade, pais, estado) VALUES ('54321-098', 'Avenida das Estrelas', 'Mage', 'Brasil', 'Rio de Janeiro');
INSERT INTO Endereco (cep, rua, cidade, pais, estado) VALUES ('12345-567', 'Alameda das Nuvens', 'Cabo Frio', 'Brasil', 'Rio de Janeiro');
INSERT INTO Endereco (cep, rua, cidade, pais, estado) VALUES ('98765-890', 'Rua das Gaivotas', 'Campos dos Goytacazes', 'Brasil', 'Rio de Janeiro');
INSERT INTO Endereco (cep, rua, cidade, pais, estado) VALUES ('23456-123', 'Praça do Sol', 'Itaboraí', 'Brasil', 'Rio de Janeiro');
INSERT INTO Endereco (cep, rua, cidade, pais, estado) VALUES ('87654-567', 'Rua dos Girassóis', 'Queimados', 'Brasil', 'Rio de Janeiro');
INSERT INTO Endereco (cep, rua, cidade, pais, estado) VALUES ('54321-678', 'Avenida das Montanhas', 'Angra dos Reis', 'Brasil', 'Rio de Janeiro');
INSERT INTO Endereco (cep, rua, cidade, pais, estado) VALUES ('12345-321', 'Alameda dos Ipês', 'Nova Iguaçu', 'Brasil', 'Rio de Janeiro');
INSERT INTO Endereco (cep, rua, cidade, pais, estado) VALUES ('98765-567', 'Rua das Laranjeiras', 'Resende', 'Brasil', 'Rio de Janeiro');
INSERT INTO Endereco (cep, rua, cidade, pais, estado) VALUES ('23456-890', 'Praça do Largo', 'São Gonçalo', 'Brasil', 'Rio de Janeiro');
INSERT INTO Endereco (cep, rua, cidade, pais, estado) VALUES ('87654-234', 'Rua do Bosque', 'Rio de Janeiro', 'Brasil', 'Rio de Janeiro');
INSERT INTO Endereco (cep, rua, cidade, pais, estado) VALUES ('54321-789', 'Avenida das Árvores', 'Duque de Caxias', 'Brasil', 'Rio de Janeiro');
INSERT INTO Endereco (cep, rua, cidade, pais, estado) VALUES ('12345-456', 'Alameda do Lago', 'Niterói', 'Brasil', 'Rio de Janeiro');
INSERT INTO Endereco (cep, rua, cidade, pais, estado) VALUES ('98765-123', 'Rua das Praias', 'Barra Mansa', 'Brasil', 'Rio de Janeiro');
INSERT INTO Endereco (cep, rua, cidade, pais, estado) VALUES ('23456-678', 'Praça das Montanhas', 'São João de Meriti', 'Brasil', 'Rio de Janeiro');
INSERT INTO Endereco (cep, rua, cidade, pais, estado) VALUES ('87654-321', 'Rua dos Coqueiros', 'Itaboraí', 'Brasil', 'Rio de Janeiro');
INSERT INTO Endereco (cep, rua, cidade, pais, estado) VALUES ('54321-098', 'Avenida das Estrelas', 'Mage', 'Brasil', 'Rio de Janeiro');
INSERT INTO Endereco (cep, rua, cidade, pais, estado) VALUES ('12345-567', 'Alameda das Nuvens', 'Cabo Frio', 'Brasil', 'Rio de Janeiro');
INSERT INTO Endereco (cep, rua, cidade, pais, estado) VALUES ('98765-890', 'Rua das Gaivotas', 'Campos dos Goytacazes', 'Brasil', 'Rio de Janeiro');
INSERT INTO Endereco (cep, rua, cidade, pais, estado) VALUES ('23456-123', 'Praça do Sol', 'Itaboraí', 'Brasil', 'Rio de Janeiro');
INSERT INTO Endereco (cep, rua, cidade, pais, estado) VALUES ('87654-567', 'Rua dos Girassóis', 'Queimados', 'Brasil', 'Rio de Janeiro');
INSERT INTO Endereco (cep, rua, cidade, pais, estado) VALUES ('54321-678', 'Avenida das Montanhas', 'Angra dos Reis', 'Brasil', 'Rio de Janeiro');
INSERT INTO Endereco (cep, rua, cidade, pais, estado) VALUES ('12345-321', 'Alameda dos Ipês', 'Nova Iguaçu', 'Brasil', 'Rio de Janeiro');
INSERT INTO Endereco (cep, rua, cidade, pais, estado) VALUES ('98765-567', 'Rua das Laranjeiras', 'Resende', 'Brasil', 'Rio de Janeiro');
INSERT INTO Endereco (cep, rua, cidade, pais, estado) VALUES ('23456-890', 'Praça do Largo', 'São Gonçalo', 'Brasil', 'Rio de Janeiro');
INSERT INTO Endereco (cep, rua, cidade, pais, estado) VALUES ('87654-234', 'Rua do Bosque', 'Rio de Janeiro', 'Brasil', 'Rio de Janeiro');
INSERT INTO Endereco (cep, rua, cidade, pais, estado) VALUES ('54321-789', 'Avenida das Árvores', 'Duque de Caxias', 'Brasil', 'Rio de Janeiro');
INSERT INTO Endereco (cep, rua, cidade, pais, estado) VALUES ('12345-456', 'Alameda do Lago', 'Niterói', 'Brasil', 'Rio de Janeiro');
INSERT INTO Endereco (cep, rua, cidade, pais, estado) VALUES ('98765-123', 'Rua das Praias', 'Barra Mansa', 'Brasil', 'Rio de Janeiro');
INSERT INTO Endereco (cep, rua, cidade, pais, estado) VALUES ('23456-678', 'Praça das Montanhas', 'São João de Meriti', 'Brasil', 'Rio de Janeiro');
INSERT INTO Endereco (cep, rua, cidade, pais, estado) VALUES ('87654-321', 'Rua dos Coqueiros', 'Itaboraí', 'Brasil', 'Rio de Janeiro');
INSERT INTO Endereco (cep, rua, cidade, pais, estado) VALUES ('54321-098', 'Avenida das Estrelas', 'Mage', 'Brasil', 'Rio de Janeiro');
INSERT INTO Endereco (cep, rua, cidade, pais, estado) VALUES ('12345-567', 'Alameda das Nuvens', 'Cabo Frio', 'Brasil', 'Rio de Janeiro');
INSERT INTO Endereco (cep, rua, cidade, pais, estado) VALUES ('98765-890', 'Rua das Gaivotas', 'Campos dos Goytacazes', 'Brasil', 'Rio de Janeiro');
INSERT INTO Endereco (cep, rua, cidade, pais, estado) VALUES ('23456-123', 'Praça do Sol', 'Itaboraí', 'Brasil', 'Rio de Janeiro');
INSERT INTO Endereco (cep, rua, cidade, pais, estado) VALUES ('87654-567', 'Rua dos Girassóis', 'Queimados', 'Brasil', 'Rio de Janeiro');
INSERT INTO Endereco (cep, rua, cidade, pais, estado) VALUES ('54321-678', 'Avenida das Montanhas', 'Angra dos Reis', 'Brasil', 'Rio de Janeiro');
INSERT INTO Endereco (cep, rua, cidade, pais, estado) VALUES ('12345-321', 'Alameda dos Ipês', 'Nova Iguaçu', 'Brasil', 'Rio de Janeiro');
INSERT INTO Endereco (cep, rua, cidade, pais, estado) VALUES ('98765-567', 'Rua das Laranjeiras', 'Resende', 'Brasil', 'Rio de Janeiro');
INSERT INTO Endereco (cep, rua, cidade, pais, estado) VALUES ('23456-890', 'Praça do Largo', 'São Gonçalo', 'Brasil', 'Rio de Janeiro');
INSERT INTO Endereco (cep, rua, cidade, pais, estado) VALUES ('87654-234', 'Rua do Bosque', 'Rio de Janeiro', 'Brasil', 'Rio de Janeiro');
INSERT INTO Endereco (cep, rua, cidade, pais, estado) VALUES ('54321-789', 'Avenida das Árvores', 'Duque de Caxias', 'Brasil', 'Rio de Janeiro');
INSERT INTO Endereco (cep, rua, cidade, pais, estado) VALUES ('12345-456', 'Alameda do Lago', 'Niterói', 'Brasil', 'Rio de Janeiro');
INSERT INTO Endereco (cep, rua, cidade, pais, estado) VALUES ('98765-123', 'Rua das Praias', 'Barra Mansa', 'Brasil', 'Rio de Janeiro');
INSERT INTO Endereco (cep, rua, cidade, pais, estado) VALUES ('23456-678', 'Praça das Montanhas', 'São João de Meriti', 'Brasil', 'Rio de Janeiro');
INSERT INTO Endereco (cep, rua, cidade, pais, estado) VALUES ('87654-321', 'Rua dos Coqueiros', 'Itaboraí', 'Brasil', 'Rio de Janeiro');
INSERT INTO Endereco (cep, rua, cidade, pais, estado) VALUES ('54321-098', 'Avenida das Estrelas', 'Mage', 'Brasil', 'Rio de Janeiro');
INSERT INTO Endereco (cep, rua, cidade, pais, estado) VALUES ('12345-567', 'Alameda das Nuvens', 'Cabo Frio', 'Brasil', 'Rio de Janeiro');
INSERT INTO Endereco (cep, rua, cidade, pais, estado) VALUES ('98765-890', 'Rua das Gaivotas', 'Campos dos Goytacazes', 'Brasil', 'Rio de Janeiro');
INSERT INTO Endereco (cep, rua, cidade, pais, estado) VALUES ('23456-123', 'Praça do Sol', 'Itaboraí', 'Brasil', 'Rio de Janeiro');
INSERT INTO Endereco (cep, rua, cidade, pais, estado) VALUES ('87654-567', 'Rua dos Girassóis', 'Queimados', 'Brasil', 'Rio de Janeiro');


-- POVOANDO PESSOAS
INSERT INTO Pessoa (cpf, nome, cep, numero) VALUES ('30199388385', 'Ricardo Almeida', '54321-876', 319);
INSERT INTO Pessoa (cpf, nome, cep, numero) VALUES ('47427712610', 'Carla Pereira', '12345-678', 128);
INSERT INTO Pessoa (cpf, nome, cep, numero) VALUES ('29599507565', 'Roberto Mendes', '98765-432', 347);
INSERT INTO Pessoa (cpf, nome, cep, numero) VALUES ('57628148722', 'Beatriz Ferreira', '23456-789', 251);
INSERT INTO Pessoa (cpf, nome, cep, numero) VALUES ('12812080044', 'Lucas Ribeiro', '87654-321', 229);
INSERT INTO Pessoa (cpf, nome, cep, numero) VALUES ('64295837740', 'Isabela Rodrigues', '54321-098', 296);
INSERT INTO Pessoa (cpf, nome, cep, numero) VALUES ('65134974386', 'Silvio Barros', '12345-567', 246);
INSERT INTO Pessoa (cpf, nome, cep, numero) VALUES ('49071844654', 'Carolina Soares', '98765-456', 311);
INSERT INTO Pessoa (cpf, nome, cep, numero) VALUES ('56167488077', 'Gustavo Teixeira', '23456-654', 211);
INSERT INTO Pessoa (cpf, nome, cep, numero) VALUES ('38336868424', 'Julia Alves', '87654-890', 193);
INSERT INTO Pessoa (cpf, nome, cep, numero) VALUES ('58162796706', 'Alexandre Costa', '54321-234', 337);
INSERT INTO Pessoa (cpf, nome, cep, numero) VALUES ('74758815612', 'Priscila Machado', '12345-789', 377);
INSERT INTO Pessoa (cpf, nome, cep, numero) VALUES ('56122432090', 'Fernando Gomes', '98765-890', 402);
INSERT INTO Pessoa (cpf, nome, cep, numero) VALUES ('12247919297', 'Elaine Martins', '23456-123', 389);
INSERT INTO Pessoa (cpf, nome, cep, numero) VALUES ('17490321338', 'Gabriel Lima', '87654-567', 206);
INSERT INTO Pessoa (cpf, nome, cep, numero) VALUES ('29700737817', 'Sofia Ferreira', '54321-678', 20);
INSERT INTO Pessoa (cpf, nome, cep, numero) VALUES ('27612094332', 'Hugo Pereira', '12345-321', 225);
INSERT INTO Pessoa (cpf, nome, cep, numero) VALUES ('40117047008', 'Isadora Silva', '98765-567', 207);
INSERT INTO Pessoa (cpf, nome, cep, numero) VALUES ('52416538966', 'Guilherme Santos', '23456-890', 471);
INSERT INTO Pessoa (cpf, nome, cep, numero) VALUES ('42657296455', 'Bruna Oliveira', '87654-234', 435);
INSERT INTO Pessoa (cpf, nome, cep, numero) VALUES ('71122532810', 'Giovanni Ribeiro', '54321-789', 90);
INSERT INTO Pessoa (cpf, nome, cep, numero) VALUES ('43560681056', 'Sara Almeida', '12345-456', 211);
INSERT INTO Pessoa (cpf, nome, cep, numero) VALUES ('80905097415', 'Mateus Rodrigues', '98765-123', 27);
INSERT INTO Pessoa (cpf, nome, cep, numero) VALUES ('14059155304', 'Eloá Barros', '23456-678', 59);
INSERT INTO Pessoa (cpf, nome, cep, numero) VALUES ('19253087598', 'Daniel Soares', '87654-321', 437);
INSERT INTO Pessoa (cpf, nome, cep, numero) VALUES ('37401423730', 'Carla Teixeira', '54321-098', 480);
INSERT INTO Pessoa (cpf, nome, cep, numero) VALUES ('32759444139', 'João Alves', '12345-567', 202);
INSERT INTO Pessoa (cpf, nome, cep, numero) VALUES ('14649378973', 'Júlia Costa', '98765-890', 482);
INSERT INTO Pessoa (cpf, nome, cep, numero) VALUES ('58000327447', 'Diego Martins', '23456-123', 304);
INSERT INTO Pessoa (cpf, nome, cep, numero) VALUES ('48240968479', 'Isabela Machado', '87654-567', 41);
INSERT INTO Pessoa (cpf, nome, cep, numero) VALUES ('78335091139', 'Gabriel Gomes', '54321-678', 76);
INSERT INTO Pessoa (cpf, nome, cep, numero) VALUES ('70546768636', 'Sofia Martins', '12345-321', 423);
INSERT INTO Pessoa (cpf, nome, cep, numero) VALUES ('22404928750', 'Henrique Lima', '98765-567', 340);
INSERT INTO Pessoa (cpf, nome, cep, numero) VALUES ('70308341124', 'Ana Ferreira', '23456-890', 201);
INSERT INTO Pessoa (cpf, nome, cep, numero) VALUES ('25989990251', 'Arthur Pereira', '87654-234', 17);
INSERT INTO Pessoa (cpf, nome, cep, numero) VALUES ('75366156457', 'Alice Silva', '54321-789', 116);
INSERT INTO Pessoa (cpf, nome, cep, numero) VALUES ('69025221605', 'Eduardo Santos', '12345-456', 266);
INSERT INTO Pessoa (cpf, nome, cep, numero) VALUES ('54301553913', 'Manuela Oliveira', '98765-123', 22);
INSERT INTO Pessoa (cpf, nome, cep, numero) VALUES ('66952515360', 'Paulo Ribeiro', '23456-678', 65);
INSERT INTO Pessoa (cpf, nome, cep, numero) VALUES ('20274888371', 'Letícia Almeida', '87654-321', 119);
INSERT INTO Pessoa (cpf, nome, cep, numero) VALUES ('38335808648', 'Pedro Rodrigues', '54321-098', 290);
INSERT INTO Pessoa (cpf, nome, cep, numero) VALUES ('96591124058', 'Maria Barros', '12345-567', 159);
INSERT INTO Pessoa (cpf, nome, cep, numero) VALUES ('74577588172', 'Felipe Soares', '98765-890', 233);
INSERT INTO Pessoa (cpf, nome, cep, numero) VALUES ('28421344502', 'Larissa Teixeira', '23456-123', 57);
INSERT INTO Pessoa (cpf, nome, cep, numero) VALUES ('98596987343', 'Marcos Alves', '87654-567', 149);
INSERT INTO Pessoa (cpf, nome, cep, numero) VALUES ('68116821185', 'Marina Costa', '54321-678', 372);
INSERT INTO Pessoa (cpf, nome, cep, numero) VALUES ('46064949648', 'Fernando Martins', '12345-321', 88);
INSERT INTO Pessoa (cpf, nome, cep, numero) VALUES ('81040473720', 'Sophia Machado', '98765-567', 72);
INSERT INTO Pessoa (cpf, nome, cep, numero) VALUES ('59000464227', 'Lucas Gomes', '23456-890', 68);
INSERT INTO Pessoa (cpf, nome, cep, numero) VALUES ('34584407779', 'Bruna Martins', '87654-234', 197);
INSERT INTO Pessoa (cpf, nome, cep, numero) VALUES ('28629680688', 'Gustavo Lima', '54321-789', 219);
INSERT INTO Pessoa (cpf, nome, cep, numero) VALUES ('18723001906', 'Mariana Ferreira', '12345-456', 480);
INSERT INTO Pessoa (cpf, nome, cep, numero) VALUES ('23969104695', 'Luan Pereira', '98765-123', 18);
INSERT INTO Pessoa (cpf, nome, cep, numero) VALUES ('52156994899', 'Lorena Silva', '23456-678', 45);
INSERT INTO Pessoa (cpf, nome, cep, numero) VALUES ('18843477859', 'Henrique Santos', '87654-321', 230);
INSERT INTO Pessoa (cpf, nome, cep, numero) VALUES ('42829067599', 'Juliana Oliveira', '54321-098', 305);
INSERT INTO Pessoa (cpf, nome, cep, numero) VALUES ('42373211369', 'André Ribeiro', '12345-567', 258);
INSERT INTO Pessoa (cpf, nome, cep, numero) VALUES ('85736048930', 'Isabela Almeida', '98765-890', 143);
INSERT INTO Pessoa (cpf, nome, cep, numero) VALUES ('43406326054', 'Guilherme Rodrigues', '23456-123', 486);
INSERT INTO Pessoa (cpf, nome, cep, numero) VALUES ('78833704759', 'Melissa Barros', '87654-567', 459);
INSERT INTO Pessoa (cpf, nome, cep, numero) VALUES ('75123135279', 'Matheus Soares', '54321-678', 182);
INSERT INTO Pessoa (cpf, nome, cep, numero) VALUES ('60139985343', 'Manuela Teixeira', '12345-321', 482);
INSERT INTO Pessoa (cpf, nome, cep, numero) VALUES ('81961611946', 'Nicolas Alves', '98765-567', 413);
INSERT INTO Pessoa (cpf, nome, cep, numero) VALUES ('15510735175', 'Beatriz Costa', '23456-890', 411);
INSERT INTO Pessoa (cpf, nome, cep, numero) VALUES ('12107757211', 'Daniel Martins', '87654-234', 354);
INSERT INTO Pessoa (cpf, nome, cep, numero) VALUES ('18013645667', 'Sofia Machado', '54321-789', 95);
INSERT INTO Pessoa (cpf, nome, cep, numero) VALUES ('27733831081', 'Henrique Gomes', '12345-456', 179);
INSERT INTO Pessoa (cpf, nome, cep, numero) VALUES ('31293248577', 'Valentina Lima', '98765-123', 24);
INSERT INTO Pessoa (cpf, nome, cep, numero) VALUES ('84770625781', 'Lucas Ferreira', '23456-678', 78);
INSERT INTO Pessoa (cpf, nome, cep, numero) VALUES ('32139874646', 'Ana Pereira', '87654-321', 378);
INSERT INTO Pessoa (cpf, nome, cep, numero) VALUES ('59746510270', 'Lucas Silva', '54321-098', 151);
INSERT INTO Pessoa (cpf, nome, cep, numero) VALUES ('51893041336', 'Gabriela Santos', '12345-567', 256);
INSERT INTO Pessoa (cpf, nome, cep, numero) VALUES ('73750364257', 'Bruno Oliveira', '98765-890', 442);
INSERT INTO Pessoa (cpf, nome, cep, numero) VALUES ('73974779210', 'Larissa Ribeiro', '23456-123', 59);
INSERT INTO Pessoa (cpf, nome, cep, numero) VALUES ('91168976406', 'Eduardo Almeida', '87654-567', 332);
INSERT INTO Pessoa (cpf, nome, cep, numero) VALUES ('31317938896', 'Carolina Rodrigues', '54321-678', 114);
INSERT INTO Pessoa (cpf, nome, cep, numero) VALUES ('21959150729', 'Felipe Barros', '12345-321', 445);
INSERT INTO Pessoa (cpf, nome, cep, numero) VALUES ('34691155999', 'Alice Soares', '98765-567', 255);
INSERT INTO Pessoa (cpf, nome, cep, numero) VALUES ('21944131764', 'Marcos Teixeira', '23456-890', 225);
INSERT INTO Pessoa (cpf, nome, cep, numero) VALUES ('21795171289', 'Mariana Alves', '87654-234', 332);
INSERT INTO Pessoa (cpf, nome, cep, numero) VALUES ('72232910851', 'Fernando Costa', '54321-789', 60);
INSERT INTO Pessoa (cpf, nome, cep, numero) VALUES ('69789991554', 'Sophia Martins', '12345-456', 331);
INSERT INTO Pessoa (cpf, nome, cep, numero) VALUES ('10265446611', 'Matheus Machado', '98765-123', 63);
INSERT INTO Pessoa (cpf, nome, cep, numero) VALUES ('76790529780', 'Melissa Gomes', '23456-678', 266);
INSERT INTO Pessoa (cpf, nome, cep, numero) VALUES ('15259053368', 'Nicolas Lima', '87654-321', 15);
INSERT INTO Pessoa (cpf, nome, cep, numero) VALUES ('43427744211', 'Isabela Ferreira', '54321-098', 493);
INSERT INTO Pessoa (cpf, nome, cep, numero) VALUES ('76699805375', 'Guilherme Pereira', '12345-567', 73);
INSERT INTO Pessoa (cpf, nome, cep, numero) VALUES ('55307207600', 'Maria Silva', '98765-890', 220);
INSERT INTO Pessoa (cpf, nome, cep, numero) VALUES ('77872434457', 'Gustavo Santos', '23456-123', 403);
INSERT INTO Pessoa (cpf, nome, cep, numero) VALUES ('24007615038', 'Júlia Oliveira', '87654-567', 481);
INSERT INTO Pessoa (cpf, nome, cep, numero) VALUES ('76793968263', 'Diego Ribeiro', '54321-678', 451);
INSERT INTO Pessoa (cpf, nome, cep, numero) VALUES ('74954875328', 'Lorena Almeida', '12345-321', 51);
INSERT INTO Pessoa (cpf, nome, cep, numero) VALUES ('74007414244', 'Arthur Rodrigues', '98765-567', 67);
INSERT INTO Pessoa (cpf, nome, cep, numero) VALUES ('98295843260', 'Larissa Barros', '23456-890', 44);
INSERT INTO Pessoa (cpf, nome, cep, numero) VALUES ('12855832666', 'Eduardo Soares', '87654-234', 154);
INSERT INTO Pessoa (cpf, nome, cep, numero) VALUES ('95898659143', 'Carolina Teixeira', '54321-789', 104);
INSERT INTO Pessoa (cpf, nome, cep, numero) VALUES ('30603694922', 'Bruno Alves', '12345-456', 492);
INSERT INTO Pessoa (cpf, nome, cep, numero) VALUES ('97349443678', 'Juliana Costa', '98765-123', 489);
INSERT INTO Pessoa (cpf, nome, cep, numero) VALUES ('43267758510', 'André Martins', '23456-678', 368);
INSERT INTO Pessoa (cpf, nome, cep, numero) VALUES ('97729351634', 'Isabela Machado', '87654-321', 359);
INSERT INTO Pessoa (cpf, nome, cep, numero) VALUES ('98585861961', 'Gabriela Gomes', '54321-098', 347);
INSERT INTO Pessoa (cpf, nome, cep, numero) VALUES ('63879736715', 'Bruno Lima', '12345-567', 414);
INSERT INTO Pessoa (cpf, nome, cep, numero) VALUES ('18167681462', 'Larissa Ferreira', '98765-890', 62);
INSERT INTO Pessoa (cpf, nome, cep, numero) VALUES ('96540305579', 'Gustavo Pereira', '23456-123', 448);
INSERT INTO Pessoa (cpf, nome, cep, numero) VALUES ('44671342173', 'Alice Silva', '87654-567', 256);
INSERT INTO Pessoa (cpf, nome, cep, numero) VALUES ('77326388107', 'Marcos Santos', '54321-678', 58);
INSERT INTO Pessoa (cpf, nome, cep, numero) VALUES ('13624832200', 'Marina Oliveira', '12345-321', 259);
INSERT INTO Pessoa (cpf, nome, cep, numero) VALUES ('30053124352', 'Fernando Ribeiro', '98765-567', 98);
INSERT INTO Pessoa (cpf, nome, cep, numero) VALUES ('73208730933', 'Sophia Almeida', '23456-890', 83);
INSERT INTO Pessoa (cpf, nome, cep, numero) VALUES ('49879549811', 'Lucas Rodrigues', '87654-234', 249);
INSERT INTO Pessoa (cpf, nome, cep, numero) VALUES ('32540289848', 'Ana Barros', '54321-789', 104);
INSERT INTO Pessoa (cpf, nome, cep, numero) VALUES ('74503391806', 'Lucas Soares', '12345-456', 407);
INSERT INTO Pessoa (cpf, nome, cep, numero) VALUES ('18508230195', 'Gabriela Teixeira', '98765-123', 109);
INSERT INTO Pessoa (cpf, nome, cep, numero) VALUES ('13963126181', 'Bruno Alves', '23456-678', 135);
INSERT INTO Pessoa (cpf, nome, cep, numero) VALUES ('39418726593', 'Juliana Costa', '87654-321', 292);
INSERT INTO Pessoa (cpf, nome, cep, numero) VALUES ('88179303872', 'André Martins', '54321-098', 237);
INSERT INTO Pessoa (cpf, nome, cep, numero) VALUES ('87198181231', 'Isabela Machado', '12345-567', 48);
INSERT INTO Pessoa (cpf, nome, cep, numero) VALUES ('49280045710', 'Gabriela Gomes', '98765-890', 444);
INSERT INTO Pessoa (cpf, nome, cep, numero) VALUES ('87886107463', 'Bruno Lima', '23456-123', 426);
INSERT INTO Pessoa (cpf, nome, cep, numero) VALUES ('73000266174', 'Larissa Ferreira', '87654-567', 108);
INSERT INTO Pessoa (cpf, nome, cep, numero) VALUES ('97026469138', 'Gustavo Pereira', '54321-678', 387);
INSERT INTO Pessoa (cpf, nome, cep, numero) VALUES ('35420815293', 'Alice Silva', '12345-321', 260);
INSERT INTO Pessoa (cpf, nome, cep, numero) VALUES ('64369224486', 'Marcos Santos', '98765-567', 285);
INSERT INTO Pessoa (cpf, nome, cep, numero) VALUES ('17329073342', 'Marina Oliveira', '23456-890', 443);
INSERT INTO Pessoa (cpf, nome, cep, numero) VALUES ('33222808842', 'Fernando Ribeiro', '87654-234', 379);
INSERT INTO Pessoa (cpf, nome, cep, numero) VALUES ('74249536227', 'Sophia Almeida', '54321-789', 178);
INSERT INTO Pessoa (cpf, nome, cep, numero) VALUES ('48706382013', 'Lucas Rodrigues', '12345-456', 154);
INSERT INTO Pessoa (cpf, nome, cep, numero) VALUES ('10330515020', 'Ana Barros', '98765-123', 227);
INSERT INTO Pessoa (cpf, nome, cep, numero) VALUES ('46047735257', 'Lucas Soares', '23456-678', 127);
INSERT INTO Pessoa (cpf, nome, cep, numero) VALUES ('94806948879', 'Gabriela Teixeira', '87654-321', 238);
INSERT INTO Pessoa (cpf, nome, cep, numero) VALUES ('82624610006', 'Bruno Alves', '54321-098', 404);
INSERT INTO Pessoa (cpf, nome, cep, numero) VALUES ('20620832203', 'Juliana Costa', '12345-567', 485);
INSERT INTO Pessoa (cpf, nome, cep, numero) VALUES ('23476315168', 'André Martins', '98765-890', 260);
INSERT INTO Pessoa (cpf, nome, cep, numero) VALUES ('22307947437', 'Isabela Machado', '23456-123', 128);
INSERT INTO Pessoa (cpf, nome, cep, numero) VALUES ('69997282400', 'Gabriela Gomes', '87654-567', 413);
INSERT INTO Pessoa (cpf, nome, cep, numero) VALUES ('49696630305', 'Bruno Lima', '54321-678', 380);
INSERT INTO Pessoa (cpf, nome, cep, numero) VALUES ('31099445960', 'Larissa Ferreira', '12345-321', 323);
INSERT INTO Pessoa (cpf, nome, cep, numero) VALUES ('61961415780', 'Gustavo Pereira', '98765-567', 145);
INSERT INTO Pessoa (cpf, nome, cep, numero) VALUES ('38587038568', 'Alice Silva', '23456-890', 399);
INSERT INTO Pessoa (cpf, nome, cep, numero) VALUES ('13688435778', 'Marcos Santos', '87654-234', 28);
INSERT INTO Pessoa (cpf, nome, cep, numero) VALUES ('67272810335', 'Marina Oliveira', '54321-789', 304);
INSERT INTO Pessoa (cpf, nome, cep, numero) VALUES ('57803122458', 'Fernando Ribeiro', '12345-456', 329);
INSERT INTO Pessoa (cpf, nome, cep, numero) VALUES ('51582409964', 'Sophia Almeida', '98765-123', 145);
INSERT INTO Pessoa (cpf, nome, cep, numero) VALUES ('75353326627', 'Lucas Rodrigues', '23456-678', 347);
INSERT INTO Pessoa (cpf, nome, cep, numero) VALUES ('95303335098', 'Ana Barros', '87654-321', 410);
INSERT INTO Pessoa (cpf, nome, cep, numero) VALUES ('56507795988', 'Lucas Soares', '54321-098', 175);
INSERT INTO Pessoa (cpf, nome, cep, numero) VALUES ('98652590784', 'Gabriela Teixeira', '12345-567', 466);
INSERT INTO Pessoa (cpf, nome, cep, numero) VALUES ('31902575592', 'Bruno Alves', '98765-890', 374);
INSERT INTO Pessoa (cpf, nome, cep, numero) VALUES ('96035303733', 'Juliana Costa', '23456-123', 371);
INSERT INTO Pessoa (cpf, nome, cep, numero) VALUES ('66234401144', 'André Martins', '87654-567', 420);


-- POVOANDO TELEFONES
INSERT INTO Telefones (cpf, num_tel) VALUES ('30199388385', '81985478965');
INSERT INTO Telefones (cpf, num_tel) VALUES ('47427712610', '11988547896');
INSERT INTO Telefones (cpf, num_tel) VALUES ('29599507565', '47944875896');
INSERT INTO Telefones (cpf, num_tel) VALUES ('57628148722', '31977489654');
INSERT INTO Telefones (cpf, num_tel) VALUES ('12812080044', '21922175896');
INSERT INTO Telefones (cpf, num_tel) VALUES ('64295837740', '62933145896');
INSERT INTO Telefones (cpf, num_tel) VALUES ('65134974386', '85966534789');
INSERT INTO Telefones (cpf, num_tel) VALUES ('49071844654', '41911127854');
INSERT INTO Telefones (cpf, num_tel) VALUES ('56167488077', '51988478965');
INSERT INTO Telefones (cpf, num_tel) VALUES ('38336868424', '32955412365');
INSERT INTO Telefones (cpf, num_tel) VALUES ('58162796706', '86966142789');
INSERT INTO Telefones (cpf, num_tel) VALUES ('74758815612', '84922175896');
INSERT INTO Telefones (cpf, num_tel) VALUES ('56122432090', '33922145896');
INSERT INTO Telefones (cpf, num_tel) VALUES ('12247919297', '12922542896');
INSERT INTO Telefones (cpf, num_tel) VALUES ('17490321338', '71988478965');
INSERT INTO Telefones (cpf, num_tel) VALUES ('29700737817', '92988478965');
INSERT INTO Telefones (cpf, num_tel) VALUES ('27612094332', '61944875896');
INSERT INTO Telefones (cpf, num_tel) VALUES ('40117047008', '35944528965');
INSERT INTO Telefones (cpf, num_tel) VALUES ('52416538966', '62911147896');
INSERT INTO Telefones (cpf, num_tel) VALUES ('42657296455', '61966578965');
INSERT INTO Telefones (cpf, num_tel) VALUES ('71122532810', '62955478965');
INSERT INTO Telefones (cpf, num_tel) VALUES ('43560681056', '87933478965');
INSERT INTO Telefones (cpf, num_tel) VALUES ('80905097415', '81944578965');
INSERT INTO Telefones (cpf, num_tel) VALUES ('14059155304', '61955478965');
INSERT INTO Telefones (cpf, num_tel) VALUES ('19253087598', '41911147896');
INSERT INTO Telefones (cpf, num_tel) VALUES ('37401423730', '61933478965');
INSERT INTO Telefones (cpf, num_tel) VALUES ('32759444139', '51922478965');
INSERT INTO Telefones (cpf, num_tel) VALUES ('14649378973', '81988478965');
INSERT INTO Telefones (cpf, num_tel) VALUES ('58000327447', '21966578965');
INSERT INTO Telefones (cpf, num_tel) VALUES ('48240968479', '62944578965');
INSERT INTO Telefones (cpf, num_tel) VALUES ('78335091139', '86977478965');
INSERT INTO Telefones (cpf, num_tel) VALUES ('70546768636', '12933478965');
INSERT INTO Telefones (cpf, num_tel) VALUES ('22404928750', '35933478965');
INSERT INTO Telefones (cpf, num_tel) VALUES ('70308341124', '87988478965');
INSERT INTO Telefones (cpf, num_tel) VALUES ('25989990251', '31922175896');
INSERT INTO Telefones (cpf, num_tel) VALUES ('75366156457', '41922175896');
INSERT INTO Telefones (cpf, num_tel) VALUES ('69025221605', '47922175896');
INSERT INTO Telefones (cpf, num_tel) VALUES ('54301553913', '11944875896');
INSERT INTO Telefones (cpf, num_tel) VALUES ('66952515360', '86955478965');
INSERT INTO Telefones (cpf, num_tel) VALUES ('20274888371', '21977478965');
INSERT INTO Telefones (cpf, num_tel) VALUES ('38335808648', '81966578965');
INSERT INTO Telefones (cpf, num_tel) VALUES ('96591124058', '84955478965');
INSERT INTO Telefones (cpf, num_tel) VALUES ('74577588172', '86933478965');
INSERT INTO Telefones (cpf, num_tel) VALUES ('28421344502', '33955478965');
INSERT INTO Telefones (cpf, num_tel) VALUES ('98596987343', '47933478965');
INSERT INTO Telefones (cpf, num_tel) VALUES ('68116821185', '71966578965');
INSERT INTO Telefones (cpf, num_tel) VALUES ('46064949648', '21911147896');
INSERT INTO Telefones (cpf, num_tel) VALUES ('81040473720', '92911147896');
INSERT INTO Telefones (cpf, num_tel) VALUES ('59000464227', '62922175896');
INSERT INTO Telefones (cpf, num_tel) VALUES ('34584407779', '92933478965');
INSERT INTO Telefones (cpf, num_tel) VALUES ('28629680688', '84988478965');
INSERT INTO Telefones (cpf, num_tel) VALUES ('18723001906', '33988478965');
INSERT INTO Telefones (cpf, num_tel) VALUES ('23969104695', '92944875896');
INSERT INTO Telefones (cpf, num_tel) VALUES ('52156994899', '41977478965');
INSERT INTO Telefones (cpf, num_tel) VALUES ('18843477859', '12988478965');
INSERT INTO Telefones (cpf, num_tel) VALUES ('42829067599', '61911147896');
INSERT INTO Telefones (cpf, num_tel) VALUES ('42373211369', '81933478965');
INSERT INTO Telefones (cpf, num_tel) VALUES ('85736048930', '12944875896');
INSERT INTO Telefones (cpf, num_tel) VALUES ('43406326054', '71933478965');
INSERT INTO Telefones (cpf, num_tel) VALUES ('78833704759', '21955478965');
INSERT INTO Telefones (cpf, num_tel) VALUES ('75123135279', '51966578965');
INSERT INTO Telefones (cpf, num_tel) VALUES ('60139985343', '87944875896');
INSERT INTO Telefones (cpf, num_tel) VALUES ('81961611946', '31911147896');
INSERT INTO Telefones (cpf, num_tel) VALUES ('15510735175', '35966578965');
INSERT INTO Telefones (cpf, num_tel) VALUES ('12107757211', '87922175896');
INSERT INTO Telefones (cpf, num_tel) VALUES ('18013645667', '41955478965');
INSERT INTO Telefones (cpf, num_tel) VALUES ('27733831081', '81922175896');
INSERT INTO Telefones (cpf, num_tel) VALUES ('31293248577', '61988478965');
INSERT INTO Telefones (cpf, num_tel) VALUES ('84770625781', '51933478965');
INSERT INTO Telefones (cpf, num_tel) VALUES ('32139874646', '12911147896');
INSERT INTO Telefones (cpf, num_tel) VALUES ('59746510270', '35922175896');
INSERT INTO Telefones (cpf, num_tel) VALUES ('51893041336', '33977478965');
INSERT INTO Telefones (cpf, num_tel) VALUES ('73750364257', '86988478965');
INSERT INTO Telefones (cpf, num_tel) VALUES ('73974779210', '71911147896');
INSERT INTO Telefones (cpf, num_tel) VALUES ('91168976406', '62966578965');
INSERT INTO Telefones (cpf, num_tel) VALUES ('31317938896', '47966578965');
INSERT INTO Telefones (cpf, num_tel) VALUES ('21959150729', '81911147896');
INSERT INTO Telefones (cpf, num_tel) VALUES ('34691155999', '84966578965');
INSERT INTO Telefones (cpf, num_tel) VALUES ('21944131764', '33911147896');
INSERT INTO Telefones (cpf, num_tel) VALUES ('21795171289', '21933478965');
INSERT INTO Telefones (cpf, num_tel) VALUES ('72232910851', '41944875896');
INSERT INTO Telefones (cpf, num_tel) VALUES ('69789991554', '87977478965');
INSERT INTO Telefones (cpf, num_tel) VALUES ('10265446611', '92966578965');
INSERT INTO Telefones (cpf, num_tel) VALUES ('76790529780', '62977478965');
INSERT INTO Telefones (cpf, num_tel) VALUES ('15259053368', '71944875896');
INSERT INTO Telefones (cpf, num_tel) VALUES ('43427744211', '11922175896');
INSERT INTO Telefones (cpf, num_tel) VALUES ('76699805375', '81922175896');
INSERT INTO Telefones (cpf, num_tel) VALUES ('55307207600', '92966578965');
INSERT INTO Telefones (cpf, num_tel) VALUES ('77872434457', '35911147896');
INSERT INTO Telefones (cpf, num_tel) VALUES ('24007615038', '33966578965');
INSERT INTO Telefones (cpf, num_tel) VALUES ('76793968263', '62922175896');
INSERT INTO Telefones (cpf, num_tel) VALUES ('74954875328', '47911147896');
INSERT INTO Telefones (cpf, num_tel) VALUES ('74007414244', '12944875896');
INSERT INTO Telefones (cpf, num_tel) VALUES ('98295843260', '81922175896');
INSERT INTO Telefones (cpf, num_tel) VALUES ('12855832666', '21955478965');
INSERT INTO Telefones (cpf, num_tel) VALUES ('95898659143', '51966578965');
INSERT INTO Telefones (cpf, num_tel) VALUES ('30603694922', '87944875896');
INSERT INTO Telefones (cpf, num_tel) VALUES ('97349443678', '31911147896');
INSERT INTO Telefones (cpf, num_tel) VALUES ('43267758510', '35922175896');
INSERT INTO Telefones (cpf, num_tel) VALUES ('97729351634', '87988478965');
INSERT INTO Telefones (cpf, num_tel) VALUES ('98585861961', '41933478965');
INSERT INTO Telefones (cpf, num_tel) VALUES ('63879736715', '81922175896');
INSERT INTO Telefones (cpf, num_tel) VALUES ('18167681462', '61988478965');
INSERT INTO Telefones (cpf, num_tel) VALUES ('96540305579', '51933478965');
INSERT INTO Telefones (cpf, num_tel) VALUES ('44671342173', '12911147896');
INSERT INTO Telefones (cpf, num_tel) VALUES ('77326388107', '35922175896');
INSERT INTO Telefones (cpf, num_tel) VALUES ('13624832200', '33977478965');
INSERT INTO Telefones (cpf, num_tel) VALUES ('30053124352', '86988478965');
INSERT INTO Telefones (cpf, num_tel) VALUES ('73208730933', '71911147896');
INSERT INTO Telefones (cpf, num_tel) VALUES ('49879549811', '62966578965');
INSERT INTO Telefones (cpf, num_tel) VALUES ('32540289848', '47966578965');
INSERT INTO Telefones (cpf, num_tel) VALUES ('74503391806', '81911147896');
INSERT INTO Telefones (cpf, num_tel) VALUES ('18508230195', '84966578965');
INSERT INTO Telefones (cpf, num_tel) VALUES ('13963126181', '33911147896');
INSERT INTO Telefones (cpf, num_tel) VALUES ('39418726593', '21933478965');
INSERT INTO Telefones (cpf, num_tel) VALUES ('88179303872', '41944875896');
INSERT INTO Telefones (cpf, num_tel) VALUES ('87198181231', '87977478965');
INSERT INTO Telefones (cpf, num_tel) VALUES ('49280045710', '92966578965');
INSERT INTO Telefones (cpf, num_tel) VALUES ('87886107463', '62977478965');
INSERT INTO Telefones (cpf, num_tel) VALUES ('73000266174', '71944875896');
INSERT INTO Telefones (cpf, num_tel) VALUES ('97026469138', '11922175896');
INSERT INTO Telefones (cpf, num_tel) VALUES ('35420815293', '81922175896');
INSERT INTO Telefones (cpf, num_tel) VALUES ('64369224486', '92966578965');
INSERT INTO Telefones (cpf, num_tel) VALUES ('17329073342', '35911147896');
INSERT INTO Telefones (cpf, num_tel) VALUES ('33222808842', '33966578965');
INSERT INTO Telefones (cpf, num_tel) VALUES ('74249536227', '62922175896');
INSERT INTO Telefones (cpf, num_tel) VALUES ('48706382013', '47911147896');
INSERT INTO Telefones (cpf, num_tel) VALUES ('10330515020', '12944875896');
INSERT INTO Telefones (cpf, num_tel) VALUES ('46047735257', '81922175896');
INSERT INTO Telefones (cpf, num_tel) VALUES ('94806948879', '21955478965');
INSERT INTO Telefones (cpf, num_tel) VALUES ('82624610006', '51966578965');
INSERT INTO Telefones (cpf, num_tel) VALUES ('20620832203', '87944875896');
INSERT INTO Telefones (cpf, num_tel) VALUES ('23476315168', '31911147896');
INSERT INTO Telefones (cpf, num_tel) VALUES ('22307947437', '35922175896');
INSERT INTO Telefones (cpf, num_tel) VALUES ('69997282400', '87988478965');
INSERT INTO Telefones (cpf, num_tel) VALUES ('49696630305', '41933478965');
INSERT INTO Telefones (cpf, num_tel) VALUES ('31099445960', '81922175896');
INSERT INTO Telefones (cpf, num_tel) VALUES ('61961415780', '61988478965');
INSERT INTO Telefones (cpf, num_tel) VALUES ('38587038568', '51933478965');
INSERT INTO Telefones (cpf, num_tel) VALUES ('13688435778', '12911147896');
INSERT INTO Telefones (cpf, num_tel) VALUES ('67272810335', '35922175896');
INSERT INTO Telefones (cpf, num_tel) VALUES ('57803122458', '33977478965');
INSERT INTO Telefones (cpf, num_tel) VALUES ('51582409964', '86988478965');
INSERT INTO Telefones (cpf, num_tel) VALUES ('75353326627', '71911147896');
INSERT INTO Telefones (cpf, num_tel) VALUES ('95303335098', '81945423045');
INSERT INTO Telefones (cpf, num_tel) VALUES ('56507795988', '81987724563');
INSERT INTO Telefones (cpf, num_tel) VALUES ('98652590784', '81984856763');
INSERT INTO Telefones (cpf, num_tel) VALUES ('31902575592', '81987224664');
INSERT INTO Telefones (cpf, num_tel) VALUES ('96035303733', '81985432896');
INSERT INTO Telefones (cpf, num_tel) VALUES ('66234401144', '81985477573');

-- POVOANDO Funcionario
INSERT INTO Funcionario (id_func, turno, salario) VALUES ('87886107463', 'MANHÃ', 120000);
INSERT INTO Funcionario (id_func, turno, salario) VALUES ('73000266174', 'MANHÃ', 120000);
INSERT INTO Funcionario (id_func, turno, salario) VALUES ('97026469138', 'MANHÃ', 120000);
INSERT INTO Funcionario (id_func, turno, salario) VALUES ('35420815293', 'MANHÃ', 120000);
INSERT INTO Funcionario (id_func, turno, salario) VALUES ('64369224486', 'TARDE', 120000);
INSERT INTO Funcionario (id_func, turno, salario) VALUES ('17329073342', 'TARDE', 120000);
INSERT INTO Funcionario (id_func, turno, salario) VALUES ('33222808842', 'TARDE', 120000);
INSERT INTO Funcionario (id_func, turno, salario) VALUES ('74249536227', 'TARDE', 120000);
INSERT INTO Funcionario (id_func, turno, salario) VALUES ('48706382013', 'TARDE', 120000);
INSERT INTO Funcionario (id_func, turno, salario) VALUES ('10330515020', 'INTEGRAL', 160000);
INSERT INTO Funcionario (id_func, turno, salario) VALUES ('46047735257', 'INTEGRAL', 160000);
INSERT INTO Funcionario (id_func, turno, salario) VALUES ('94806948879', 'INTEGRAL', 180000);
INSERT INTO Funcionario (id_func, turno, salario) VALUES ('82624610006', 'INTEGRAL', 180000);
INSERT INTO Funcionario (id_func, turno, salario) VALUES ('20620832203', 'INTEGRAL', 180000);
INSERT INTO Funcionario (id_func, turno, salario) VALUES ('23476315168', 'INTEGRAL', 180000);
INSERT INTO Funcionario (id_func, turno, salario) VALUES ('22307947437', 'INTEGRAL', 180000);
INSERT INTO Funcionario (id_func, turno, salario) VALUES ('69997282400', 'INTEGRAL', 180000);
INSERT INTO Funcionario (id_func, turno, salario) VALUES ('49696630305', 'NOITE', 205000);
INSERT INTO Funcionario (id_func, turno, salario) VALUES ('31099445960', 'NOITE', 205000);
INSERT INTO Funcionario (id_func, turno, salario) VALUES ('61961415780', 'INTEGRAL', 150000);
INSERT INTO Funcionario (id_func, turno, salario) VALUES ('38587038568', 'INTEGRAL', 150000);
INSERT INTO Funcionario (id_func, turno, salario) VALUES ('13688435778', 'INTEGRAL', 150000);
INSERT INTO Funcionario (id_func, turno, salario) VALUES ('67272810335', 'INTEGRAL', 150000);
INSERT INTO Funcionario (id_func, turno, salario) VALUES ('57803122458', 'INTEGRAL', 150000);
INSERT INTO Funcionario (id_func, turno, salario) VALUES ('51582409964', 'INTEGRAL', 150000);
INSERT INTO Funcionario (id_func, turno, salario) VALUES ('75353326627', 'INTEGRAL', 150000);
INSERT INTO Funcionario (id_func, turno, salario) VALUES ('95303335098', 'INTEGRAL', 150000);
INSERT INTO Funcionario (id_func, turno, salario) VALUES ('56507795988', 'INTEGRAL', 150000);
INSERT INTO Funcionario (id_func, turno, salario) VALUES ('98652590784', 'NOITE', 165000);
INSERT INTO Funcionario (id_func, turno, salario) VALUES ('31902575592', 'NOITE', 165000);
INSERT INTO Funcionario (id_func, turno, salario) VALUES ('96035303733', 'NOITE', 165000);
INSERT INTO Funcionario (id_func, turno, salario) VALUES ('66234401144', 'NOITE', 165000);

-- POVOANDO TECNICOS
INSERT INTO Tecnico (id_func) VALUES ('94806948879');
INSERT INTO Tecnico (id_func) VALUES ('82624610006');
INSERT INTO Tecnico (id_func) VALUES ('20620832203');
INSERT INTO Tecnico (id_func) VALUES ('23476315168');
INSERT INTO Tecnico (id_func) VALUES ('22307947437');
INSERT INTO Tecnico (id_func) VALUES ('69997282400');
INSERT INTO Tecnico (id_func) VALUES ('49696630305');
INSERT INTO Tecnico (id_func) VALUES ('31099445960');

-- POVOANDO VENDEDORES
INSERT INTO Vendedor (id_func) VALUES ('61961415780');
INSERT INTO Vendedor (id_func) VALUES ('38587038568');
INSERT INTO Vendedor (id_func) VALUES ('13688435778');
INSERT INTO Vendedor (id_func) VALUES ('67272810335');
INSERT INTO Vendedor (id_func) VALUES ('57803122458');
INSERT INTO Vendedor (id_func) VALUES ('51582409964');
INSERT INTO Vendedor (id_func) VALUES ('75353326627');
INSERT INTO Vendedor (id_func) VALUES ('95303335098');
INSERT INTO Vendedor (id_func) VALUES ('56507795988');
INSERT INTO Vendedor (id_func) VALUES ('98652590784');
INSERT INTO Vendedor (id_func) VALUES ('31902575592');
INSERT INTO Vendedor (id_func) VALUES ('96035303733');
INSERT INTO Vendedor (id_func) VALUES ('66234401144');

-- POVOANDO MANUTENCAO
INSERT INTO Manutencao (id_func) VALUES ('87886107463');
INSERT INTO Manutencao (id_func) VALUES ('73000266174');
INSERT INTO Manutencao (id_func) VALUES ('97026469138');
INSERT INTO Manutencao (id_func) VALUES ('35420815293');
INSERT INTO Manutencao (id_func) VALUES ('64369224486');
INSERT INTO Manutencao (id_func) VALUES ('17329073342');
INSERT INTO Manutencao (id_func) VALUES ('33222808842');
INSERT INTO Manutencao (id_func) VALUES ('74249536227');
INSERT INTO Manutencao (id_func) VALUES ('48706382013');
INSERT INTO Manutencao (id_func) VALUES ('10330515020');
INSERT INTO Manutencao (id_func) VALUES ('46047735257');
