
-- POVOANDO ENDERECOS
INSERT INTO Endereco (cep, rua, cidade, pais, estado) VALUES ('54321-876', 'Avenida Principal', 'Rio de Janeiro', 'Brasil', 'Rio de Janeiro');
INSERT INTO Endereco (cep, rua, cidade, pais, estado) VALUES ('12345-678', 'Avenida das Flores', 'São Paulo', 'Brasil', 'São Paulo');
INSERT INTO Endereco (cep, rua, cidade, pais, estado) VALUES ('98765-432', 'Rua dos Pássaros', 'Belo Horizonte', 'Brasil', 'Minas Gerais');
INSERT INTO Endereco (cep, rua, cidade, pais, estado) VALUES ('23456-789', 'Alameda das Palmeiras', 'Porto Alegre', 'Brasil', 'Rio Grande do Sul');
INSERT INTO Endereco (cep, rua, cidade, pais, estado) VALUES ('87654-321', 'Praça Central', 'Salvador', 'Brasil', 'Bahia');
INSERT INTO Endereco (cep, rua, cidade, pais, estado) VALUES ('54321-098', 'Rua da Esperança', 'Recife', 'Brasil', 'Pernambuco');
INSERT INTO Endereco (cep, rua, cidade, pais, estado) VALUES ('12345-567', 'Avenida da Liberdade', 'Brasília', 'Brasil', 'Distrito Federal');
INSERT INTO Endereco (cep, rua, cidade, pais, estado) VALUES ('98765-456', 'Rua dos Girassóis', 'Fortaleza', 'Brasil', 'Ceará');
INSERT INTO Endereco (cep, rua, cidade, pais, estado) VALUES ('23456-654', 'Praça das Águas', 'Manaus', 'Brasil', 'Amazonas');
INSERT INTO Endereco (cep, rua, cidade, pais, estado) VALUES ('87654-890', 'Rua do Mar', 'Curitiba', 'Brasil', 'Paraná');
INSERT INTO Endereco (cep, rua, cidade, pais, estado) VALUES ('54321-234', 'Avenida das Montanhas', 'Goiania', 'Brasil', 'Goiás');
INSERT INTO Endereco (cep, rua, cidade, pais, estado) VALUES ('12345-789', 'Alameda dos Ipês', 'Belém', 'Brasil', 'Pará');
INSERT INTO Endereco (cep, rua, cidade, pais, estado) VALUES ('98765-890', 'Rua das Estrelas', 'Campinas', 'Brasil', 'São Paulo');
INSERT INTO Endereco (cep, rua, cidade, pais, estado) VALUES ('23456-123', 'Praça do Sol', 'Vitória', 'Brasil', 'Espírito Santo');
INSERT INTO Endereco (cep, rua, cidade, pais, estado) VALUES ('87654-567', 'Rua das Ondas', 'Maceió', 'Brasil', 'Alagoas');
INSERT INTO Endereco (cep, rua, cidade, pais, estado) VALUES ('54321-678', 'Avenida das Gaivotas', 'João Pessoa', 'Brasil', 'Paraíba');
INSERT INTO Endereco (cep, rua, cidade, pais, estado) VALUES ('12345-321', 'Alameda dos Coqueiros', 'Teresina', 'Brasil', 'Piauí');
INSERT INTO Endereco (cep, rua, cidade, pais, estado) VALUES ('98765-567', 'Rua das Nuvens', 'Aracaju', 'Brasil', 'Sergipe');
INSERT INTO Endereco (cep, rua, cidade, pais, estado) VALUES ('23456-890', 'Praça das Laranjeiras', 'Cuiabá', 'Brasil', 'Mato Grosso');
INSERT INTO Endereco (cep, rua, cidade, pais, estado) VALUES ('87654-234', 'Rua dos Ventos', 'Ponta Grossa', 'Brasil', 'Paraná');
INSERT INTO Endereco (cep, rua, cidade, pais, estado) VALUES ('54321-789', 'Avenida das Árvores', 'Feira de Santana', 'Brasil', 'Bahia');
INSERT INTO Endereco (cep, rua, cidade, pais, estado) VALUES ('12345-456', 'Alameda do Lago', 'Joinville', 'Brasil', 'Santa Catarina');
INSERT INTO Endereco (cep, rua, cidade, pais, estado) VALUES ('98765-123', 'Rua das Cachoeiras', 'Blumenau', 'Brasil', 'Santa Catarina');
INSERT INTO Endereco (cep, rua, cidade, pais, estado) VALUES ('23456-678', 'Praça do Largo', 'Sorocaba', 'Brasil', 'São Paulo');
INSERT INTO Endereco (cep, rua, cidade, pais, estado) VALUES ('87654-321', 'Rua do Bosque', 'Itaquaquecetuba', 'Brasil', 'São Paulo');
INSERT INTO Endereco (cep, rua, cidade, pais, estado) VALUES ('54321-098', 'Avenida das Praias', 'Santarém', 'Brasil', 'Pará');
INSERT INTO Endereco (cep, rua, cidade, pais, estado) VALUES ('12345-567', 'Alameda das Dunas', 'Anápolis', 'Brasil', 'Goiás');
INSERT INTO Endereco (cep, rua, cidade, pais, estado) VALUES ('98765-890', 'Rua do Rio', 'Marabá', 'Brasil', 'Pará');
INSERT INTO Endereco (cep, rua, cidade, pais, estado) VALUES ('23456-123', 'Praça do Cais', 'Colombo', 'Brasil', 'Paraná');
INSERT INTO Endereco (cep, rua, cidade, pais, estado) VALUES ('87654-567', 'Rua das Pedras', 'Novo Hamburgo', 'Brasil', 'Rio Grande do Sul');
INSERT INTO Endereco (cep, rua, cidade, pais, estado) VALUES ('54321-678', 'Avenida das Montanhas', 'Barueri', 'Brasil', 'São Paulo');
INSERT INTO Endereco (cep, rua, cidade, pais, estado) VALUES ('12345-321', 'Alameda dos Pássaros', 'Londrina', 'Brasil', 'Paraná');
INSERT INTO Endereco (cep, rua, cidade, pais, estado) VALUES ('98765-567', 'Rua do Maracanã', 'Taubaté', 'Brasil', 'São Paulo');
INSERT INTO Endereco (cep, rua, cidade, pais, estado) VALUES ('23456-890', 'Praça da Sé', 'Santarém', 'Brasil', 'Pará');
INSERT INTO Endereco (cep, rua, cidade, pais, estado) VALUES ('87654-234', 'Rua dos Pinheiros', 'Pindamonhangaba', 'Brasil', 'São Paulo');
INSERT INTO Endereco (cep, rua, cidade, pais, estado) VALUES ('54321-789', 'Avenida das Flores', 'Araguaína', 'Brasil', 'Tocantins');
INSERT INTO Endereco (cep, rua, cidade, pais, estado) VALUES ('12345-456', 'Alameda das Águas', 'Paulista', 'Brasil', 'Pernambuco');
INSERT INTO Endereco (cep, rua, cidade, pais, estado) VALUES ('98765-123', 'Rua das Praias', 'Camaragibe', 'Brasil', 'Pernambuco');
INSERT INTO Endereco (cep, rua, cidade, pais, estado) VALUES ('23456-678', 'Praça das Montanhas', 'Passo Fundo', 'Brasil', 'Rio Grande do Sul');
INSERT INTO Endereco (cep, rua, cidade, pais, estado) VALUES ('87654-321', 'Rua dos Coqueiros', 'Alvorada', 'Brasil', 'Rio Grande do Sul');
INSERT INTO Endereco (cep, rua, cidade, pais, estado) VALUES ('54321-098', 'Avenida das Estrelas', 'Itapecerica da Serra', 'Brasil', 'São Paulo');
INSERT INTO Endereco (cep, rua, cidade, pais, estado) VALUES ('12345-567', 'Alameda das Nuvens', 'Várzea Paulista', 'Brasil', 'São Paulo');
INSERT INTO Endereco (cep, rua, cidade, pais, estado) VALUES ('98765-890', 'Rua das Gaivotas', 'Marília', 'Brasil', 'São Paulo');
INSERT INTO Endereco (cep, rua, cidade, pais, estado) VALUES ('23456-123', 'Praça do Sol', 'Limeira', 'Brasil', 'São Paulo');
INSERT INTO Endereco (cep, rua, cidade, pais, estado) VALUES ('87654-567', 'Rua dos Girassóis', 'São Carlos', 'Brasil', 'São Paulo');
INSERT INTO Endereco (cep, rua, cidade, pais, estado) VALUES ('54321-678', 'Avenida das Montanhas', 'Barra Mansa', 'Brasil', 'Rio de Janeiro');
INSERT INTO Endereco (cep, rua, cidade, pais, estado) VALUES ('12345-321', 'Alameda dos Ipês', 'Embu', 'Brasil', 'São Paulo');
INSERT INTO Endereco (cep, rua, cidade, pais, estado) VALUES ('98765-567', 'Rua das Laranjeiras', 'Jacareí', 'Brasil', 'São Paulo');
INSERT INTO Endereco (cep, rua, cidade, pais, estado) VALUES ('23456-890', 'Praça do Largo', 'Taubaté', 'Brasil', 'São Paulo');
INSERT INTO Endereco (cep, rua, cidade, pais, estado) VALUES ('87654-234', 'Rua do Bosque', 'Rio Claro', 'Brasil', 'São Paulo');
INSERT INTO Endereco (cep, rua, cidade, pais, estado) VALUES ('54321-789', 'Avenida das Árvores', 'Santa Bárbara dOeste', 'Brasil', 'São Paulo');
INSERT INTO Endereco (cep, rua, cidade, pais, estado) VALUES ('12345-456', 'Alameda do Lago', 'Jaú', 'Brasil', 'São Paulo');
INSERT INTO Endereco (cep, rua, cidade, pais, estado) VALUES ('98765-123', 'Rua das Praias', 'Bragança Paulista', 'Brasil', 'São Paulo');
INSERT INTO Endereco (cep, rua, cidade, pais, estado) VALUES ('23456-678', 'Praça do Cais', 'Francisco Morato', 'Brasil', 'São Paulo');
INSERT INTO Endereco (cep, rua, cidade, pais, estado) VALUES ('87654-321', 'Rua dos Ventos', 'Leme', 'Brasil', 'São Paulo');
INSERT INTO Endereco (cep, rua, cidade, pais, estado) VALUES ('54321-098', 'Avenida das Praias', 'Porto Feliz', 'Brasil', 'São Paulo');
INSERT INTO Endereco (cep, rua, cidade, pais, estado) VALUES ('12345-567', 'Alameda das Dunas', 'Guaratinguetá', 'Brasil', 'São Paulo');
INSERT INTO Endereco (cep, rua, cidade, pais, estado) VALUES ('98765-890', 'Rua do Rio', 'São Sebastião', 'Brasil', 'São Paulo');
INSERT INTO Endereco (cep, rua, cidade, pais, estado) VALUES ('23456-123', 'Praça do Largo', 'Itanhaém', 'Brasil', 'São Paulo');
INSERT INTO Endereco (cep, rua, cidade, pais, estado) VALUES ('87654-567', 'Rua das Pedras', 'Itapevi', 'Brasil', 'São Paulo');
INSERT INTO Endereco (cep, rua, cidade, pais, estado) VALUES ('54321-678', 'Avenida das Montanhas', 'Tatuí', 'Brasil', 'São Paulo');
INSERT INTO Endereco (cep, rua, cidade, pais, estado) VALUES ('12345-321', 'Alameda dos Pássaros', 'Mogi Mirim', 'Brasil', 'São Paulo');
INSERT INTO Endereco (cep, rua, cidade, pais, estado) VALUES ('98765-567', 'Rua do Maracanã', 'Cruzeiro', 'Brasil', 'São Paulo');
INSERT INTO Endereco (cep, rua, cidade, pais, estado) VALUES ('23456-890', 'Praça da Sé', 'Sertãozinho', 'Brasil', 'São Paulo');
INSERT INTO Endereco (cep, rua, cidade, pais, estado) VALUES ('87654-234', 'Rua dos Pinheiros', 'Ourinhos', 'Brasil', 'São Paulo');
INSERT INTO Endereco (cep, rua, cidade, pais, estado) VALUES ('54321-789', 'Avenida das Flores', 'Americana', 'Brasil', 'São Paulo');
INSERT INTO Endereco (cep, rua, cidade, pais, estado) VALUES ('12345-456', 'Alameda das Águas', 'Itapeva', 'Brasil', 'São Paulo');
INSERT INTO Endereco (cep, rua, cidade, pais, estado) VALUES ('98765-123', 'Rua das Praias', 'Palhoça', 'Brasil', 'Santa Catarina');
INSERT INTO Endereco (cep, rua, cidade, pais, estado) VALUES ('23456-678', 'Praça das Montanhas', 'Araraquara', 'Brasil', 'São Paulo');
INSERT INTO Endereco (cep, rua, cidade, pais, estado) VALUES ('87654-321', 'Rua dos Coqueiros', 'Itapetininga', 'Brasil', 'São Paulo');
INSERT INTO Endereco (cep, rua, cidade, pais, estado) VALUES ('54321-098', 'Avenida das Estrelas', 'Teresópolis', 'Brasil', 'Rio de Janeiro');
INSERT INTO Endereco (cep, rua, cidade, pais, estado) VALUES ('12345-567', 'Alameda das Nuvens', 'Alagoinhas', 'Brasil', 'Bahia');
INSERT INTO Endereco (cep, rua, cidade, pais, estado) VALUES ('98765-890', 'Rua das Gaivotas', 'Valparaíso de Goiás', 'Brasil', 'Goiás');
INSERT INTO Endereco (cep, rua, cidade, pais, estado) VALUES ('23456-123', 'Praça do Sol', 'Santana de Parnaíba', 'Brasil', 'São Paulo');
INSERT INTO Endereco (cep, rua, cidade, pais, estado) VALUES ('87654-567', 'Rua dos Girassóis', 'Juazeiro do Norte', 'Brasil', 'Ceará');
INSERT INTO Endereco (cep, rua, cidade, pais, estado) VALUES ('54321-678', 'Avenida das Montanhas', 'Barcarena', 'Brasil', 'Pará');
INSERT INTO Endereco (cep, rua, cidade, pais, estado) VALUES ('12345-321', 'Alameda dos Ipês', 'Itaituba', 'Brasil', 'Pará');
INSERT INTO Endereco (cep, rua, cidade, pais, estado) VALUES ('98765-567', 'Rua das Laranjeiras', 'Colatina', 'Brasil', 'Espírito Santo');
INSERT INTO Endereco (cep, rua, cidade, pais, estado) VALUES ('23456-890', 'Praça do Largo', 'Várzea Grande', 'Brasil', 'Mato Grosso');
INSERT INTO Endereco (cep, rua, cidade, pais, estado) VALUES ('87654-234', 'Rua do Bosque', 'Ananindeua', 'Brasil', 'Pará');
INSERT INTO Endereco (cep, rua, cidade, pais, estado) VALUES ('54321-789', 'Avenida das Árvores', 'Macaé', 'Brasil', 'Rio de Janeiro');
INSERT INTO Endereco (cep, rua, cidade, pais, estado) VALUES ('12345-456', 'Alameda do Lago', 'Nilópolis', 'Brasil', 'Rio de Janeiro');
INSERT INTO Endereco (cep, rua, cidade, pais, estado) VALUES ('98765-123', 'Rua das Praias', 'Angra dos Reis', 'Brasil', 'Rio de Janeiro');
INSERT INTO Endereco (cep, rua, cidade, pais, estado) VALUES ('23456-678', 'Praça das Montanhas', 'Maricá', 'Brasil', 'Rio de Janeiro');
INSERT INTO Endereco (cep, rua, cidade, pais, estado) VALUES ('87654-321', 'Rua dos Coqueiros', 'Cabo Frio', 'Brasil', 'Rio de Janeiro');
INSERT INTO Endereco (cep, rua, cidade, pais, estado) VALUES ('54321-098', 'Avenida das Estrelas', 'Itaboraí', 'Brasil', 'Rio de Janeiro');
INSERT INTO Endereco (cep, rua, cidade, pais, estado) VALUES ('12345-567', 'Alameda das Nuvens', 'Nova Friburgo', 'Brasil', 'Rio de Janeiro');
INSERT INTO Endereco (cep, rua, cidade, pais, estado) VALUES ('98765-890', 'Rua das Gaivotas', 'Rio das Ostras', 'Brasil', 'Rio de Janeiro');
INSERT INTO Endereco (cep, rua, cidade, pais, estado) VALUES ('23456-123', 'Praça do Sol', 'Três Rios', 'Brasil', 'Rio de Janeiro');
INSERT INTO Endereco (cep, rua, cidade, pais, estado) VALUES ('87654-567', 'Rua dos Girassóis', 'Queimados', 'Brasil', 'Rio de Janeiro');
INSERT INTO Endereco (cep, rua, cidade, pais, estado) VALUES ('54321-678', 'Avenida das Montanhas', 'Belford Roxo', 'Brasil', 'Rio de Janeiro');
INSERT INTO Endereco (cep, rua, cidade, pais, estado) VALUES ('12345-321', 'Alameda dos Ipês', 'São João de Meriti', 'Brasil', 'Rio de Janeiro');
INSERT INTO Endereco (cep, rua, cidade, pais, estado) VALUES ('98765-567', 'Rua das Laranjeiras', 'Resende', 'Brasil', 'Rio de Janeiro');
INSERT INTO Endereco (cep, rua, cidade, pais, estado) VALUES ('23456-890', 'Praça do Largo', 'Campos dos Goytacazes', 'Brasil', 'Rio de Janeiro');
INSERT INTO Endereco (cep, rua, cidade, pais, estado) VALUES ('87654-234', 'Rua do Bosque', 'Volta Redonda', 'Brasil', 'Rio de Janeiro');
INSERT INTO Endereco (cep, rua, cidade, pais, estado) VALUES ('54321-789', 'Avenida das Árvores', 'São Gonçalo', 'Brasil', 'Rio de Janeiro');
INSERT INTO Endereco (cep, rua, cidade, pais, estado) VALUES ('12345-456', 'Alameda do Lago', 'Duque de Caxias', 'Brasil', 'Rio de Janeiro');
INSERT INTO Endereco (cep, rua, cidade, pais, estado) VALUES ('98765-123', 'Rua das Praias', 'Niterói', 'Brasil', 'Rio de Janeiro');
INSERT INTO Endereco (cep, rua, cidade, pais, estado) VALUES ('23456-678', 'Praça das Montanhas', 'Nova Iguaçu', 'Brasil', 'Rio de Janeiro');
INSERT INTO Endereco (cep, rua, cidade, pais, estado) VALUES ('87654-321', 'Rua dos Coqueiros', 'Belford Roxo', 'Brasil', 'Rio de Janeiro');
INSERT INTO Endereco (cep, rua, cidade, pais, estado) VALUES ('54321-098', 'Avenida das Estrelas', 'Mage', 'Brasil', 'Rio de Janeiro');
INSERT INTO Endereco (cep, rua, cidade, pais, estado) VALUES ('12345-567', 'Alameda das Nuvens', 'Cabo Frio', 'Brasil', 'Rio de Janeiro');
INSERT INTO Endereco (cep, rua, cidade, pais, estado) VALUES ('98765-890', 'Rua das Gaivotas', 'Campos dos Goytacazes', 'Brasil', 'Rio de Janeiro');
INSERT INTO Endereco (cep, rua, cidade, pais, estado) VALUES ('23456-123', 'Praça do Sol', 'Itaboraí', 'Brasil', 'Rio de Janeiro');
INSERT INTO Endereco (cep, rua, cidade, pais, estado) VALUES ('87654-567', 'Rua dos Girassóis', 'Queimados', 'Brasil', 'Rio de Janeiro');
INSERT INTO Endereco (cep, rua, cidade, pais, estado) VALUES ('54321-678', 'Avenida das Montanhas', 'Angra dos Reis', 'Brasil', 'Rio de Janeiro');
INSERT INTO Endereco (cep, rua, cidade, pais, estado) VALUES ('12345-321', 'Alameda dos Ipês', 'Nova Iguaçu', 'Brasil', 'Rio de Janeiro');
INSERT INTO Endereco (cep, rua, cidade, pais, estado) VALUES ('98765-567', 'Rua das Laranjeiras', 'Resende', 'Brasil', 'Rio de Janeiro');
INSERT INTO Endereco (cep, rua, cidade, pais, estado) VALUES ('23456-890', 'Praça do Largo', 'São Gonçalo', 'Brasil', 'Rio de Janeiro');
INSERT INTO Endereco (cep, rua, cidade, pais, estado) VALUES ('87654-234', 'Rua do Bosque', 'Rio de Janeiro', 'Brasil', 'Rio de Janeiro');
INSERT INTO Endereco (cep, rua, cidade, pais, estado) VALUES ('54321-789', 'Avenida das Árvores', 'Duque de Caxias', 'Brasil', 'Rio de Janeiro');
INSERT INTO Endereco (cep, rua, cidade, pais, estado) VALUES ('12345-456', 'Alameda do Lago', 'Niterói', 'Brasil', 'Rio de Janeiro');
INSERT INTO Endereco (cep, rua, cidade, pais, estado) VALUES ('98765-123', 'Rua das Praias', 'Barra Mansa', 'Brasil', 'Rio de Janeiro');
INSERT INTO Endereco (cep, rua, cidade, pais, estado) VALUES ('23456-678', 'Praça das Montanhas', 'São João de Meriti', 'Brasil', 'Rio de Janeiro');
INSERT INTO Endereco (cep, rua, cidade, pais, estado) VALUES ('87654-321', 'Rua dos Coqueiros', 'Itaboraí', 'Brasil', 'Rio de Janeiro');
INSERT INTO Endereco (cep, rua, cidade, pais, estado) VALUES ('54321-098', 'Avenida das Estrelas', 'Mage', 'Brasil', 'Rio de Janeiro');
INSERT INTO Endereco (cep, rua, cidade, pais, estado) VALUES ('12345-567', 'Alameda das Nuvens', 'Cabo Frio', 'Brasil', 'Rio de Janeiro');
INSERT INTO Endereco (cep, rua, cidade, pais, estado) VALUES ('98765-890', 'Rua das Gaivotas', 'Campos dos Goytacazes', 'Brasil', 'Rio de Janeiro');
INSERT INTO Endereco (cep, rua, cidade, pais, estado) VALUES ('23456-123', 'Praça do Sol', 'Itaboraí', 'Brasil', 'Rio de Janeiro');
INSERT INTO Endereco (cep, rua, cidade, pais, estado) VALUES ('87654-567', 'Rua dos Girassóis', 'Queimados', 'Brasil', 'Rio de Janeiro');
INSERT INTO Endereco (cep, rua, cidade, pais, estado) VALUES ('54321-678', 'Avenida das Montanhas', 'Angra dos Reis', 'Brasil', 'Rio de Janeiro');
INSERT INTO Endereco (cep, rua, cidade, pais, estado) VALUES ('12345-321', 'Alameda dos Ipês', 'Nova Iguaçu', 'Brasil', 'Rio de Janeiro');
INSERT INTO Endereco (cep, rua, cidade, pais, estado) VALUES ('98765-567', 'Rua das Laranjeiras', 'Resende', 'Brasil', 'Rio de Janeiro');
INSERT INTO Endereco (cep, rua, cidade, pais, estado) VALUES ('23456-890', 'Praça do Largo', 'São Gonçalo', 'Brasil', 'Rio de Janeiro');
INSERT INTO Endereco (cep, rua, cidade, pais, estado) VALUES ('87654-234', 'Rua do Bosque', 'Rio de Janeiro', 'Brasil', 'Rio de Janeiro');
INSERT INTO Endereco (cep, rua, cidade, pais, estado) VALUES ('54321-789', 'Avenida das Árvores', 'Duque de Caxias', 'Brasil', 'Rio de Janeiro');
INSERT INTO Endereco (cep, rua, cidade, pais, estado) VALUES ('12345-456', 'Alameda do Lago', 'Niterói', 'Brasil', 'Rio de Janeiro');
INSERT INTO Endereco (cep, rua, cidade, pais, estado) VALUES ('98765-123', 'Rua das Praias', 'Barra Mansa', 'Brasil', 'Rio de Janeiro');
INSERT INTO Endereco (cep, rua, cidade, pais, estado) VALUES ('23456-678', 'Praça das Montanhas', 'São João de Meriti', 'Brasil', 'Rio de Janeiro');
INSERT INTO Endereco (cep, rua, cidade, pais, estado) VALUES ('87654-321', 'Rua dos Coqueiros', 'Itaboraí', 'Brasil', 'Rio de Janeiro');
INSERT INTO Endereco (cep, rua, cidade, pais, estado) VALUES ('54321-098', 'Avenida das Estrelas', 'Mage', 'Brasil', 'Rio de Janeiro');
INSERT INTO Endereco (cep, rua, cidade, pais, estado) VALUES ('12345-567', 'Alameda das Nuvens', 'Cabo Frio', 'Brasil', 'Rio de Janeiro');
INSERT INTO Endereco (cep, rua, cidade, pais, estado) VALUES ('98765-890', 'Rua das Gaivotas', 'Campos dos Goytacazes', 'Brasil', 'Rio de Janeiro');
INSERT INTO Endereco (cep, rua, cidade, pais, estado) VALUES ('23456-123', 'Praça do Sol', 'Itaboraí', 'Brasil', 'Rio de Janeiro');
INSERT INTO Endereco (cep, rua, cidade, pais, estado) VALUES ('87654-567', 'Rua dos Girassóis', 'Queimados', 'Brasil', 'Rio de Janeiro');
INSERT INTO Endereco (cep, rua, cidade, pais, estado) VALUES ('54321-678', 'Avenida das Montanhas', 'Angra dos Reis', 'Brasil', 'Rio de Janeiro');
INSERT INTO Endereco (cep, rua, cidade, pais, estado) VALUES ('12345-321', 'Alameda dos Ipês', 'Nova Iguaçu', 'Brasil', 'Rio de Janeiro');
INSERT INTO Endereco (cep, rua, cidade, pais, estado) VALUES ('98765-567', 'Rua das Laranjeiras', 'Resende', 'Brasil', 'Rio de Janeiro');
INSERT INTO Endereco (cep, rua, cidade, pais, estado) VALUES ('23456-890', 'Praça do Largo', 'São Gonçalo', 'Brasil', 'Rio de Janeiro');
INSERT INTO Endereco (cep, rua, cidade, pais, estado) VALUES ('87654-234', 'Rua do Bosque', 'Rio de Janeiro', 'Brasil', 'Rio de Janeiro');
INSERT INTO Endereco (cep, rua, cidade, pais, estado) VALUES ('54321-789', 'Avenida das Árvores', 'Duque de Caxias', 'Brasil', 'Rio de Janeiro');
INSERT INTO Endereco (cep, rua, cidade, pais, estado) VALUES ('12345-456', 'Alameda do Lago', 'Niterói', 'Brasil', 'Rio de Janeiro');
INSERT INTO Endereco (cep, rua, cidade, pais, estado) VALUES ('98765-123', 'Rua das Praias', 'Barra Mansa', 'Brasil', 'Rio de Janeiro');
INSERT INTO Endereco (cep, rua, cidade, pais, estado) VALUES ('23456-678', 'Praça das Montanhas', 'São João de Meriti', 'Brasil', 'Rio de Janeiro');
INSERT INTO Endereco (cep, rua, cidade, pais, estado) VALUES ('87654-321', 'Rua dos Coqueiros', 'Itaboraí', 'Brasil', 'Rio de Janeiro');
INSERT INTO Endereco (cep, rua, cidade, pais, estado) VALUES ('54321-098', 'Avenida das Estrelas', 'Mage', 'Brasil', 'Rio de Janeiro');
INSERT INTO Endereco (cep, rua, cidade, pais, estado) VALUES ('12345-567', 'Alameda das Nuvens', 'Cabo Frio', 'Brasil', 'Rio de Janeiro');
INSERT INTO Endereco (cep, rua, cidade, pais, estado) VALUES ('98765-890', 'Rua das Gaivotas', 'Campos dos Goytacazes', 'Brasil', 'Rio de Janeiro');
INSERT INTO Endereco (cep, rua, cidade, pais, estado) VALUES ('23456-123', 'Praça do Sol', 'Itaboraí', 'Brasil', 'Rio de Janeiro');
INSERT INTO Endereco (cep, rua, cidade, pais, estado) VALUES ('87654-567', 'Rua dos Girassóis', 'Queimados', 'Brasil', 'Rio de Janeiro');


-- POVOANDO PESSOAS
INSERT INTO Pessoa (cpf, nome, cep, numero) VALUES ('30199388385', 'Ricardo Almeida', '54321-876', 319);
INSERT INTO Pessoa (cpf, nome, cep, numero) VALUES ('47427712610', 'Carla Pereira', '12345-678', 128);
INSERT INTO Pessoa (cpf, nome, cep, numero) VALUES ('29599507565', 'Roberto Mendes', '98765-432', 347);
INSERT INTO Pessoa (cpf, nome, cep, numero) VALUES ('57628148722', 'Beatriz Ferreira', '23456-789', 251);
INSERT INTO Pessoa (cpf, nome, cep, numero) VALUES ('12812080044', 'Lucas Ribeiro', '87654-321', 229);
INSERT INTO Pessoa (cpf, nome, cep, numero) VALUES ('64295837740', 'Isabela Rodrigues', '54321-098', 296);
INSERT INTO Pessoa (cpf, nome, cep, numero) VALUES ('65134974386', 'Silvio Barros', '12345-567', 246);
INSERT INTO Pessoa (cpf, nome, cep, numero) VALUES ('49071844654', 'Carolina Soares', '98765-456', 311);
INSERT INTO Pessoa (cpf, nome, cep, numero) VALUES ('56167488077', 'Gustavo Teixeira', '23456-654', 211);
INSERT INTO Pessoa (cpf, nome, cep, numero) VALUES ('38336868424', 'Julia Alves', '87654-890', 193);
INSERT INTO Pessoa (cpf, nome, cep, numero) VALUES ('58162796706', 'Alexandre Costa', '54321-234', 337);
INSERT INTO Pessoa (cpf, nome, cep, numero) VALUES ('74758815612', 'Priscila Machado', '12345-789', 377);
INSERT INTO Pessoa (cpf, nome, cep, numero) VALUES ('56122432090', 'Fernando Gomes', '98765-890', 402);
INSERT INTO Pessoa (cpf, nome, cep, numero) VALUES ('12247919297', 'Elaine Martins', '23456-123', 389);
INSERT INTO Pessoa (cpf, nome, cep, numero) VALUES ('17490321338', 'Gabriel Lima', '87654-567', 206);
INSERT INTO Pessoa (cpf, nome, cep, numero) VALUES ('29700737817', 'Sofia Ferreira', '54321-678', 20);
INSERT INTO Pessoa (cpf, nome, cep, numero) VALUES ('27612094332', 'Hugo Pereira', '12345-321', 225);
INSERT INTO Pessoa (cpf, nome, cep, numero) VALUES ('40117047008', 'Isadora Silva', '98765-567', 207);
INSERT INTO Pessoa (cpf, nome, cep, numero) VALUES ('52416538966', 'Guilherme Santos', '23456-890', 471);
INSERT INTO Pessoa (cpf, nome, cep, numero) VALUES ('42657296455', 'Bruna Oliveira', '87654-234', 435);
INSERT INTO Pessoa (cpf, nome, cep, numero) VALUES ('71122532810', 'Giovanni Ribeiro', '54321-789', 90);
INSERT INTO Pessoa (cpf, nome, cep, numero) VALUES ('43560681056', 'Sara Almeida', '12345-456', 211);
INSERT INTO Pessoa (cpf, nome, cep, numero) VALUES ('80905097415', 'Mateus Rodrigues', '98765-123', 27);
INSERT INTO Pessoa (cpf, nome, cep, numero) VALUES ('14059155304', 'Eloá Barros', '23456-678', 59);
INSERT INTO Pessoa (cpf, nome, cep, numero) VALUES ('19253087598', 'Daniel Soares', '87654-321', 437);
INSERT INTO Pessoa (cpf, nome, cep, numero) VALUES ('37401423730', 'Carla Teixeira', '54321-098', 480);
INSERT INTO Pessoa (cpf, nome, cep, numero) VALUES ('32759444139', 'João Alves', '12345-567', 202);
INSERT INTO Pessoa (cpf, nome, cep, numero) VALUES ('14649378973', 'Júlia Costa', '98765-890', 482);
INSERT INTO Pessoa (cpf, nome, cep, numero) VALUES ('58000327447', 'Diego Martins', '23456-123', 304);
INSERT INTO Pessoa (cpf, nome, cep, numero) VALUES ('48240968479', 'Isabela Machado', '87654-567', 41);
INSERT INTO Pessoa (cpf, nome, cep, numero) VALUES ('78335091139', 'Gabriel Gomes', '54321-678', 76);
INSERT INTO Pessoa (cpf, nome, cep, numero) VALUES ('70546768636', 'Sofia Martins', '12345-321', 423);
INSERT INTO Pessoa (cpf, nome, cep, numero) VALUES ('22404928750', 'Henrique Lima', '98765-567', 340);
INSERT INTO Pessoa (cpf, nome, cep, numero) VALUES ('70308341124', 'Ana Ferreira', '23456-890', 201);
INSERT INTO Pessoa (cpf, nome, cep, numero) VALUES ('25989990251', 'Arthur Pereira', '87654-234', 17);
INSERT INTO Pessoa (cpf, nome, cep, numero) VALUES ('75366156457', 'Alice Silva', '54321-789', 116);
INSERT INTO Pessoa (cpf, nome, cep, numero) VALUES ('69025221605', 'Eduardo Santos', '12345-456', 266);
INSERT INTO Pessoa (cpf, nome, cep, numero) VALUES ('54301553913', 'Manuela Oliveira', '98765-123', 22);
INSERT INTO Pessoa (cpf, nome, cep, numero) VALUES ('66952515360', 'Paulo Ribeiro', '23456-678', 65);
INSERT INTO Pessoa (cpf, nome, cep, numero) VALUES ('20274888371', 'Letícia Almeida', '87654-321', 119);
INSERT INTO Pessoa (cpf, nome, cep, numero) VALUES ('38335808648', 'Pedro Rodrigues', '54321-098', 290);
INSERT INTO Pessoa (cpf, nome, cep, numero) VALUES ('96591124058', 'Maria Barros', '12345-567', 159);
INSERT INTO Pessoa (cpf, nome, cep, numero) VALUES ('74577588172', 'Felipe Soares', '98765-890', 233);
INSERT INTO Pessoa (cpf, nome, cep, numero) VALUES ('28421344502', 'Larissa Teixeira', '23456-123', 57);
INSERT INTO Pessoa (cpf, nome, cep, numero) VALUES ('98596987343', 'Marcos Alves', '87654-567', 149);
INSERT INTO Pessoa (cpf, nome, cep, numero) VALUES ('68116821185', 'Marina Costa', '54321-678', 372);
INSERT INTO Pessoa (cpf, nome, cep, numero) VALUES ('46064949648', 'Fernando Martins', '12345-321', 88);
INSERT INTO Pessoa (cpf, nome, cep, numero) VALUES ('81040473720', 'Sophia Machado', '98765-567', 72);
INSERT INTO Pessoa (cpf, nome, cep, numero) VALUES ('59000464227', 'Lucas Gomes', '23456-890', 68);
INSERT INTO Pessoa (cpf, nome, cep, numero) VALUES ('34584407779', 'Bruna Martins', '87654-234', 197);
INSERT INTO Pessoa (cpf, nome, cep, numero) VALUES ('28629680688', 'Gustavo Lima', '54321-789', 219);
INSERT INTO Pessoa (cpf, nome, cep, numero) VALUES ('18723001906', 'Mariana Ferreira', '12345-456', 480);
INSERT INTO Pessoa (cpf, nome, cep, numero) VALUES ('23969104695', 'Luan Pereira', '98765-123', 18);
INSERT INTO Pessoa (cpf, nome, cep, numero) VALUES ('52156994899', 'Lorena Silva', '23456-678', 45);
INSERT INTO Pessoa (cpf, nome, cep, numero) VALUES ('18843477859', 'Henrique Santos', '87654-321', 230);
INSERT INTO Pessoa (cpf, nome, cep, numero) VALUES ('42829067599', 'Juliana Oliveira', '54321-098', 305);
INSERT INTO Pessoa (cpf, nome, cep, numero) VALUES ('42373211369', 'André Ribeiro', '12345-567', 258);
INSERT INTO Pessoa (cpf, nome, cep, numero) VALUES ('85736048930', 'Isabela Almeida', '98765-890', 143);
INSERT INTO Pessoa (cpf, nome, cep, numero) VALUES ('43406326054', 'Guilherme Rodrigues', '23456-123', 486);
INSERT INTO Pessoa (cpf, nome, cep, numero) VALUES ('78833704759', 'Melissa Barros', '87654-567', 459);
INSERT INTO Pessoa (cpf, nome, cep, numero) VALUES ('75123135279', 'Matheus Soares', '54321-678', 182);
INSERT INTO Pessoa (cpf, nome, cep, numero) VALUES ('60139985343', 'Manuela Teixeira', '12345-321', 482);
INSERT INTO Pessoa (cpf, nome, cep, numero) VALUES ('81961611946', 'Nicolas Alves', '98765-567', 413);
INSERT INTO Pessoa (cpf, nome, cep, numero) VALUES ('15510735175', 'Beatriz Costa', '23456-890', 411);
INSERT INTO Pessoa (cpf, nome, cep, numero) VALUES ('12107757211', 'Daniel Martins', '87654-234', 354);
INSERT INTO Pessoa (cpf, nome, cep, numero) VALUES ('18013645667', 'Sofia Machado', '54321-789', 95);
INSERT INTO Pessoa (cpf, nome, cep, numero) VALUES ('27733831081', 'Henrique Gomes', '12345-456', 179);
INSERT INTO Pessoa (cpf, nome, cep, numero) VALUES ('31293248577', 'Valentina Lima', '98765-123', 24);
INSERT INTO Pessoa (cpf, nome, cep, numero) VALUES ('84770625781', 'Lucas Ferreira', '23456-678', 78);
INSERT INTO Pessoa (cpf, nome, cep, numero) VALUES ('32139874646', 'Ana Pereira', '87654-321', 378);
INSERT INTO Pessoa (cpf, nome, cep, numero) VALUES ('59746510270', 'Lucas Silva', '54321-098', 151);
INSERT INTO Pessoa (cpf, nome, cep, numero) VALUES ('51893041336', 'Gabriela Santos', '12345-567', 256);
INSERT INTO Pessoa (cpf, nome, cep, numero) VALUES ('73750364257', 'Bruno Oliveira', '98765-890', 442);
INSERT INTO Pessoa (cpf, nome, cep, numero) VALUES ('73974779210', 'Larissa Ribeiro', '23456-123', 59);
INSERT INTO Pessoa (cpf, nome, cep, numero) VALUES ('91168976406', 'Eduardo Almeida', '87654-567', 332);
INSERT INTO Pessoa (cpf, nome, cep, numero) VALUES ('31317938896', 'Carolina Rodrigues', '54321-678', 114);
INSERT INTO Pessoa (cpf, nome, cep, numero) VALUES ('21959150729', 'Felipe Barros', '12345-321', 445);
INSERT INTO Pessoa (cpf, nome, cep, numero) VALUES ('34691155999', 'Alice Soares', '98765-567', 255);
INSERT INTO Pessoa (cpf, nome, cep, numero) VALUES ('21944131764', 'Marcos Teixeira', '23456-890', 225);
INSERT INTO Pessoa (cpf, nome, cep, numero) VALUES ('21795171289', 'Mariana Alves', '87654-234', 332);
INSERT INTO Pessoa (cpf, nome, cep, numero) VALUES ('72232910851', 'Fernando Costa', '54321-789', 60);
INSERT INTO Pessoa (cpf, nome, cep, numero) VALUES ('69789991554', 'Sophia Martins', '12345-456', 331);
INSERT INTO Pessoa (cpf, nome, cep, numero) VALUES ('10265446611', 'Matheus Machado', '98765-123', 63);
INSERT INTO Pessoa (cpf, nome, cep, numero) VALUES ('76790529780', 'Melissa Gomes', '23456-678', 266);
INSERT INTO Pessoa (cpf, nome, cep, numero) VALUES ('15259053368', 'Nicolas Lima', '87654-321', 15);
INSERT INTO Pessoa (cpf, nome, cep, numero) VALUES ('43427744211', 'Isabela Ferreira', '54321-098', 493);
INSERT INTO Pessoa (cpf, nome, cep, numero) VALUES ('76699805375', 'Guilherme Pereira', '12345-567', 73);
INSERT INTO Pessoa (cpf, nome, cep, numero) VALUES ('55307207600', 'Maria Silva', '98765-890', 220);
INSERT INTO Pessoa (cpf, nome, cep, numero) VALUES ('77872434457', 'Gustavo Santos', '23456-123', 403);
INSERT INTO Pessoa (cpf, nome, cep, numero) VALUES ('24007615038', 'Júlia Oliveira', '87654-567', 481);
INSERT INTO Pessoa (cpf, nome, cep, numero) VALUES ('76793968263', 'Diego Ribeiro', '54321-678', 451);
INSERT INTO Pessoa (cpf, nome, cep, numero) VALUES ('74954875328', 'Lorena Almeida', '12345-321', 51);
INSERT INTO Pessoa (cpf, nome, cep, numero) VALUES ('74007414244', 'Arthur Rodrigues', '98765-567', 67);
INSERT INTO Pessoa (cpf, nome, cep, numero) VALUES ('98295843260', 'Larissa Barros', '23456-890', 44);
INSERT INTO Pessoa (cpf, nome, cep, numero) VALUES ('12855832666', 'Eduardo Soares', '87654-234', 154);
INSERT INTO Pessoa (cpf, nome, cep, numero) VALUES ('95898659143', 'Carolina Teixeira', '54321-789', 104);
INSERT INTO Pessoa (cpf, nome, cep, numero) VALUES ('30603694922', 'Bruno Alves', '12345-456', 492);
INSERT INTO Pessoa (cpf, nome, cep, numero) VALUES ('97349443678', 'Juliana Costa', '98765-123', 489);
INSERT INTO Pessoa (cpf, nome, cep, numero) VALUES ('43267758510', 'André Martins', '23456-678', 368);
INSERT INTO Pessoa (cpf, nome, cep, numero) VALUES ('97729351634', 'Isabela Machado', '87654-321', 359);
INSERT INTO Pessoa (cpf, nome, cep, numero) VALUES ('98585861961', 'Gabriela Gomes', '54321-098', 347);
INSERT INTO Pessoa (cpf, nome, cep, numero) VALUES ('63879736715', 'Bruno Lima', '12345-567', 414);
INSERT INTO Pessoa (cpf, nome, cep, numero) VALUES ('18167681462', 'Larissa Ferreira', '98765-890', 62);
INSERT INTO Pessoa (cpf, nome, cep, numero) VALUES ('96540305579', 'Gustavo Pereira', '23456-123', 448);
INSERT INTO Pessoa (cpf, nome, cep, numero) VALUES ('44671342173', 'Alice Silva', '87654-567', 256);
INSERT INTO Pessoa (cpf, nome, cep, numero) VALUES ('77326388107', 'Marcos Santos', '54321-678', 58);
INSERT INTO Pessoa (cpf, nome, cep, numero) VALUES ('13624832200', 'Marina Oliveira', '12345-321', 259);
INSERT INTO Pessoa (cpf, nome, cep, numero) VALUES ('30053124352', 'Fernando Ribeiro', '98765-567', 98);
INSERT INTO Pessoa (cpf, nome, cep, numero) VALUES ('73208730933', 'Sophia Almeida', '23456-890', 83);
INSERT INTO Pessoa (cpf, nome, cep, numero) VALUES ('49879549811', 'Lucas Rodrigues', '87654-234', 249);
INSERT INTO Pessoa (cpf, nome, cep, numero) VALUES ('32540289848', 'Ana Barros', '54321-789', 104);
INSERT INTO Pessoa (cpf, nome, cep, numero) VALUES ('74503391806', 'Lucas Soares', '12345-456', 407);
INSERT INTO Pessoa (cpf, nome, cep, numero) VALUES ('18508230195', 'Gabriela Teixeira', '98765-123', 109);
INSERT INTO Pessoa (cpf, nome, cep, numero) VALUES ('13963126181', 'Bruno Alves', '23456-678', 135);
INSERT INTO Pessoa (cpf, nome, cep, numero) VALUES ('39418726593', 'Juliana Costa', '87654-321', 292);
INSERT INTO Pessoa (cpf, nome, cep, numero) VALUES ('88179303872', 'André Martins', '54321-098', 237);
INSERT INTO Pessoa (cpf, nome, cep, numero) VALUES ('87198181231', 'Isabela Machado', '12345-567', 48);
INSERT INTO Pessoa (cpf, nome, cep, numero) VALUES ('49280045710', 'Gabriela Gomes', '98765-890', 444);
INSERT INTO Pessoa (cpf, nome, cep, numero) VALUES ('87886107463', 'Bruno Lima', '23456-123', 426);
INSERT INTO Pessoa (cpf, nome, cep, numero) VALUES ('73000266174', 'Larissa Ferreira', '87654-567', 108);
INSERT INTO Pessoa (cpf, nome, cep, numero) VALUES ('97026469138', 'Gustavo Pereira', '54321-678', 387);
INSERT INTO Pessoa (cpf, nome, cep, numero) VALUES ('35420815293', 'Alice Silva', '12345-321', 260);
INSERT INTO Pessoa (cpf, nome, cep, numero) VALUES ('64369224486', 'Marcos Santos', '98765-567', 285);
INSERT INTO Pessoa (cpf, nome, cep, numero) VALUES ('17329073342', 'Marina Oliveira', '23456-890', 443);
INSERT INTO Pessoa (cpf, nome, cep, numero) VALUES ('33222808842', 'Fernando Ribeiro', '87654-234', 379);
INSERT INTO Pessoa (cpf, nome, cep, numero) VALUES ('74249536227', 'Sophia Almeida', '54321-789', 178);
INSERT INTO Pessoa (cpf, nome, cep, numero) VALUES ('48706382013', 'Lucas Rodrigues', '12345-456', 154);
INSERT INTO Pessoa (cpf, nome, cep, numero) VALUES ('10330515020', 'Ana Barros', '98765-123', 227);
INSERT INTO Pessoa (cpf, nome, cep, numero) VALUES ('46047735257', 'Lucas Soares', '23456-678', 127);
INSERT INTO Pessoa (cpf, nome, cep, numero) VALUES ('94806948879', 'Gabriela Teixeira', '87654-321', 238);
INSERT INTO Pessoa (cpf, nome, cep, numero) VALUES ('82624610006', 'Bruno Alves', '54321-098', 404);
INSERT INTO Pessoa (cpf, nome, cep, numero) VALUES ('20620832203', 'Juliana Costa', '12345-567', 485);
INSERT INTO Pessoa (cpf, nome, cep, numero) VALUES ('23476315168', 'André Martins', '98765-890', 260);
INSERT INTO Pessoa (cpf, nome, cep, numero) VALUES ('22307947437', 'Isabela Machado', '23456-123', 128);
INSERT INTO Pessoa (cpf, nome, cep, numero) VALUES ('69997282400', 'Gabriela Gomes', '87654-567', 413);
INSERT INTO Pessoa (cpf, nome, cep, numero) VALUES ('49696630305', 'Bruno Lima', '54321-678', 380);
INSERT INTO Pessoa (cpf, nome, cep, numero) VALUES ('31099445960', 'Larissa Ferreira', '12345-321', 323);
INSERT INTO Pessoa (cpf, nome, cep, numero) VALUES ('61961415780', 'Gustavo Pereira', '98765-567', 145);
INSERT INTO Pessoa (cpf, nome, cep, numero) VALUES ('38587038568', 'Alice Silva', '23456-890', 399);
INSERT INTO Pessoa (cpf, nome, cep, numero) VALUES ('13688435778', 'Marcos Santos', '87654-234', 28);
INSERT INTO Pessoa (cpf, nome, cep, numero) VALUES ('67272810335', 'Marina Oliveira', '54321-789', 304);
INSERT INTO Pessoa (cpf, nome, cep, numero) VALUES ('57803122458', 'Fernando Ribeiro', '12345-456', 329);
INSERT INTO Pessoa (cpf, nome, cep, numero) VALUES ('51582409964', 'Sophia Almeida', '98765-123', 145);
INSERT INTO Pessoa (cpf, nome, cep, numero) VALUES ('75353326627', 'Lucas Rodrigues', '23456-678', 347);
INSERT INTO Pessoa (cpf, nome, cep, numero) VALUES ('95303335098', 'Ana Barros', '87654-321', 410);
INSERT INTO Pessoa (cpf, nome, cep, numero) VALUES ('56507795988', 'Lucas Soares', '54321-098', 175);
INSERT INTO Pessoa (cpf, nome, cep, numero) VALUES ('98652590784', 'Gabriela Teixeira', '12345-567', 466);
INSERT INTO Pessoa (cpf, nome, cep, numero) VALUES ('31902575592', 'Bruno Alves', '98765-890', 374);
INSERT INTO Pessoa (cpf, nome, cep, numero) VALUES ('96035303733', 'Juliana Costa', '23456-123', 371);
INSERT INTO Pessoa (cpf, nome, cep, numero) VALUES ('66234401144', 'André Martins', '87654-567', 420);


-- POVOANDO TELEFONES
INSERT INTO Telefones (cpf, num_tel) VALUES ('30199388385', '81985478965');
INSERT INTO Telefones (cpf, num_tel) VALUES ('47427712610', '11988547896');
INSERT INTO Telefones (cpf, num_tel) VALUES ('29599507565', '47944875896');
INSERT INTO Telefones (cpf, num_tel) VALUES ('57628148722', '31977489654');
INSERT INTO Telefones (cpf, num_tel) VALUES ('12812080044', '21922175896');
INSERT INTO Telefones (cpf, num_tel) VALUES ('64295837740', '62933145896');
INSERT INTO Telefones (cpf, num_tel) VALUES ('65134974386', '85966534789');
INSERT INTO Telefones (cpf, num_tel) VALUES ('49071844654', '41911127854');
INSERT INTO Telefones (cpf, num_tel) VALUES ('56167488077', '51988478965');
INSERT INTO Telefones (cpf, num_tel) VALUES ('38336868424', '32955412365');
INSERT INTO Telefones (cpf, num_tel) VALUES ('58162796706', '86966142789');
INSERT INTO Telefones (cpf, num_tel) VALUES ('74758815612', '84922175896');
INSERT INTO Telefones (cpf, num_tel) VALUES ('56122432090', '33922145896');
INSERT INTO Telefones (cpf, num_tel) VALUES ('12247919297', '12922542896');
INSERT INTO Telefones (cpf, num_tel) VALUES ('17490321338', '71988478965');
INSERT INTO Telefones (cpf, num_tel) VALUES ('29700737817', '92988478965');
INSERT INTO Telefones (cpf, num_tel) VALUES ('27612094332', '61944875896');
INSERT INTO Telefones (cpf, num_tel) VALUES ('40117047008', '35944528965');
INSERT INTO Telefones (cpf, num_tel) VALUES ('52416538966', '62911147896');
INSERT INTO Telefones (cpf, num_tel) VALUES ('42657296455', '61966578965');
INSERT INTO Telefones (cpf, num_tel) VALUES ('71122532810', '62955478965');
INSERT INTO Telefones (cpf, num_tel) VALUES ('43560681056', '87933478965');
INSERT INTO Telefones (cpf, num_tel) VALUES ('80905097415', '81944578965');
INSERT INTO Telefones (cpf, num_tel) VALUES ('14059155304', '61955478965');
INSERT INTO Telefones (cpf, num_tel) VALUES ('19253087598', '41911147896');
INSERT INTO Telefones (cpf, num_tel) VALUES ('37401423730', '61933478965');
INSERT INTO Telefones (cpf, num_tel) VALUES ('32759444139', '51922478965');
INSERT INTO Telefones (cpf, num_tel) VALUES ('14649378973', '81988478965');
INSERT INTO Telefones (cpf, num_tel) VALUES ('58000327447', '21966578965');
INSERT INTO Telefones (cpf, num_tel) VALUES ('48240968479', '62944578965');
INSERT INTO Telefones (cpf, num_tel) VALUES ('78335091139', '86977478965');
INSERT INTO Telefones (cpf, num_tel) VALUES ('70546768636', '12933478965');
INSERT INTO Telefones (cpf, num_tel) VALUES ('22404928750', '35933478965');
INSERT INTO Telefones (cpf, num_tel) VALUES ('70308341124', '87988478965');
INSERT INTO Telefones (cpf, num_tel) VALUES ('25989990251', '31922175896');
INSERT INTO Telefones (cpf, num_tel) VALUES ('75366156457', '41922175896');
INSERT INTO Telefones (cpf, num_tel) VALUES ('69025221605', '47922175896');
INSERT INTO Telefones (cpf, num_tel) VALUES ('54301553913', '11944875896');
INSERT INTO Telefones (cpf, num_tel) VALUES ('66952515360', '86955478965');
INSERT INTO Telefones (cpf, num_tel) VALUES ('20274888371', '21977478965');
INSERT INTO Telefones (cpf, num_tel) VALUES ('38335808648', '81966578965');
INSERT INTO Telefones (cpf, num_tel) VALUES ('96591124058', '84955478965');
INSERT INTO Telefones (cpf, num_tel) VALUES ('74577588172', '86933478965');
INSERT INTO Telefones (cpf, num_tel) VALUES ('28421344502', '33955478965');
INSERT INTO Telefones (cpf, num_tel) VALUES ('98596987343', '47933478965');
INSERT INTO Telefones (cpf, num_tel) VALUES ('68116821185', '71966578965');
INSERT INTO Telefones (cpf, num_tel) VALUES ('46064949648', '21911147896');
INSERT INTO Telefones (cpf, num_tel) VALUES ('81040473720', '92911147896');
INSERT INTO Telefones (cpf, num_tel) VALUES ('59000464227', '62922175896');
INSERT INTO Telefones (cpf, num_tel) VALUES ('34584407779', '92933478965');
INSERT INTO Telefones (cpf, num_tel) VALUES ('28629680688', '84988478965');
INSERT INTO Telefones (cpf, num_tel) VALUES ('18723001906', '33988478965');
INSERT INTO Telefones (cpf, num_tel) VALUES ('23969104695', '92944875896');
INSERT INTO Telefones (cpf, num_tel) VALUES ('52156994899', '41977478965');
INSERT INTO Telefones (cpf, num_tel) VALUES ('18843477859', '12988478965');
INSERT INTO Telefones (cpf, num_tel) VALUES ('42829067599', '61911147896');
INSERT INTO Telefones (cpf, num_tel) VALUES ('42373211369', '81933478965');
INSERT INTO Telefones (cpf, num_tel) VALUES ('85736048930', '12944875896');
INSERT INTO Telefones (cpf, num_tel) VALUES ('43406326054', '71933478965');
INSERT INTO Telefones (cpf, num_tel) VALUES ('78833704759', '21955478965');
INSERT INTO Telefones (cpf, num_tel) VALUES ('75123135279', '51966578965');
INSERT INTO Telefones (cpf, num_tel) VALUES ('60139985343', '87944875896');
INSERT INTO Telefones (cpf, num_tel) VALUES ('81961611946', '31911147896');
INSERT INTO Telefones (cpf, num_tel) VALUES ('15510735175', '35966578965');
INSERT INTO Telefones (cpf, num_tel) VALUES ('12107757211', '87922175896');
INSERT INTO Telefones (cpf, num_tel) VALUES ('18013645667', '41955478965');
INSERT INTO Telefones (cpf, num_tel) VALUES ('27733831081', '81922175896');
INSERT INTO Telefones (cpf, num_tel) VALUES ('31293248577', '61988478965');
INSERT INTO Telefones (cpf, num_tel) VALUES ('84770625781', '51933478965');
INSERT INTO Telefones (cpf, num_tel) VALUES ('32139874646', '12911147896');
INSERT INTO Telefones (cpf, num_tel) VALUES ('59746510270', '35922175896');
INSERT INTO Telefones (cpf, num_tel) VALUES ('51893041336', '33977478965');
INSERT INTO Telefones (cpf, num_tel) VALUES ('73750364257', '86988478965');
INSERT INTO Telefones (cpf, num_tel) VALUES ('73974779210', '71911147896');
INSERT INTO Telefones (cpf, num_tel) VALUES ('91168976406', '62966578965');
INSERT INTO Telefones (cpf, num_tel) VALUES ('31317938896', '47966578965');
INSERT INTO Telefones (cpf, num_tel) VALUES ('21959150729', '81911147896');
INSERT INTO Telefones (cpf, num_tel) VALUES ('34691155999', '84966578965');
INSERT INTO Telefones (cpf, num_tel) VALUES ('21944131764', '33911147896');
INSERT INTO Telefones (cpf, num_tel) VALUES ('21795171289', '21933478965');
INSERT INTO Telefones (cpf, num_tel) VALUES ('72232910851', '41944875896');
INSERT INTO Telefones (cpf, num_tel) VALUES ('69789991554', '87977478965');
INSERT INTO Telefones (cpf, num_tel) VALUES ('10265446611', '92966578965');
INSERT INTO Telefones (cpf, num_tel) VALUES ('76790529780', '62977478965');
INSERT INTO Telefones (cpf, num_tel) VALUES ('15259053368', '71944875896');
INSERT INTO Telefones (cpf, num_tel) VALUES ('43427744211', '11922175896');
INSERT INTO Telefones (cpf, num_tel) VALUES ('76699805375', '81922175896');
INSERT INTO Telefones (cpf, num_tel) VALUES ('55307207600', '92966578965');
INSERT INTO Telefones (cpf, num_tel) VALUES ('77872434457', '35911147896');
INSERT INTO Telefones (cpf, num_tel) VALUES ('24007615038', '33966578965');
INSERT INTO Telefones (cpf, num_tel) VALUES ('76793968263', '62922175896');
INSERT INTO Telefones (cpf, num_tel) VALUES ('74954875328', '47911147896');
INSERT INTO Telefones (cpf, num_tel) VALUES ('74007414244', '12944875896');
INSERT INTO Telefones (cpf, num_tel) VALUES ('98295843260', '81922175896');
INSERT INTO Telefones (cpf, num_tel) VALUES ('12855832666', '21955478965');
INSERT INTO Telefones (cpf, num_tel) VALUES ('95898659143', '51966578965');
INSERT INTO Telefones (cpf, num_tel) VALUES ('30603694922', '87944875896');
INSERT INTO Telefones (cpf, num_tel) VALUES ('97349443678', '31911147896');
INSERT INTO Telefones (cpf, num_tel) VALUES ('43267758510', '35922175896');
INSERT INTO Telefones (cpf, num_tel) VALUES ('97729351634', '87988478965');
INSERT INTO Telefones (cpf, num_tel) VALUES ('98585861961', '41933478965');
INSERT INTO Telefones (cpf, num_tel) VALUES ('63879736715', '81922175896');
INSERT INTO Telefones (cpf, num_tel) VALUES ('18167681462', '61988478965');
INSERT INTO Telefones (cpf, num_tel) VALUES ('96540305579', '51933478965');
INSERT INTO Telefones (cpf, num_tel) VALUES ('44671342173', '12911147896');
INSERT INTO Telefones (cpf, num_tel) VALUES ('77326388107', '35922175896');
INSERT INTO Telefones (cpf, num_tel) VALUES ('13624832200', '33977478965');
INSERT INTO Telefones (cpf, num_tel) VALUES ('30053124352', '86988478965');
INSERT INTO Telefones (cpf, num_tel) VALUES ('73208730933', '71911147896');
INSERT INTO Telefones (cpf, num_tel) VALUES ('49879549811', '62966578965');
INSERT INTO Telefones (cpf, num_tel) VALUES ('32540289848', '47966578965');
INSERT INTO Telefones (cpf, num_tel) VALUES ('74503391806', '81911147896');
INSERT INTO Telefones (cpf, num_tel) VALUES ('18508230195', '84966578965');
INSERT INTO Telefones (cpf, num_tel) VALUES ('13963126181', '33911147896');
INSERT INTO Telefones (cpf, num_tel) VALUES ('39418726593', '21933478965');
INSERT INTO Telefones (cpf, num_tel) VALUES ('88179303872', '41944875896');
INSERT INTO Telefones (cpf, num_tel) VALUES ('87198181231', '87977478965');
INSERT INTO Telefones (cpf, num_tel) VALUES ('49280045710', '92966578965');
INSERT INTO Telefones (cpf, num_tel) VALUES ('87886107463', '62977478965');
INSERT INTO Telefones (cpf, num_tel) VALUES ('73000266174', '71944875896');
INSERT INTO Telefones (cpf, num_tel) VALUES ('97026469138', '11922175896');
INSERT INTO Telefones (cpf, num_tel) VALUES ('35420815293', '81922175896');
INSERT INTO Telefones (cpf, num_tel) VALUES ('64369224486', '92966578965');
INSERT INTO Telefones (cpf, num_tel) VALUES ('17329073342', '35911147896');
INSERT INTO Telefones (cpf, num_tel) VALUES ('33222808842', '33966578965');
INSERT INTO Telefones (cpf, num_tel) VALUES ('74249536227', '62922175896');
INSERT INTO Telefones (cpf, num_tel) VALUES ('48706382013', '47911147896');
INSERT INTO Telefones (cpf, num_tel) VALUES ('10330515020', '12944875896');
INSERT INTO Telefones (cpf, num_tel) VALUES ('46047735257', '81922175896');
INSERT INTO Telefones (cpf, num_tel) VALUES ('94806948879', '21955478965');
INSERT INTO Telefones (cpf, num_tel) VALUES ('82624610006', '51966578965');
INSERT INTO Telefones (cpf, num_tel) VALUES ('20620832203', '87944875896');
INSERT INTO Telefones (cpf, num_tel) VALUES ('23476315168', '31911147896');
INSERT INTO Telefones (cpf, num_tel) VALUES ('22307947437', '35922175896');
INSERT INTO Telefones (cpf, num_tel) VALUES ('69997282400', '87988478965');
INSERT INTO Telefones (cpf, num_tel) VALUES ('49696630305', '41933478965');
INSERT INTO Telefones (cpf, num_tel) VALUES ('31099445960', '81922175896');
INSERT INTO Telefones (cpf, num_tel) VALUES ('61961415780', '61988478965');
INSERT INTO Telefones (cpf, num_tel) VALUES ('38587038568', '51933478965');
INSERT INTO Telefones (cpf, num_tel) VALUES ('13688435778', '12911147896');
INSERT INTO Telefones (cpf, num_tel) VALUES ('67272810335', '35922175896');
INSERT INTO Telefones (cpf, num_tel) VALUES ('57803122458', '33977478965');
INSERT INTO Telefones (cpf, num_tel) VALUES ('51582409964', '86988478965');
INSERT INTO Telefones (cpf, num_tel) VALUES ('75353326627', '71911147896');
INSERT INTO Telefones (cpf, num_tel) VALUES ('95303335098', '81945423045');
INSERT INTO Telefones (cpf, num_tel) VALUES ('56507795988', '81987724563');
INSERT INTO Telefones (cpf, num_tel) VALUES ('98652590784', '81984856763');
INSERT INTO Telefones (cpf, num_tel) VALUES ('31902575592', '81987224664');
INSERT INTO Telefones (cpf, num_tel) VALUES ('96035303733', '81985432896');
INSERT INTO Telefones (cpf, num_tel) VALUES ('66234401144', '81985477573');

-- POVOANDO Funcionario
INSERT INTO Funcionario (id_func, turno, salario) VALUES ('87886107463', 'MANHÃ', 120000);
INSERT INTO Funcionario (id_func, turno, salario) VALUES ('73000266174', 'MANHÃ', 120000);
INSERT INTO Funcionario (id_func, turno, salario) VALUES ('97026469138', 'MANHÃ', 120000);
INSERT INTO Funcionario (id_func, turno, salario) VALUES ('35420815293', 'MANHÃ', 120000);
INSERT INTO Funcionario (id_func, turno, salario) VALUES ('64369224486', 'TARDE', 120000);
INSERT INTO Funcionario (id_func, turno, salario) VALUES ('17329073342', 'TARDE', 120000);
INSERT INTO Funcionario (id_func, turno, salario) VALUES ('33222808842', 'TARDE', 120000);
INSERT INTO Funcionario (id_func, turno, salario) VALUES ('74249536227', 'TARDE', 120000);
INSERT INTO Funcionario (id_func, turno, salario) VALUES ('48706382013', 'TARDE', 120000);
INSERT INTO Funcionario (id_func, turno, salario) VALUES ('10330515020', 'INTEGRAL', 160000);
INSERT INTO Funcionario (id_func, turno, salario) VALUES ('46047735257', 'INTEGRAL', 160000);
INSERT INTO Funcionario (id_func, turno, salario) VALUES ('94806948879', 'INTEGRAL', 180000);
INSERT INTO Funcionario (id_func, turno, salario) VALUES ('82624610006', 'INTEGRAL', 180000);
INSERT INTO Funcionario (id_func, turno, salario) VALUES ('20620832203', 'INTEGRAL', 180000);
INSERT INTO Funcionario (id_func, turno, salario) VALUES ('23476315168', 'INTEGRAL', 180000);
INSERT INTO Funcionario (id_func, turno, salario) VALUES ('22307947437', 'INTEGRAL', 180000);
INSERT INTO Funcionario (id_func, turno, salario) VALUES ('69997282400', 'INTEGRAL', 180000);
INSERT INTO Funcionario (id_func, turno, salario) VALUES ('49696630305', 'NOITE', 205000);
INSERT INTO Funcionario (id_func, turno, salario) VALUES ('31099445960', 'NOITE', 205000);
INSERT INTO Funcionario (id_func, turno, salario) VALUES ('61961415780', 'INTEGRAL', 150000);
INSERT INTO Funcionario (id_func, turno, salario) VALUES ('38587038568', 'INTEGRAL', 150000);
INSERT INTO Funcionario (id_func, turno, salario) VALUES ('13688435778', 'INTEGRAL', 150000);
INSERT INTO Funcionario (id_func, turno, salario) VALUES ('67272810335', 'INTEGRAL', 150000);
INSERT INTO Funcionario (id_func, turno, salario) VALUES ('57803122458', 'INTEGRAL', 150000);
INSERT INTO Funcionario (id_func, turno, salario) VALUES ('51582409964', 'INTEGRAL', 150000);
INSERT INTO Funcionario (id_func, turno, salario) VALUES ('75353326627', 'INTEGRAL', 150000);
INSERT INTO Funcionario (id_func, turno, salario) VALUES ('95303335098', 'INTEGRAL', 150000);
INSERT INTO Funcionario (id_func, turno, salario) VALUES ('56507795988', 'INTEGRAL', 150000);
INSERT INTO Funcionario (id_func, turno, salario) VALUES ('98652590784', 'NOITE', 165000);
INSERT INTO Funcionario (id_func, turno, salario) VALUES ('31902575592', 'NOITE', 165000);
INSERT INTO Funcionario (id_func, turno, salario) VALUES ('96035303733', 'NOITE', 165000);
INSERT INTO Funcionario (id_func, turno, salario) VALUES ('66234401144', 'NOITE', 165000);

-- POVOANDO TECNICOS
INSERT INTO Tecnico (id_func) VALUES ('94806948879');
INSERT INTO Tecnico (id_func) VALUES ('82624610006');
INSERT INTO Tecnico (id_func) VALUES ('20620832203');
INSERT INTO Tecnico (id_func) VALUES ('23476315168');
INSERT INTO Tecnico (id_func) VALUES ('22307947437');
INSERT INTO Tecnico (id_func) VALUES ('69997282400');
INSERT INTO Tecnico (id_func) VALUES ('49696630305');
INSERT INTO Tecnico (id_func) VALUES ('31099445960');

-- POVOANDO VENDEDORES
INSERT INTO Vendedor (id_func) VALUES ('61961415780');
INSERT INTO Vendedor (id_func) VALUES ('38587038568');
INSERT INTO Vendedor (id_func) VALUES ('13688435778');
INSERT INTO Vendedor (id_func) VALUES ('67272810335');
INSERT INTO Vendedor (id_func) VALUES ('57803122458');
INSERT INTO Vendedor (id_func) VALUES ('51582409964');
INSERT INTO Vendedor (id_func) VALUES ('75353326627');
INSERT INTO Vendedor (id_func) VALUES ('95303335098');
INSERT INTO Vendedor (id_func) VALUES ('56507795988');
INSERT INTO Vendedor (id_func) VALUES ('98652590784');
INSERT INTO Vendedor (id_func) VALUES ('31902575592');
INSERT INTO Vendedor (id_func) VALUES ('96035303733');
INSERT INTO Vendedor (id_func) VALUES ('66234401144');

-- POVOANDO MANUTENCAO
INSERT INTO Manutencao (id_func) VALUES ('87886107463');
INSERT INTO Manutencao (id_func) VALUES ('73000266174');
INSERT INTO Manutencao (id_func) VALUES ('97026469138');
INSERT INTO Manutencao (id_func) VALUES ('35420815293');
INSERT INTO Manutencao (id_func) VALUES ('64369224486');
INSERT INTO Manutencao (id_func) VALUES ('17329073342');
INSERT INTO Manutencao (id_func) VALUES ('33222808842');
INSERT INTO Manutencao (id_func) VALUES ('74249536227');
INSERT INTO Manutencao (id_func) VALUES ('48706382013');
INSERT INTO Manutencao (id_func) VALUES ('10330515020');
INSERT INTO Manutencao (id_func) VALUES ('46047735257');

-- POVOANDO DIAS E PRECOS
INSERT INTO Dia_preco (dia_evento, preco) VALUES (TO_DATE('2023-02-05', 'YYYY/MM/DD'), 800);
INSERT INTO Dia_preco (dia_evento, preco) VALUES (TO_DATE('2023-02-06', 'YYYY/MM/DD'), 800);
INSERT INTO Dia_preco (dia_evento, preco) VALUES (TO_DATE('2023-02-07', 'YYYY/MM/DD'), 800);
INSERT INTO Dia_preco (dia_evento, preco) VALUES (TO_DATE('2023-02-08', 'YYYY/MM/DD'), 800);
INSERT INTO Dia_preco (dia_evento, preco) VALUES (TO_DATE('2023-02-09', 'YYYY/MM/DD'), 800);
INSERT INTO Dia_preco (dia_evento, preco) VALUES (TO_DATE('2023-02-10', 'YYYY/MM/DD'), 800);
INSERT INTO Dia_preco (dia_evento, preco) VALUES (TO_DATE('2023-02-11', 'YYYY/MM/DD'), 800);
INSERT INTO Dia_preco (dia_evento, preco) VALUES (TO_DATE('2023-02-12', 'YYYY/MM/DD'), 800);
INSERT INTO Dia_preco (dia_evento, preco) VALUES (TO_DATE('2023-02-13', 'YYYY/MM/DD'), 800);
INSERT INTO Dia_preco (dia_evento, preco) VALUES (TO_DATE('2023-02-14', 'YYYY/MM/DD'), 800);
INSERT INTO Dia_preco (dia_evento, preco) VALUES (TO_DATE('2023-02-15', 'YYYY/MM/DD'), 800);


-- POVOANDO VISITANTE
INSERT INTO Visitante (id_visi) VALUES ('30199388385');
INSERT INTO Visitante (id_visi) VALUES ('47427712610');
INSERT INTO Visitante (id_visi) VALUES ('29599507565');
INSERT INTO Visitante (id_visi) VALUES ('57628148722');
INSERT INTO Visitante (id_visi) VALUES ('12812080044');
INSERT INTO Visitante (id_visi) VALUES ('64295837740');
INSERT INTO Visitante (id_visi) VALUES ('65134974386');
INSERT INTO Visitante (id_visi) VALUES ('49071844654');
INSERT INTO Visitante (id_visi) VALUES ('56167488077');
INSERT INTO Visitante (id_visi) VALUES ('38336868424');
INSERT INTO Visitante (id_visi) VALUES ('58162796706');
INSERT INTO Visitante (id_visi) VALUES ('74758815612');
INSERT INTO Visitante (id_visi) VALUES ('56122432090');
INSERT INTO Visitante (id_visi) VALUES ('12247919297');
INSERT INTO Visitante (id_visi) VALUES ('17490321338');
INSERT INTO Visitante (id_visi) VALUES ('29700737817');
INSERT INTO Visitante (id_visi) VALUES ('27612094332');
INSERT INTO Visitante (id_visi) VALUES ('40117047008');
INSERT INTO Visitante (id_visi) VALUES ('52416538966');
INSERT INTO Visitante (id_visi) VALUES ('42657296455');
INSERT INTO Visitante (id_visi) VALUES ('71122532810');
INSERT INTO Visitante (id_visi) VALUES ('43560681056');
INSERT INTO Visitante (id_visi) VALUES ('80905097415');
INSERT INTO Visitante (id_visi) VALUES ('14059155304');
INSERT INTO Visitante (id_visi) VALUES ('19253087598');
INSERT INTO Visitante (id_visi) VALUES ('37401423730');
INSERT INTO Visitante (id_visi) VALUES ('32759444139');
INSERT INTO Visitante (id_visi) VALUES ('14649378973');
INSERT INTO Visitante (id_visi) VALUES ('58000327447');
INSERT INTO Visitante (id_visi) VALUES ('48240968479');
INSERT INTO Visitante (id_visi) VALUES ('78335091139');
INSERT INTO Visitante (id_visi) VALUES ('70546768636');
INSERT INTO Visitante (id_visi) VALUES ('22404928750');
INSERT INTO Visitante (id_visi) VALUES ('70308341124');
INSERT INTO Visitante (id_visi) VALUES ('25989990251');
INSERT INTO Visitante (id_visi) VALUES ('75366156457');
INSERT INTO Visitante (id_visi) VALUES ('69025221605');
INSERT INTO Visitante (id_visi) VALUES ('54301553913');
INSERT INTO Visitante (id_visi) VALUES ('66952515360');
INSERT INTO Visitante (id_visi) VALUES ('20274888371');
INSERT INTO Visitante (id_visi) VALUES ('38335808648');
INSERT INTO Visitante (id_visi) VALUES ('96591124058');
INSERT INTO Visitante (id_visi) VALUES ('74577588172');
INSERT INTO Visitante (id_visi) VALUES ('28421344502');
INSERT INTO Visitante (id_visi) VALUES ('98596987343');
INSERT INTO Visitante (id_visi) VALUES ('68116821185');
INSERT INTO Visitante (id_visi) VALUES ('46064949648');
INSERT INTO Visitante (id_visi) VALUES ('81040473720');
INSERT INTO Visitante (id_visi) VALUES ('59000464227');
INSERT INTO Visitante (id_visi) VALUES ('34584407779');
INSERT INTO Visitante (id_visi) VALUES ('28629680688');
INSERT INTO Visitante (id_visi) VALUES ('18723001906');
INSERT INTO Visitante (id_visi) VALUES ('23969104695');
INSERT INTO Visitante (id_visi) VALUES ('52156994899');
INSERT INTO Visitante (id_visi) VALUES ('18843477859');
INSERT INTO Visitante (id_visi) VALUES ('42829067599');
INSERT INTO Visitante (id_visi) VALUES ('42373211369');
INSERT INTO Visitante (id_visi) VALUES ('85736048930');
INSERT INTO Visitante (id_visi) VALUES ('43406326054');
INSERT INTO Visitante (id_visi) VALUES ('78833704759');
INSERT INTO Visitante (id_visi) VALUES ('75123135279');
INSERT INTO Visitante (id_visi) VALUES ('60139985343');
INSERT INTO Visitante (id_visi) VALUES ('81961611946');
INSERT INTO Visitante (id_visi) VALUES ('15510735175');
INSERT INTO Visitante (id_visi) VALUES ('12107757211');
INSERT INTO Visitante (id_visi) VALUES ('18013645667');
INSERT INTO Visitante (id_visi) VALUES ('27733831081');
INSERT INTO Visitante (id_visi) VALUES ('31293248577');
INSERT INTO Visitante (id_visi) VALUES ('84770625781');
INSERT INTO Visitante (id_visi) VALUES ('32139874646');
INSERT INTO Visitante (id_visi) VALUES ('59746510270');
INSERT INTO Visitante (id_visi) VALUES ('51893041336');
INSERT INTO Visitante (id_visi) VALUES ('73750364257');
INSERT INTO Visitante (id_visi) VALUES ('73974779210');
INSERT INTO Visitante (id_visi) VALUES ('91168976406');
INSERT INTO Visitante (id_visi) VALUES ('31317938896');
INSERT INTO Visitante (id_visi) VALUES ('21959150729');
INSERT INTO Visitante (id_visi) VALUES ('34691155999');
INSERT INTO Visitante (id_visi) VALUES ('21944131764');
INSERT INTO Visitante (id_visi) VALUES ('21795171289');
INSERT INTO Visitante (id_visi) VALUES ('72232910851');
INSERT INTO Visitante (id_visi) VALUES ('69789991554');
INSERT INTO Visitante (id_visi) VALUES ('10265446611');
INSERT INTO Visitante (id_visi) VALUES ('76790529780');
INSERT INTO Visitante (id_visi) VALUES ('15259053368');
INSERT INTO Visitante (id_visi) VALUES ('43427744211');
INSERT INTO Visitante (id_visi) VALUES ('76699805375');
INSERT INTO Visitante (id_visi) VALUES ('55307207600');
INSERT INTO Visitante (id_visi) VALUES ('77872434457');
INSERT INTO Visitante (id_visi) VALUES ('24007615038');
INSERT INTO Visitante (id_visi) VALUES ('76793968263');
INSERT INTO Visitante (id_visi) VALUES ('74954875328');
INSERT INTO Visitante (id_visi) VALUES ('74007414244');
INSERT INTO Visitante (id_visi) VALUES ('98295843260');
INSERT INTO Visitante (id_visi) VALUES ('12855832666');
INSERT INTO Visitante (id_visi) VALUES ('95898659143');
INSERT INTO Visitante (id_visi) VALUES ('30603694922');
INSERT INTO Visitante (id_visi) VALUES ('97349443678');
INSERT INTO Visitante (id_visi) VALUES ('43267758510');
INSERT INTO Visitante (id_visi) VALUES ('97729351634');
INSERT INTO Visitante (id_visi) VALUES ('98585861961');
INSERT INTO Visitante (id_visi) VALUES ('63879736715');
INSERT INTO Visitante (id_visi) VALUES ('18167681462');
INSERT INTO Visitante (id_visi) VALUES ('96540305579');
INSERT INTO Visitante (id_visi) VALUES ('44671342173');
INSERT INTO Visitante (id_visi) VALUES ('77326388107');
INSERT INTO Visitante (id_visi) VALUES ('13624832200');
INSERT INTO Visitante (id_visi) VALUES ('30053124352');
INSERT INTO Visitante (id_visi) VALUES ('73208730933');
INSERT INTO Visitante (id_visi) VALUES ('49879549811');
INSERT INTO Visitante (id_visi) VALUES ('32540289848');
INSERT INTO Visitante (id_visi) VALUES ('74503391806');
INSERT INTO Visitante (id_visi) VALUES ('18508230195');
INSERT INTO Visitante (id_visi) VALUES ('13963126181');
INSERT INTO Visitante (id_visi) VALUES ('39418726593');
INSERT INTO Visitante (id_visi) VALUES ('88179303872');
INSERT INTO Visitante (id_visi) VALUES ('87198181231');
INSERT INTO Visitante (id_visi) VALUES ('49280045710');


-- POVOANDO INGRESSOS
CREATE SEQUENCE sqIngresso
    MINVALUE 0
    MAXVALUE 300
    START WITH 1
    INCREMENT BY 1;

-- POVOANDO INGRESSOS
INSERT INTO Ingresso (id_comprad, num_ingresso, dia_evento) VALUES ('30199388385', sqIngresso.nextval, TO_DATE('2023-01-07', 'YYYY/MM/DD'));
INSERT INTO Ingresso (id_comprad, num_ingresso, dia_evento) VALUES ('47427712610', sqIngresso.nextval, TO_DATE('2023-01-07', 'YYYY/MM/DD'));
INSERT INTO Ingresso (id_comprad, num_ingresso, dia_evento) VALUES ('29599507565', sqIngresso.nextval, TO_DATE('2023-01-07', 'YYYY/MM/DD'));
INSERT INTO Ingresso (id_comprad, num_ingresso, dia_evento) VALUES ('57628148722', sqIngresso.nextval, TO_DATE('2023-01-07', 'YYYY/MM/DD'));
INSERT INTO Ingresso (id_comprad, num_ingresso, dia_evento) VALUES ('12812080044', sqIngresso.nextval, TO_DATE('2023-01-07', 'YYYY/MM/DD'));
INSERT INTO Ingresso (id_comprad, num_ingresso, dia_evento) VALUES ('64295837740', sqIngresso.nextval, TO_DATE('2023-01-07', 'YYYY/MM/DD'));
INSERT INTO Ingresso (id_comprad, num_ingresso, dia_evento) VALUES ('65134974386', sqIngresso.nextval, TO_DATE('2023-01-07', 'YYYY/MM/DD'));
INSERT INTO Ingresso (id_comprad, num_ingresso, dia_evento) VALUES ('49071844654', sqIngresso.nextval, TO_DATE('2023-01-07', 'YYYY/MM/DD'));
INSERT INTO Ingresso (id_comprad, num_ingresso, dia_evento) VALUES ('56167488077', sqIngresso.nextval, TO_DATE('2023-01-07', 'YYYY/MM/DD'));
INSERT INTO Ingresso (id_comprad, num_ingresso, dia_evento) VALUES ('38336868424', sqIngresso.nextval, TO_DATE('2023-01-08', 'YYYY/MM/DD'));
INSERT INTO Ingresso (id_comprad, num_ingresso, dia_evento) VALUES ('58162796706', sqIngresso.nextval, TO_DATE('2023-01-08', 'YYYY/MM/DD'));
INSERT INTO Ingresso (id_comprad, num_ingresso, dia_evento) VALUES ('74758815612', sqIngresso.nextval, TO_DATE('2023-01-08', 'YYYY/MM/DD'));
INSERT INTO Ingresso (id_comprad, num_ingresso, dia_evento) VALUES ('56122432090', sqIngresso.nextval, TO_DATE('2023-01-08', 'YYYY/MM/DD'));
INSERT INTO Ingresso (id_comprad, num_ingresso, dia_evento) VALUES ('12247919297', sqIngresso.nextval, TO_DATE('2023-01-08', 'YYYY/MM/DD'));
INSERT INTO Ingresso (id_comprad, num_ingresso, dia_evento) VALUES ('17490321338', sqIngresso.nextval, TO_DATE('2023-01-08', 'YYYY/MM/DD'));
INSERT INTO Ingresso (id_comprad, num_ingresso, dia_evento) VALUES ('29700737817', sqIngresso.nextval, TO_DATE('2023-01-08', 'YYYY/MM/DD'));
INSERT INTO Ingresso (id_comprad, num_ingresso, dia_evento) VALUES ('27612094332', sqIngresso.nextval, TO_DATE('2023-01-08', 'YYYY/MM/DD'));
INSERT INTO Ingresso (id_comprad, num_ingresso, dia_evento) VALUES ('40117047008', sqIngresso.nextval, TO_DATE('2023-01-08', 'YYYY/MM/DD'));
INSERT INTO Ingresso (id_comprad, num_ingresso, dia_evento) VALUES ('52416538966', sqIngresso.nextval, TO_DATE('2023-01-14', 'YYYY/MM/DD'));
INSERT INTO Ingresso (id_comprad, num_ingresso, dia_evento) VALUES ('42657296455', sqIngresso.nextval, TO_DATE('2023-01-14', 'YYYY/MM/DD'));
INSERT INTO Ingresso (id_comprad, num_ingresso, dia_evento) VALUES ('71122532810', sqIngresso.nextval, TO_DATE('2023-01-14', 'YYYY/MM/DD'));
INSERT INTO Ingresso (id_comprad, num_ingresso, dia_evento) VALUES ('43560681056', sqIngresso.nextval, TO_DATE('2023-01-14', 'YYYY/MM/DD'));
INSERT INTO Ingresso (id_comprad, num_ingresso, dia_evento) VALUES ('80905097415', sqIngresso.nextval, TO_DATE('2023-01-14', 'YYYY/MM/DD'));
INSERT INTO Ingresso (id_comprad, num_ingresso, dia_evento) VALUES ('14059155304', sqIngresso.nextval, TO_DATE('2023-01-14', 'YYYY/MM/DD'));
INSERT INTO Ingresso (id_comprad, num_ingresso, dia_evento) VALUES ('19253087598', sqIngresso.nextval, TO_DATE('2023-01-14', 'YYYY/MM/DD'));
INSERT INTO Ingresso (id_comprad, num_ingresso, dia_evento) VALUES ('37401423730', sqIngresso.nextval, TO_DATE('2023-01-14', 'YYYY/MM/DD'));
INSERT INTO Ingresso (id_comprad, num_ingresso, dia_evento) VALUES ('32759444139', sqIngresso.nextval, TO_DATE('2023-01-14', 'YYYY/MM/DD'));
INSERT INTO Ingresso (id_comprad, num_ingresso, dia_evento) VALUES ('14649378973', sqIngresso.nextval, TO_DATE('2023-01-15', 'YYYY/MM/DD'));
INSERT INTO Ingresso (id_comprad, num_ingresso, dia_evento) VALUES ('58000327447', sqIngresso.nextval, TO_DATE('2023-01-15', 'YYYY/MM/DD'));
INSERT INTO Ingresso (id_comprad, num_ingresso, dia_evento) VALUES ('48240968479', sqIngresso.nextval, TO_DATE('2023-01-15', 'YYYY/MM/DD'));
INSERT INTO Ingresso (id_comprad, num_ingresso, dia_evento) VALUES ('78335091139', sqIngresso.nextval, TO_DATE('2023-01-15', 'YYYY/MM/DD'));
INSERT INTO Ingresso (id_comprad, num_ingresso, dia_evento) VALUES ('70546768636', sqIngresso.nextval, TO_DATE('2023-01-15', 'YYYY/MM/DD'));
INSERT INTO Ingresso (id_comprad, num_ingresso, dia_evento) VALUES ('22404928750', sqIngresso.nextval, TO_DATE('2023-01-15', 'YYYY/MM/DD'));
INSERT INTO Ingresso (id_comprad, num_ingresso, dia_evento) VALUES ('70308341124', sqIngresso.nextval, TO_DATE('2023-01-15', 'YYYY/MM/DD'));
INSERT INTO Ingresso (id_comprad, num_ingresso, dia_evento) VALUES ('25989990251', sqIngresso.nextval, TO_DATE('2023-01-15', 'YYYY/MM/DD'));
INSERT INTO Ingresso (id_comprad, num_ingresso, dia_evento) VALUES ('75366156457', sqIngresso.nextval, TO_DATE('2023-01-15', 'YYYY/MM/DD'));
INSERT INTO Ingresso (id_comprad, num_ingresso, dia_evento) VALUES ('69025221605', sqIngresso.nextval, TO_DATE('2023-01-21', 'YYYY/MM/DD'));
INSERT INTO Ingresso (id_comprad, num_ingresso, dia_evento) VALUES ('54301553913', sqIngresso.nextval, TO_DATE('2023-01-21', 'YYYY/MM/DD'));
INSERT INTO Ingresso (id_comprad, num_ingresso, dia_evento) VALUES ('66952515360', sqIngresso.nextval, TO_DATE('2023-01-21', 'YYYY/MM/DD'));
INSERT INTO Ingresso (id_comprad, num_ingresso, dia_evento) VALUES ('20274888371', sqIngresso.nextval, TO_DATE('2023-01-21', 'YYYY/MM/DD'));
INSERT INTO Ingresso (id_comprad, num_ingresso, dia_evento) VALUES ('38335808648', sqIngresso.nextval, TO_DATE('2023-01-21', 'YYYY/MM/DD'));
INSERT INTO Ingresso (id_comprad, num_ingresso, dia_evento) VALUES ('96591124058', sqIngresso.nextval, TO_DATE('2023-01-21', 'YYYY/MM/DD'));
INSERT INTO Ingresso (id_comprad, num_ingresso, dia_evento) VALUES ('74577588172', sqIngresso.nextval, TO_DATE('2023-01-21', 'YYYY/MM/DD'));
INSERT INTO Ingresso (id_comprad, num_ingresso, dia_evento) VALUES ('28421344502', sqIngresso.nextval, TO_DATE('2023-01-21', 'YYYY/MM/DD'));
INSERT INTO Ingresso (id_comprad, num_ingresso, dia_evento) VALUES ('98596987343', sqIngresso.nextval, TO_DATE('2023-01-21', 'YYYY/MM/DD'));
INSERT INTO Ingresso (id_comprad, num_ingresso, dia_evento) VALUES ('68116821185', sqIngresso.nextval, TO_DATE('2023-01-22', 'YYYY/MM/DD'));
INSERT INTO Ingresso (id_comprad, num_ingresso, dia_evento) VALUES ('46064949648', sqIngresso.nextval, TO_DATE('2023-01-22', 'YYYY/MM/DD'));
INSERT INTO Ingresso (id_comprad, num_ingresso, dia_evento) VALUES ('81040473720', sqIngresso.nextval, TO_DATE('2023-01-22', 'YYYY/MM/DD'));
INSERT INTO Ingresso (id_comprad, num_ingresso, dia_evento) VALUES ('59000464227', sqIngresso.nextval, TO_DATE('2023-01-22', 'YYYY/MM/DD'));
INSERT INTO Ingresso (id_comprad, num_ingresso, dia_evento) VALUES ('34584407779', sqIngresso.nextval, TO_DATE('2023-01-22', 'YYYY/MM/DD'));
INSERT INTO Ingresso (id_comprad, num_ingresso, dia_evento) VALUES ('28629680688', sqIngresso.nextval, TO_DATE('2023-01-22', 'YYYY/MM/DD'));
INSERT INTO Ingresso (id_comprad, num_ingresso, dia_evento) VALUES ('18723001906', sqIngresso.nextval, TO_DATE('2023-01-22', 'YYYY/MM/DD'));
INSERT INTO Ingresso (id_comprad, num_ingresso, dia_evento) VALUES ('23969104695', sqIngresso.nextval, TO_DATE('2023-01-22', 'YYYY/MM/DD'));
INSERT INTO Ingresso (id_comprad, num_ingresso, dia_evento) VALUES ('52156994899', sqIngresso.nextval, TO_DATE('2023-01-22', 'YYYY/MM/DD'));
INSERT INTO Ingresso (id_comprad, num_ingresso, dia_evento) VALUES ('18843477859', sqIngresso.nextval, TO_DATE('2023-01-28', 'YYYY/MM/DD'));
INSERT INTO Ingresso (id_comprad, num_ingresso, dia_evento) VALUES ('42829067599', sqIngresso.nextval, TO_DATE('2023-01-28', 'YYYY/MM/DD'));
INSERT INTO Ingresso (id_comprad, num_ingresso, dia_evento) VALUES ('42373211369', sqIngresso.nextval, TO_DATE('2023-01-28', 'YYYY/MM/DD'));
INSERT INTO Ingresso (id_comprad, num_ingresso, dia_evento) VALUES ('85736048930', sqIngresso.nextval, TO_DATE('2023-01-28', 'YYYY/MM/DD'));
INSERT INTO Ingresso (id_comprad, num_ingresso, dia_evento) VALUES ('43406326054', sqIngresso.nextval, TO_DATE('2023-01-28', 'YYYY/MM/DD'));
INSERT INTO Ingresso (id_comprad, num_ingresso, dia_evento) VALUES ('78833704759', sqIngresso.nextval, TO_DATE('2023-01-28', 'YYYY/MM/DD'));
INSERT INTO Ingresso (id_comprad, num_ingresso, dia_evento) VALUES ('75123135279', sqIngresso.nextval, TO_DATE('2023-01-28', 'YYYY/MM/DD'));
INSERT INTO Ingresso (id_comprad, num_ingresso, dia_evento) VALUES ('60139985343', sqIngresso.nextval, TO_DATE('2023-01-28', 'YYYY/MM/DD'));
INSERT INTO Ingresso (id_comprad, num_ingresso, dia_evento) VALUES ('81961611946', sqIngresso.nextval, TO_DATE('2023-01-28', 'YYYY/MM/DD'));
INSERT INTO Ingresso (id_comprad, num_ingresso, dia_evento) VALUES ('15510735175', sqIngresso.nextval, TO_DATE('2023-01-29', 'YYYY/MM/DD'));
INSERT INTO Ingresso (id_comprad, num_ingresso, dia_evento) VALUES ('12107757211', sqIngresso.nextval, TO_DATE('2023-01-29', 'YYYY/MM/DD'));
INSERT INTO Ingresso (id_comprad, num_ingresso, dia_evento) VALUES ('18013645667', sqIngresso.nextval, TO_DATE('2023-01-29', 'YYYY/MM/DD'));
INSERT INTO Ingresso (id_comprad, num_ingresso, dia_evento) VALUES ('27733831081', sqIngresso.nextval, TO_DATE('2023-01-29', 'YYYY/MM/DD'));
INSERT INTO Ingresso (id_comprad, num_ingresso, dia_evento) VALUES ('31293248577', sqIngresso.nextval, TO_DATE('2023-01-29', 'YYYY/MM/DD'));
INSERT INTO Ingresso (id_comprad, num_ingresso, dia_evento) VALUES ('84770625781', sqIngresso.nextval, TO_DATE('2023-01-29', 'YYYY/MM/DD'));
INSERT INTO Ingresso (id_comprad, num_ingresso, dia_evento) VALUES ('32139874646', sqIngresso.nextval, TO_DATE('2023-01-29', 'YYYY/MM/DD'));
INSERT INTO Ingresso (id_comprad, num_ingresso, dia_evento) VALUES ('59746510270', sqIngresso.nextval, TO_DATE('2023-01-29', 'YYYY/MM/DD'));
INSERT INTO Ingresso (id_comprad, num_ingresso, dia_evento) VALUES ('51893041336', sqIngresso.nextval, TO_DATE('2023-01-29', 'YYYY/MM/DD'));
INSERT INTO Ingresso (id_comprad, num_ingresso, dia_evento) VALUES ('73750364257', sqIngresso.nextval, TO_DATE('2023-02-04', 'YYYY/MM/DD'));
INSERT INTO Ingresso (id_comprad, num_ingresso, dia_evento) VALUES ('73974779210', sqIngresso.nextval, TO_DATE('2023-02-04', 'YYYY/MM/DD'));
INSERT INTO Ingresso (id_comprad, num_ingresso, dia_evento) VALUES ('91168976406', sqIngresso.nextval, TO_DATE('2023-02-04', 'YYYY/MM/DD'));
INSERT INTO Ingresso (id_comprad, num_ingresso, dia_evento) VALUES ('31317938896', sqIngresso.nextval, TO_DATE('2023-02-04', 'YYYY/MM/DD'));
INSERT INTO Ingresso (id_comprad, num_ingresso, dia_evento) VALUES ('21959150729', sqIngresso.nextval, TO_DATE('2023-02-04', 'YYYY/MM/DD'));
INSERT INTO Ingresso (id_comprad, num_ingresso, dia_evento) VALUES ('34691155999', sqIngresso.nextval, TO_DATE('2023-02-04', 'YYYY/MM/DD'));
INSERT INTO Ingresso (id_comprad, num_ingresso, dia_evento) VALUES ('21944131764', sqIngresso.nextval, TO_DATE('2023-02-04', 'YYYY/MM/DD'));
INSERT INTO Ingresso (id_comprad, num_ingresso, dia_evento) VALUES ('21795171289', sqIngresso.nextval, TO_DATE('2023-02-04', 'YYYY/MM/DD'));
INSERT INTO Ingresso (id_comprad, num_ingresso, dia_evento) VALUES ('72232910851', sqIngresso.nextval, TO_DATE('2023-02-04', 'YYYY/MM/DD'));
INSERT INTO Ingresso (id_comprad, num_ingresso, dia_evento) VALUES ('69789991554', sqIngresso.nextval, TO_DATE('2023-02-05', 'YYYY/MM/DD'));
INSERT INTO Ingresso (id_comprad, num_ingresso, dia_evento) VALUES ('10265446611', sqIngresso.nextval, TO_DATE('2023-02-05', 'YYYY/MM/DD'));
INSERT INTO Ingresso (id_comprad, num_ingresso, dia_evento) VALUES ('76790529780', sqIngresso.nextval, TO_DATE('2023-02-05', 'YYYY/MM/DD'));
INSERT INTO Ingresso (id_comprad, num_ingresso, dia_evento) VALUES ('15259053368', sqIngresso.nextval, TO_DATE('2023-02-05', 'YYYY/MM/DD'));
INSERT INTO Ingresso (id_comprad, num_ingresso, dia_evento) VALUES ('43427744211', sqIngresso.nextval, TO_DATE('2023-02-05', 'YYYY/MM/DD'));
INSERT INTO Ingresso (id_comprad, num_ingresso, dia_evento) VALUES ('76699805375', sqIngresso.nextval, TO_DATE('2023-02-05', 'YYYY/MM/DD'));
INSERT INTO Ingresso (id_comprad, num_ingresso, dia_evento) VALUES ('55307207600', sqIngresso.nextval, TO_DATE('2023-02-05', 'YYYY/MM/DD'));
INSERT INTO Ingresso (id_comprad, num_ingresso, dia_evento) VALUES ('77872434457', sqIngresso.nextval, TO_DATE('2023-02-05', 'YYYY/MM/DD'));
INSERT INTO Ingresso (id_comprad, num_ingresso, dia_evento) VALUES ('24007615038', sqIngresso.nextval, TO_DATE('2023-02-05', 'YYYY/MM/DD'));
INSERT INTO Ingresso (id_comprad, num_ingresso, dia_evento) VALUES ('76793968263', sqIngresso.nextval, TO_DATE('2023-03-04', 'YYYY/MM/DD'));
INSERT INTO Ingresso (id_comprad, num_ingresso, dia_evento) VALUES ('74954875328', sqIngresso.nextval, TO_DATE('2023-03-04', 'YYYY/MM/DD'));
INSERT INTO Ingresso (id_comprad, num_ingresso, dia_evento) VALUES ('74007414244', sqIngresso.nextval, TO_DATE('2023-03-04', 'YYYY/MM/DD'));
INSERT INTO Ingresso (id_comprad, num_ingresso, dia_evento) VALUES ('98295843260', sqIngresso.nextval, TO_DATE('2023-03-04', 'YYYY/MM/DD'));
INSERT INTO Ingresso (id_comprad, num_ingresso, dia_evento) VALUES ('12855832666', sqIngresso.nextval, TO_DATE('2023-03-04', 'YYYY/MM/DD'));
INSERT INTO Ingresso (id_comprad, num_ingresso, dia_evento) VALUES ('95898659143', sqIngresso.nextval, TO_DATE('2023-03-04', 'YYYY/MM/DD'));
INSERT INTO Ingresso (id_comprad, num_ingresso, dia_evento) VALUES ('30603694922', sqIngresso.nextval, TO_DATE('2023-03-04', 'YYYY/MM/DD'));
INSERT INTO Ingresso (id_comprad, num_ingresso, dia_evento) VALUES ('97349443678', sqIngresso.nextval, TO_DATE('2023-03-04', 'YYYY/MM/DD'));
INSERT INTO Ingresso (id_comprad, num_ingresso, dia_evento) VALUES ('43267758510', sqIngresso.nextval, TO_DATE('2023-03-04', 'YYYY/MM/DD'));
INSERT INTO Ingresso (id_comprad, num_ingresso, dia_evento) VALUES ('97729351634', sqIngresso.nextval, TO_DATE('2023-03-05', 'YYYY/MM/DD'));
INSERT INTO Ingresso (id_comprad, num_ingresso, dia_evento) VALUES ('98585861961', sqIngresso.nextval, TO_DATE('2023-03-05', 'YYYY/MM/DD'));
INSERT INTO Ingresso (id_comprad, num_ingresso, dia_evento) VALUES ('63879736715', sqIngresso.nextval, TO_DATE('2023-03-05', 'YYYY/MM/DD'));
INSERT INTO Ingresso (id_comprad, num_ingresso, dia_evento) VALUES ('18167681462', sqIngresso.nextval, TO_DATE('2023-03-05', 'YYYY/MM/DD'));
INSERT INTO Ingresso (id_comprad, num_ingresso, dia_evento) VALUES ('96540305579', sqIngresso.nextval, TO_DATE('2023-03-05', 'YYYY/MM/DD'));
INSERT INTO Ingresso (id_comprad, num_ingresso, dia_evento) VALUES ('44671342173', sqIngresso.nextval, TO_DATE('2023-03-05', 'YYYY/MM/DD'));
INSERT INTO Ingresso (id_comprad, num_ingresso, dia_evento) VALUES ('77326388107', sqIngresso.nextval, TO_DATE('2023-03-05', 'YYYY/MM/DD'));
INSERT INTO Ingresso (id_comprad, num_ingresso, dia_evento) VALUES ('13624832200', sqIngresso.nextval, TO_DATE('2023-03-05', 'YYYY/MM/DD'));
INSERT INTO Ingresso (id_comprad, num_ingresso, dia_evento) VALUES ('30053124352', sqIngresso.nextval, TO_DATE('2023-03-05', 'YYYY/MM/DD'));
INSERT INTO Ingresso (id_comprad, num_ingresso, dia_evento) VALUES ('73208730933', sqIngresso.nextval, TO_DATE('2023-03-10', 'YYYY/MM/DD'));
INSERT INTO Ingresso (id_comprad, num_ingresso, dia_evento) VALUES ('49879549811', sqIngresso.nextval, TO_DATE('2023-03-10', 'YYYY/MM/DD'));
INSERT INTO Ingresso (id_comprad, num_ingresso, dia_evento) VALUES ('32540289848', sqIngresso.nextval, TO_DATE('2023-03-10', 'YYYY/MM/DD'));
INSERT INTO Ingresso (id_comprad, num_ingresso, dia_evento) VALUES ('74503391806', sqIngresso.nextval, TO_DATE('2023-03-10', 'YYYY/MM/DD'));
INSERT INTO Ingresso (id_comprad, num_ingresso, dia_evento) VALUES ('18508230195', sqIngresso.nextval, TO_DATE('2023-03-10', 'YYYY/MM/DD'));
INSERT INTO Ingresso (id_comprad, num_ingresso, dia_evento) VALUES ('13963126181', sqIngresso.nextval, TO_DATE('2023-03-10', 'YYYY/MM/DD'));
INSERT INTO Ingresso (id_comprad, num_ingresso, dia_evento) VALUES ('39418726593', sqIngresso.nextval, TO_DATE('2023-03-10', 'YYYY/MM/DD'));
INSERT INTO Ingresso (id_comprad, num_ingresso, dia_evento) VALUES ('88179303872', sqIngresso.nextval, TO_DATE('2023-03-10', 'YYYY/MM/DD'));
INSERT INTO Ingresso (id_comprad, num_ingresso, dia_evento) VALUES ('87198181231', sqIngresso.nextval, TO_DATE('2023-03-10', 'YYYY/MM/DD'));

-- POVOANDO COMPRA
CREATE SEQUENCE sqCompra
    MINVALUE 0
    MAXVALUE 300
    START WITH 1
    INCREMENT BY 1;

INSERT INTO Compra (comprador, num_ingresso, id_vendedor) VALUES ('30199388385', 13728, '73000266174');
INSERT INTO Compra (comprador, num_ingresso, id_vendedor) VALUES ('47427712610', 19908, '97026469138');
INSERT INTO Compra (comprador, num_ingresso, id_vendedor) VALUES ('29599507565', 49437, '35420815293');
INSERT INTO Compra (comprador, num_ingresso, id_vendedor) VALUES ('57628148722', 69826, '73000266174');
INSERT INTO Compra (comprador, num_ingresso, id_vendedor) VALUES ('12812080044', 96928, '97026469138');
INSERT INTO Compra (comprador, num_ingresso, id_vendedor) VALUES ('64295837740', 1035, '73000266174');
INSERT INTO Compra (comprador, num_ingresso, id_vendedor) VALUES ('65134974386', 58107, '64369224486');
INSERT INTO Compra (comprador, num_ingresso, id_vendedor) VALUES ('49071844654', 76970, '35420815293');
INSERT INTO Compra (comprador, num_ingresso, id_vendedor) VALUES ('56167488077', 20493, '35420815293');
INSERT INTO Compra (comprador, num_ingresso, id_vendedor) VALUES ('38336868424', 92990, '33222808842');
INSERT INTO Compra (comprador, num_ingresso, id_vendedor) VALUES ('58162796706', 37426, '73000266174');
INSERT INTO Compra (comprador, num_ingresso, id_vendedor) VALUES ('74758815612', 42262, '97026469138');
INSERT INTO Compra (comprador, num_ingresso, id_vendedor) VALUES ('56122432090', 35686, '17329073342');
INSERT INTO Compra (comprador, num_ingresso, id_vendedor) VALUES ('12247919297', 87109, '97026469138');
INSERT INTO Compra (comprador, num_ingresso, id_vendedor) VALUES ('17490321338', 84223, '33222808842');
INSERT INTO Compra (comprador, num_ingresso, id_vendedor) VALUES ('29700737817', 59754, '73000266174');
INSERT INTO Compra (comprador, num_ingresso, id_vendedor) VALUES ('27612094332', 65737, '17329073342');
INSERT INTO Compra (comprador, num_ingresso, id_vendedor) VALUES ('40117047008', 12755, '74249536227');
INSERT INTO Compra (comprador, num_ingresso, id_vendedor) VALUES ('52416538966', 99437, '64369224486');
INSERT INTO Compra (comprador, num_ingresso, id_vendedor) VALUES ('42657296455', 18138, '73000266174');
INSERT INTO Compra (comprador, num_ingresso, id_vendedor) VALUES ('71122532810', 80137, '74249536227');
INSERT INTO Compra (comprador, num_ingresso, id_vendedor) VALUES ('43560681056', 65955, '48706382013');
INSERT INTO Compra (comprador, num_ingresso, id_vendedor) VALUES ('80905097415', 1942, '73000266174');
INSERT INTO Compra (comprador, num_ingresso, id_vendedor) VALUES ('14059155304', 55087, '46047735257');
INSERT INTO Compra (comprador, num_ingresso, id_vendedor) VALUES ('19253087598', 88921, '73000266174');
INSERT INTO Compra (comprador, num_ingresso, id_vendedor) VALUES ('37401423730', 70400, '10330515020');
INSERT INTO Compra (comprador, num_ingresso, id_vendedor) VALUES ('32759444139', 39529, '97026469138');
INSERT INTO Compra (comprador, num_ingresso, id_vendedor) VALUES ('14649378973', 46192, '48706382013');
INSERT INTO Compra (comprador, num_ingresso, id_vendedor) VALUES ('58000327447', 24002, '73000266174');
INSERT INTO Compra (comprador, num_ingresso, id_vendedor) VALUES ('48240968479', 73344, '17329073342');
INSERT INTO Compra (comprador, num_ingresso, id_vendedor) VALUES ('78335091139', 36847, '97026469138');
INSERT INTO Compra (comprador, num_ingresso, id_vendedor) VALUES ('70546768636', 90088, '73000266174');
INSERT INTO Compra (comprador, num_ingresso, id_vendedor) VALUES ('22404928750', 70871, '46047735257');
INSERT INTO Compra (comprador, num_ingresso, id_vendedor) VALUES ('70308341124', 29079, '64369224486');
INSERT INTO Compra (comprador, num_ingresso, id_vendedor) VALUES ('25989990251', 30361, '64369224486');
INSERT INTO Compra (comprador, num_ingresso, id_vendedor) VALUES ('75366156457', 78030, '73000266174');
INSERT INTO Compra (comprador, num_ingresso, id_vendedor) VALUES ('69025221605', 63242, '10330515020');
INSERT INTO Compra (comprador, num_ingresso, id_vendedor) VALUES ('54301553913', 50877, '35420815293');
INSERT INTO Compra (comprador, num_ingresso, id_vendedor) VALUES ('66952515360', 53740, '35420815293');
INSERT INTO Compra (comprador, num_ingresso, id_vendedor) VALUES ('20274888371', 90974, '10330515020');
INSERT INTO Compra (comprador, num_ingresso, id_vendedor) VALUES ('38335808648', 55690, '48706382013');
INSERT INTO Compra (comprador, num_ingresso, id_vendedor) VALUES ('96591124058', 18623, '73000266174');
INSERT INTO Compra (comprador, num_ingresso, id_vendedor) VALUES ('74577588172', 53636, '74249536227');
INSERT INTO Compra (comprador, num_ingresso, id_vendedor) VALUES ('28421344502', 50096, '73000266174');
INSERT INTO Compra (comprador, num_ingresso, id_vendedor) VALUES ('98596987343', 44902, '17329073342');
INSERT INTO Compra (comprador, num_ingresso, id_vendedor) VALUES ('68116821185', 13853, '17329073342');
INSERT INTO Compra (comprador, num_ingresso, id_vendedor) VALUES ('46064949648', 35392, '97026469138');
INSERT INTO Compra (comprador, num_ingresso, id_vendedor) VALUES ('81040473720', 57763, '46047735257');
INSERT INTO Compra (comprador, num_ingresso, id_vendedor) VALUES ('59000464227', 18818, '17329073342');
INSERT INTO Compra (comprador, num_ingresso, id_vendedor) VALUES ('34584407779', 16503, '73000266174');
INSERT INTO Compra (comprador, num_ingresso, id_vendedor) VALUES ('28629680688', 61010, '48706382013');
INSERT INTO Compra (comprador, num_ingresso, id_vendedor) VALUES ('18723001906', 5097, '46047735257');
INSERT INTO Compra (comprador, num_ingresso, id_vendedor) VALUES ('23969104695', 74801, '73000266174');
INSERT INTO Compra (comprador, num_ingresso, id_vendedor) VALUES ('52156994899', 38388, '46047735257');
INSERT INTO Compra (comprador, num_ingresso, id_vendedor) VALUES ('18843477859', 47580, '97026469138');
INSERT INTO Compra (comprador, num_ingresso, id_vendedor) VALUES ('42829067599', 89559, '48706382013');
INSERT INTO Compra (comprador, num_ingresso, id_vendedor) VALUES ('42373211369', 62880, '73000266174');
INSERT INTO Compra (comprador, num_ingresso, id_vendedor) VALUES ('85736048930', 87296, '10330515020');
INSERT INTO Compra (comprador, num_ingresso, id_vendedor) VALUES ('43406326054', 43352, '64369224486');
INSERT INTO Compra (comprador, num_ingresso, id_vendedor) VALUES ('78833704759', 81414, '74249536227');
INSERT INTO Compra (comprador, num_ingresso, id_vendedor) VALUES ('75123135279', 78199, '17329073342');
INSERT INTO Compra (comprador, num_ingresso, id_vendedor) VALUES ('60139985343', 52538, '64369224486');
INSERT INTO Compra (comprador, num_ingresso, id_vendedor) VALUES ('81961611946', 90803, '97026469138');
INSERT INTO Compra (comprador, num_ingresso, id_vendedor) VALUES ('15510735175', 1449, '48706382013');
INSERT INTO Compra (comprador, num_ingresso, id_vendedor) VALUES ('12107757211', 47971, '64369224486');
INSERT INTO Compra (comprador, num_ingresso, id_vendedor) VALUES ('18013645667', 77908, '33222808842');
INSERT INTO Compra (comprador, num_ingresso, id_vendedor) VALUES ('27733831081', 21261, '73000266174');
INSERT INTO Compra (comprador, num_ingresso, id_vendedor) VALUES ('31293248577', 23988, '97026469138');
INSERT INTO Compra (comprador, num_ingresso, id_vendedor) VALUES ('84770625781', 32598, '46047735257');
INSERT INTO Compra (comprador, num_ingresso, id_vendedor) VALUES ('32139874646', 41205, '97026469138');
INSERT INTO Compra (comprador, num_ingresso, id_vendedor) VALUES ('59746510270', 64064, '46047735257');
INSERT INTO Compra (comprador, num_ingresso, id_vendedor) VALUES ('51893041336', 99027, '74249536227');
INSERT INTO Compra (comprador, num_ingresso, id_vendedor) VALUES ('73750364257', 87999, '17329073342');
INSERT INTO Compra (comprador, num_ingresso, id_vendedor) VALUES ('73974779210', 90849, '97026469138');
INSERT INTO Compra (comprador, num_ingresso, id_vendedor) VALUES ('91168976406', 94709, '35420815293');
INSERT INTO Compra (comprador, num_ingresso, id_vendedor) VALUES ('31317938896', 95228, '48706382013');
INSERT INTO Compra (comprador, num_ingresso, id_vendedor) VALUES ('21959150729', 16805, '97026469138');
INSERT INTO Compra (comprador, num_ingresso, id_vendedor) VALUES ('34691155999', 99576, '74249536227');
INSERT INTO Compra (comprador, num_ingresso, id_vendedor) VALUES ('21944131764', 91100, '73000266174');
INSERT INTO Compra (comprador, num_ingresso, id_vendedor) VALUES ('21795171289', 1549, '48706382013');
INSERT INTO Compra (comprador, num_ingresso, id_vendedor) VALUES ('72232910851', 69752, '46047735257');
INSERT INTO Compra (comprador, num_ingresso, id_vendedor) VALUES ('69789991554', 82787, '97026469138');
INSERT INTO Compra (comprador, num_ingresso, id_vendedor) VALUES ('10265446611', 14719, '33222808842');
INSERT INTO Compra (comprador, num_ingresso, id_vendedor) VALUES ('76790529780', 89427, '48706382013');
INSERT INTO Compra (comprador, num_ingresso, id_vendedor) VALUES ('15259053368', 45401, '35420815293');
INSERT INTO Compra (comprador, num_ingresso, id_vendedor) VALUES ('43427744211', 94876, '10330515020');
INSERT INTO Compra (comprador, num_ingresso, id_vendedor) VALUES ('76699805375', 84476, '64369224486');
INSERT INTO Compra (comprador, num_ingresso, id_vendedor) VALUES ('55307207600', 29749, '35420815293');
INSERT INTO Compra (comprador, num_ingresso, id_vendedor) VALUES ('77872434457', 76308, '33222808842');
INSERT INTO Compra (comprador, num_ingresso, id_vendedor) VALUES ('24007615038', 60682, '73000266174');
INSERT INTO Compra (comprador, num_ingresso, id_vendedor) VALUES ('76793968263', 64954, '74249536227');
INSERT INTO Compra (comprador, num_ingresso, id_vendedor) VALUES ('74954875328', 79223, '73000266174');
INSERT INTO Compra (comprador, num_ingresso, id_vendedor) VALUES ('74007414244', 82757, '97026469138');
INSERT INTO Compra (comprador, num_ingresso, id_vendedor) VALUES ('98295843260', 21192, '73000266174');
INSERT INTO Compra (comprador, num_ingresso, id_vendedor) VALUES ('12855832666', 47905, '97026469138');
INSERT INTO Compra (comprador, num_ingresso, id_vendedor) VALUES ('95898659143', 99321, '48706382013');
INSERT INTO Compra (comprador, num_ingresso, id_vendedor) VALUES ('30603694922', 21443, '73000266174');
INSERT INTO Compra (comprador, num_ingresso, id_vendedor) VALUES ('97349443678', 72741, '10330515020');
INSERT INTO Compra (comprador, num_ingresso, id_vendedor) VALUES ('43267758510', 66127, '35420815293');
INSERT INTO Compra (comprador, num_ingresso, id_vendedor) VALUES ('97729351634', 47612, '46047735257');
INSERT INTO Compra (comprador, num_ingresso, id_vendedor) VALUES ('98585861961', 55739, '73000266174');
INSERT INTO Compra (comprador, num_ingresso, id_vendedor) VALUES ('63879736715', 57129, '48706382013');
INSERT INTO Compra (comprador, num_ingresso, id_vendedor) VALUES ('18167681462', 42201, '73000266174');
INSERT INTO Compra (comprador, num_ingresso, id_vendedor) VALUES ('96540305579', 86091, '35420815293');
INSERT INTO Compra (comprador, num_ingresso, id_vendedor) VALUES ('44671342173', 26667, '74249536227');
INSERT INTO Compra (comprador, num_ingresso, id_vendedor) VALUES ('77326388107', 16477, '73000266174');
INSERT INTO Compra (comprador, num_ingresso, id_vendedor) VALUES ('13624832200', 41094, '64369224486');
INSERT INTO Compra (comprador, num_ingresso, id_vendedor) VALUES ('30053124352', 84029, '73000266174');
INSERT INTO Compra (comprador, num_ingresso, id_vendedor) VALUES ('73208730933', 9242, '74249536227');
INSERT INTO Compra (comprador, num_ingresso, id_vendedor) VALUES ('49879549811', 61079, '73000266174');
INSERT INTO Compra (comprador, num_ingresso, id_vendedor) VALUES ('32540289848', 65251, '97026469138');
INSERT INTO Compra (comprador, num_ingresso, id_vendedor) VALUES ('74503391806', 53887, '64369224486');
INSERT INTO Compra (comprador, num_ingresso, id_vendedor) VALUES ('18508230195', 97540, '33222808842');
INSERT INTO Compra (comprador, num_ingresso, id_vendedor) VALUES ('13963126181', 11120, '73000266174');
INSERT INTO Compra (comprador, num_ingresso, id_vendedor) VALUES ('39418726593', 3553, '97026469138');
INSERT INTO Compra (comprador, num_ingresso, id_vendedor) VALUES ('88179303872', 48013, '97026469138');
INSERT INTO Compra (comprador, num_ingresso, id_vendedor) VALUES ('87198181231', 73691, '35420815293');
INSERT INTO Compra (comprador, num_ingresso, id_vendedor) VALUES ('49280045710', 63852, '35420815293');

-- POVOANDO NOME_EQUIPAMENTOS
INSERT INTO Nome_equipamento (nome, preco) VALUES ('guitarra aceim preta', 500);
INSERT INTO Nome_equipamento (nome, preco) VALUES ('bateria yamaha', 2000);
INSERT INTO Nome_equipamento (nome, preco) VALUES ('baixo weiser', 400);
INSERT INTO Nome_equipamento (nome, preco) VALUES ('amplificador yamaha', 300);
INSERT INTO Nome_equipamento (nome, preco) VALUES ('guitarra jonson', 580);
INSERT INTO Nome_equipamento (nome, preco) VALUES ('refletor móvel', 890);
INSERT INTO Nome_equipamento (nome, preco) VALUES ('microfone sem fio', 30);
INSERT INTO Nome_equipamento (nome, preco) VALUES ('liberador de fumaça grande', 75);
INSERT INTO Nome_equipamento (nome, preco) VALUES ('teclado shueizer', 890);


-- POVOANDO EQUIPAMENTOS
INSERT INTO Equipamentos (nome, num_serie, tipo)  VALUES ('guitarra aceim preta', 3535, 'instr');
INSERT INTO Equipamentos (nome, num_serie, tipo)  VALUES ('bateria yamaha', 741644, 'instr');
INSERT INTO Equipamentos (nome, num_serie, tipo)  VALUES ('baixo weiser', 3433, 'instr');
INSERT INTO Equipamentos (nome, num_serie, tipo)  VALUES ('amplificador yamaha', 9352522, 'etron');
INSERT INTO Equipamentos (nome, num_serie, tipo)  VALUES ('liberador de fumaça grande', 8886444, 'etron');
INSERT INTO Equipamentos (nome, num_serie, tipo)  VALUES ('guitarra jonson', 4434, 'instr');
INSERT INTO Equipamentos (nome, num_serie, tipo)  VALUES ('refletor móvel', 3252555, 'etron');
INSERT INTO Equipamentos (nome, num_serie, tipo)  VALUES ('liberador de fumaça grande', 6466444, 'etron');
INSERT INTO Equipamentos (nome, num_serie, tipo)  VALUES ('amplificador yamaha', 7332544, 'etron');
INSERT INTO Equipamentos (nome, num_serie, tipo)  VALUES ('microfone sem fio', 5432543, 'etron');
INSERT INTO Equipamentos (nome, num_serie, tipo)  VALUES ('microfone sem fio', 4353454, 'etron');
INSERT INTO Equipamentos (nome, num_serie, tipo)  VALUES ('microfone sem fio', 4958234, 'etron');
INSERT INTO Equipamentos (nome, num_serie, tipo)  VALUES ('microfone sem fio', 1231225, 'etron');
INSERT INTO Equipamentos (nome, num_serie, tipo)  VALUES ('liberador de fumaça grande', 1234444, 'etron');
INSERT INTO Equipamentos (nome, num_serie, tipo)  VALUES ('teclado shueizer', 5335353, 'instr');
INSERT INTO Equipamentos (nome, num_serie, tipo)  VALUES ('amplificador yamaha', 7000522, 'etron');

-- POVOANDO ENCRREGA
INSERT INTO Encarrega (id_manut, num_serie) VALUES ('87886107463', 3535);
INSERT INTO Encarrega (id_manut, num_serie) VALUES ('87886107463', 741644);
INSERT INTO Encarrega (id_manut, num_serie) VALUES ('73000266174', 3433);
INSERT INTO Encarrega (id_manut, num_serie) VALUES ('97026469138', 9352522);
INSERT INTO Encarrega (id_manut, num_serie) VALUES ('35420815293', 8886444);
INSERT INTO Encarrega (id_manut, num_serie) VALUES ('64369224486', 4434);
INSERT INTO Encarrega (id_manut, num_serie) VALUES ('17329073342', 3252555);
INSERT INTO Encarrega (id_manut, num_serie) VALUES ('33222808842', 6466444);
INSERT INTO Encarrega (id_manut, num_serie) VALUES ('74249536227', 7332544);
INSERT INTO Encarrega (id_manut, num_serie) VALUES ('48706382013', 5432543);
INSERT INTO Encarrega (id_manut, num_serie) VALUES ('10330515020', 4353454);
INSERT INTO Encarrega (id_manut, num_serie) VALUES ('46047735257', 4958234);
INSERT INTO Encarrega (id_manut, num_serie) VALUES ('74249536227', 1231225);
INSERT INTO Encarrega (id_manut, num_serie) VALUES ('48706382013', 1234444);
INSERT INTO Encarrega (id_manut, num_serie) VALUES ('10330515020', 5335353);
INSERT INTO Encarrega (id_manut, num_serie) VALUES ('46047735257', 7000522);

-- POVOANDO PALCOS

INSERT INTO Palco (numero, tamanho) VALUES (1, '1000');
INSERT INTO Palco (numero, tamanho) VALUES (2, '2000');
INSERT INTO Palco (numero, tamanho) VALUES (3, '1300');
INSERT INTO Palco (numero, tamanho) VALUES (4, '400');

-- Populando tabela "Atracao"
INSERT INTO Atracao (nome, colaborante, cache) VALUES ('Banda Rockstar', NULL, 5000);
INSERT INTO Atracao (nome, colaborante, cache) VALUES ('Palestra Motivacional', 'Palestrante Y', 3000);
INSERT INTO Atracao (nome, colaborante, cache) VALUES ('Stand-up Comedy', NULL, 4000);
INSERT INTO Atracao (nome, colaborante, cache) VALUES ('Circo Mágico', NULL, 3500);
INSERT INTO Atracao (nome, colaborante, cache) VALUES ('Orquestra Sinfônica', NULL, 4500);
INSERT INTO Atracao (nome, colaborante, cache) VALUES ('Festival de Dança', NULL, 3800);
INSERT INTO Atracao (nome, colaborante, cache) VALUES ('Feira de Gastronomia', NULL, 4200);
INSERT INTO Atracao (nome, colaborante, cache) VALUES ('Espetáculo de Ilusionismo', NULL, 3200);
INSERT INTO Atracao (nome, colaborante, cache) VALUES ('Exposição de Arte', NULL, 3900);
INSERT INTO Atracao (nome, colaborante, cache) VALUES ('Filme ao ar livre', NULL, 2700);

-- povoamento tabela "Contatos"
INSERT INTO Contatos (atracao, contatos) VALUES ('Banda Rockstar', 'contato.bandarockstar@gmail.com');
INSERT INTO Contatos (atracao, contatos) VALUES ('Palestra Motivacional', 'contato.palestrantey@gov.com.br');
INSERT INTO Contatos (atracao, contatos) VALUES ('Stand-up Comedy', 'contato.standup@gov.com');
INSERT INTO Contatos (atracao, contatos) VALUES ('Circo Mágico', 'contato.circomagico@hotmail.com');
INSERT INTO Contatos (atracao, contatos) VALUES ('Orquestra Sinfônica', 'contato.orquestrasinfonica@yahoo.com');
INSERT INTO Contatos (atracao, contatos) VALUES ('Festival de Dança', 'contato.festivaldedanca@hotmail.com');
INSERT INTO Contatos (atracao, contatos) VALUES ('Feira de Gastronomia', 'contato.feiradegastronomia@gmail.com');
INSERT INTO Contatos (atracao, contatos) VALUES ('Espetáculo de Ilusionismo', 'contato.espetaculodeilusionismo@outlook.com');
INSERT INTO Contatos (atracao, contatos) VALUES ('Exposição de Arte', 'contato.exposicaodearte@hotmail.com');
INSERT INTO Contatos (atracao, contatos) VALUES ('Filme ao ar livre', 'contato.filmeaoarlivre@gmail.com');

-- povoamento tabela "Cronograma"
INSERT INTO Cronograma (atracao, data_hora_inicio, data_hora_termino) VALUES ('Banda Rockstar', '2023-07-20 18:00', '2023-07-20 20:00');
INSERT INTO Cronograma (atracao, data_hora_inicio, data_hora_termino) VALUES ('Palestra Motivacional', '2023-07-20 14:00', '2023-07-20 16:00');
INSERT INTO Cronograma (atracao, data_hora_inicio, data_hora_termino) VALUES ('Stand-up Comedy', '2023-07-21 20:30', '2023-07-21 22:30');
INSERT INTO Cronograma (atracao, data_hora_inicio, data_hora_termino) VALUES ('Circo Mágico', '2023-07-22 15:00', '2023-07-22 17:00');
INSERT INTO Cronograma (atracao, data_hora_inicio, data_hora_termino) VALUES ('Orquestra Sinfônica', '2023-07-23 19:30', '2023-07-23 22:00');
INSERT INTO Cronograma (atracao, data_hora_inicio, data_hora_termino) VALUES ('Festival de Dança', '2023-07-24 16:00', '2023-07-24 18:00');
INSERT INTO Cronograma (atracao, data_hora_inicio, data_hora_termino) VALUES ('Feira de Gastronomia', '2023-07-25 12:00', '2023-07-25 20:00');
INSERT INTO Cronograma (atracao, data_hora_inicio, data_hora_termino) VALUES ('Espetáculo de Ilusionismo', '2023-07-26 19:00', '2023-07-26 21:00');
INSERT INTO Cronograma (atracao, data_hora_inicio, data_hora_termino) VALUES ('Exposição de Arte', '2023-07-27 10:00', '2023-07-27 18:00');
INSERT INTO Cronograma (atracao, data_hora_inicio, data_hora_termino) VALUES ('Filme ao ar livre', '2023-07-28 19:30', '2023-07-28 22:00');

-- povoamento tabela "Show"
INSERT INTO Show (atracao, palco, horario, id_tecn) VALUES ('Banda Rockstar', 1, '2023-07-20 18:00-20:00', '94806948879');
INSERT INTO Show (atracao, palco, horario, id_tecn) VALUES ('Palestra Motivacional', 2, '2023-07-20 14:00-16:00', '82624610006');
INSERT INTO Show (atracao, palco, horario, id_tecn) VALUES ('Stand-up Comedy', 3, '2023-07-21 20:30-22:30', '20620832203');
INSERT INTO Show (atracao, palco, horario, id_tecn) VALUES ('Circo Mágico', 4, '2023-07-22 15:00-17:00', '23476315168');
INSERT INTO Show (atracao, palco, horario, id_tecn) VALUES ('Orquestra Sinfônica', 1, '2023-07-23 19:30-22:00', '22307947437');
INSERT INTO Show (atracao, palco, horario, id_tecn) VALUES ('Festival de Dança', 2, '2023-07-24 16:00-18:00', '69997282400');
INSERT INTO Show (atracao, palco, horario, id_tecn) VALUES ('Feira de Gastronomia', 3, '2023-07-25 12:00-20:00', '49696630305');
INSERT INTO Show (atracao, palco, horario, id_tecn) VALUES ('Espetáculo de Ilusionismo', 4, '2023-07-26 19:00-21:00', '31099445960');
INSERT INTO Show (atracao, palco, horario, id_tecn) VALUES ('Exposição de Arte', 1, '2023-07-27 10:00-18:00', '22307947437');
INSERT INTO Show (atracao, palco, horario, id_tecn) VALUES ('Filme ao ar livre', 2, '2023-07-28 19:30-22:00', '22307947437');


-- POVOANDO GARANTIR_ACESSO
INSERT INTO Garantir_acesso (atracao, num_palco, horario, id_comprad, num_ingresso) VALUES ('Palestra Motivacional', 3, '07/01 13:00', 0, 30199388385);
INSERT INTO Garantir_acesso (atracao, num_palco, horario, id_comprad, num_ingresso) VALUES ('Palestra Motivacional', 3, '07/01 13:00', 1, 47427712610);
INSERT INTO Garantir_acesso (atracao, num_palco, horario, id_comprad, num_ingresso) VALUES ('Palestra Motivacional', 3, '07/01 13:00', 2, 29599507565);
INSERT INTO Garantir_acesso (atracao, num_palco, horario, id_comprad, num_ingresso) VALUES ('Palestra Motivacional', 3, '07/01 13:00', 3, 57628148722);
INSERT INTO Garantir_acesso (atracao, num_palco, horario, id_comprad, num_ingresso) VALUES ('Palestra Motivacional', 3, '07/01 13:00', 4, 12812080044);
INSERT INTO Garantir_acesso (atracao, num_palco, horario, id_comprad, num_ingresso) VALUES ('Palestra Motivacional', 3, '07/01 13:00', 5, 64295837740);
INSERT INTO Garantir_acesso (atracao, num_palco, horario, id_comprad, num_ingresso) VALUES ('Palestra Motivacional', 3, '07/01 13:00', 6, 65134974386);
INSERT INTO Garantir_acesso (atracao, num_palco, horario, id_comprad, num_ingresso) VALUES ('Palestra Motivacional', 3, '07/01 13:00', 7, 49071844654);
INSERT INTO Garantir_acesso (atracao, num_palco, horario, id_comprad, num_ingresso) VALUES ('Palestra Motivacional', 3, '07/01 13:00', 8, 56167488077);
INSERT INTO Garantir_acesso (atracao, num_palco, horario, id_comprad, num_ingresso) VALUES ('Stand-up Comedy', 1, '08/01 18:00', 9, 30199388385);
INSERT INTO Garantir_acesso (atracao, num_palco, horario, id_comprad, num_ingresso) VALUES ('Stand-up Comedy', 1, '08/01 18:00', 10, 47427712610);
INSERT INTO Garantir_acesso (atracao, num_palco, horario, id_comprad, num_ingresso) VALUES ('Stand-up Comedy', 1, '08/01 18:00', 11, 29599507565);
INSERT INTO Garantir_acesso (atracao, num_palco, horario, id_comprad, num_ingresso) VALUES ('Stand-up Comedy', 1, '08/01 18:00', 12, 57628148722);
INSERT INTO Garantir_acesso (atracao, num_palco, horario, id_comprad, num_ingresso) VALUES ('Stand-up Comedy', 1, '08/01 18:00', 13, 12812080044);
INSERT INTO Garantir_acesso (atracao, num_palco, horario, id_comprad, num_ingresso) VALUES ('Stand-up Comedy', 1, '08/01 18:00', 14, 64295837740);
INSERT INTO Garantir_acesso (atracao, num_palco, horario, id_comprad, num_ingresso) VALUES ('Stand-up Comedy', 1, '08/01 18:00', 15, 65134974386);
INSERT INTO Garantir_acesso (atracao, num_palco, horario, id_comprad, num_ingresso) VALUES ('Stand-up Comedy', 1, '08/01 18:00', 16, 49071844654);
INSERT INTO Garantir_acesso (atracao, num_palco, horario, id_comprad, num_ingresso) VALUES ('Stand-up Comedy', 1, '08/01 18:00', 17, 56167488077);
INSERT INTO Garantir_acesso (atracao, num_palco, horario, id_comprad, num_ingresso) VALUES ('Circo Mágico', 2, '14/01 13:00', 18, 30199388385);
INSERT INTO Garantir_acesso (atracao, num_palco, horario, id_comprad, num_ingresso) VALUES ('Circo Mágico', 2, '14/01 13:00', 19, 47427712610);
INSERT INTO Garantir_acesso (atracao, num_palco, horario, id_comprad, num_ingresso) VALUES ('Circo Mágico', 2, '14/01 13:00', 20, 29599507565);
INSERT INTO Garantir_acesso (atracao, num_palco, horario, id_comprad, num_ingresso) VALUES ('Circo Mágico', 2, '14/01 13:00', 21, 57628148722);
INSERT INTO Garantir_acesso (atracao, num_palco, horario, id_comprad, num_ingresso) VALUES ('Circo Mágico', 2, '14/01 13:00', 22, 12812080044);
INSERT INTO Garantir_acesso (atracao, num_palco, horario, id_comprad, num_ingresso) VALUES ('Circo Mágico', 2, '14/01 13:00', 23, 64295837740);
INSERT INTO Garantir_acesso (atracao, num_palco, horario, id_comprad, num_ingresso) VALUES ('Circo Mágico', 2, '14/01 13:00', 24, 65134974386);
INSERT INTO Garantir_acesso (atracao, num_palco, horario, id_comprad, num_ingresso) VALUES ('Circo Mágico', 2, '14/01 13:00', 25, 49071844654);
INSERT INTO Garantir_acesso (atracao, num_palco, horario, id_comprad, num_ingresso) VALUES ('Circo Mágico', 2, '14/01 13:00', 26, 56167488077);
INSERT INTO Garantir_acesso (atracao, num_palco, horario, id_comprad, num_ingresso) VALUES ('Orquestra Sinfônica', 3, '15/01 13:00', 27, 30199388385);
INSERT INTO Garantir_acesso (atracao, num_palco, horario, id_comprad, num_ingresso) VALUES ('Orquestra Sinfônica', 3, '15/01 13:00', 28, 47427712610);
INSERT INTO Garantir_acesso (atracao, num_palco, horario, id_comprad, num_ingresso) VALUES ('Orquestra Sinfônica', 3, '15/01 13:00', 29, 29599507565);
INSERT INTO Garantir_acesso (atracao, num_palco, horario, id_comprad, num_ingresso) VALUES ('Orquestra Sinfônica', 3, '15/01 13:00', 30, 57628148722);
INSERT INTO Garantir_acesso (atracao, num_palco, horario, id_comprad, num_ingresso) VALUES ('Orquestra Sinfônica', 3, '15/01 13:00', 31, 12812080044);
INSERT INTO Garantir_acesso (atracao, num_palco, horario, id_comprad, num_ingresso) VALUES ('Orquestra Sinfônica', 3, '15/01 13:00', 32, 64295837740);
INSERT INTO Garantir_acesso (atracao, num_palco, horario, id_comprad, num_ingresso) VALUES ('Orquestra Sinfônica', 3, '15/01 13:00', 33, 65134974386);
INSERT INTO Garantir_acesso (atracao, num_palco, horario, id_comprad, num_ingresso) VALUES ('Orquestra Sinfônica', 3, '15/01 13:00', 34, 49071844654);
INSERT INTO Garantir_acesso (atracao, num_palco, horario, id_comprad, num_ingresso) VALUES ('Orquestra Sinfônica', 3, '15/01 13:00', 35, 56167488077);
INSERT INTO Garantir_acesso (atracao, num_palco, horario, id_comprad, num_ingresso) VALUES ('Festival de Dança', 3, '21/01 13:00', 36, 30199388385);
INSERT INTO Garantir_acesso (atracao, num_palco, horario, id_comprad, num_ingresso) VALUES ('Festival de Dança', 3, '21/01 13:00', 37, 47427712610);
INSERT INTO Garantir_acesso (atracao, num_palco, horario, id_comprad, num_ingresso) VALUES ('Festival de Dança', 3, '21/01 13:00', 38, 29599507565);
INSERT INTO Garantir_acesso (atracao, num_palco, horario, id_comprad, num_ingresso) VALUES ('Festival de Dança', 3, '21/01 13:00', 39, 57628148722);
INSERT INTO Garantir_acesso (atracao, num_palco, horario, id_comprad, num_ingresso) VALUES ('Festival de Dança', 3, '21/01 13:00', 40, 12812080044);
INSERT INTO Garantir_acesso (atracao, num_palco, horario, id_comprad, num_ingresso) VALUES ('Festival de Dança', 3, '21/01 13:00', 41, 64295837740);
INSERT INTO Garantir_acesso (atracao, num_palco, horario, id_comprad, num_ingresso) VALUES ('Festival de Dança', 3, '21/01 13:00', 42, 65134974386);
INSERT INTO Garantir_acesso (atracao, num_palco, horario, id_comprad, num_ingresso) VALUES ('Festival de Dança', 3, '21/01 13:00', 43, 49071844654);
INSERT INTO Garantir_acesso (atracao, num_palco, horario, id_comprad, num_ingresso) VALUES ('Festival de Dança', 3, '21/01 13:00', 44, 56167488077);
INSERT INTO Garantir_acesso (atracao, num_palco, horario, id_comprad, num_ingresso) VALUES ('Feira de Gastronomia', 2, '22/01 13:00', 45, 30199388385);
INSERT INTO Garantir_acesso (atracao, num_palco, horario, id_comprad, num_ingresso) VALUES ('Feira de Gastronomia', 2, '22/01 13:00', 46, 47427712610);
INSERT INTO Garantir_acesso (atracao, num_palco, horario, id_comprad, num_ingresso) VALUES ('Feira de Gastronomia', 2, '22/01 13:00', 47, 29599507565);
INSERT INTO Garantir_acesso (atracao, num_palco, horario, id_comprad, num_ingresso) VALUES ('Feira de Gastronomia', 2, '22/01 13:00', 48, 57628148722);
INSERT INTO Garantir_acesso (atracao, num_palco, horario, id_comprad, num_ingresso) VALUES ('Feira de Gastronomia', 2, '22/01 13:00', 49, 12812080044);
INSERT INTO Garantir_acesso (atracao, num_palco, horario, id_comprad, num_ingresso) VALUES ('Feira de Gastronomia', 2, '22/01 13:00', 50, 64295837740);
INSERT INTO Garantir_acesso (atracao, num_palco, horario, id_comprad, num_ingresso) VALUES ('Feira de Gastronomia', 2, '22/01 13:00', 51, 65134974386);
INSERT INTO Garantir_acesso (atracao, num_palco, horario, id_comprad, num_ingresso) VALUES ('Feira de Gastronomia', 2, '22/01 13:00', 52, 49071844654);
INSERT INTO Garantir_acesso (atracao, num_palco, horario, id_comprad, num_ingresso) VALUES ('Feira de Gastronomia', 2, '22/01 13:00', 53, 56167488077);
INSERT INTO Garantir_acesso (atracao, num_palco, horario, id_comprad, num_ingresso) VALUES ('Espetáculo de Ilusionismo', 2, '22/01 13:00', 54, 30199388385);
INSERT INTO Garantir_acesso (atracao, num_palco, horario, id_comprad, num_ingresso) VALUES ('Espetáculo de Ilusionismo', 2, '22/01 13:00', 55, 47427712610);
INSERT INTO Garantir_acesso (atracao, num_palco, horario, id_comprad, num_ingresso) VALUES ('Espetáculo de Ilusionismo', 2, '22/01 13:00', 56, 29599507565);
INSERT INTO Garantir_acesso (atracao, num_palco, horario, id_comprad, num_ingresso) VALUES ('Espetáculo de Ilusionismo', 2, '22/01 13:00', 57, 57628148722);
INSERT INTO Garantir_acesso (atracao, num_palco, horario, id_comprad, num_ingresso) VALUES ('Espetáculo de Ilusionismo', 2, '22/01 13:00', 58, 12812080044);
INSERT INTO Garantir_acesso (atracao, num_palco, horario, id_comprad, num_ingresso) VALUES ('Espetáculo de Ilusionismo', 2, '22/01 13:00', 59, 64295837740);
INSERT INTO Garantir_acesso (atracao, num_palco, horario, id_comprad, num_ingresso) VALUES ('Espetáculo de Ilusionismo', 2, '22/01 13:00', 60, 65134974386);
INSERT INTO Garantir_acesso (atracao, num_palco, horario, id_comprad, num_ingresso) VALUES ('Espetáculo de Ilusionismo', 2, '22/01 13:00', 61, 49071844654);
INSERT INTO Garantir_acesso (atracao, num_palco, horario, id_comprad, num_ingresso) VALUES ('Espetáculo de Ilusionismo', 2, '22/01 13:00', 62, 56167488077);
INSERT INTO Garantir_acesso (atracao, num_palco, horario, id_comprad, num_ingresso) VALUES ('Exposição de Arte', 4, '29/01 13:00', 63, 30199388385);
INSERT INTO Garantir_acesso (atracao, num_palco, horario, id_comprad, num_ingresso) VALUES ('Exposição de Arte', 4, '29/01 13:00', 64, 47427712610);
INSERT INTO Garantir_acesso (atracao, num_palco, horario, id_comprad, num_ingresso) VALUES ('Exposição de Arte', 4, '29/01 13:00', 65, 29599507565);
INSERT INTO Garantir_acesso (atracao, num_palco, horario, id_comprad, num_ingresso) VALUES ('Exposição de Arte', 4, '29/01 13:00', 66, 57628148722);
INSERT INTO Garantir_acesso (atracao, num_palco, horario, id_comprad, num_ingresso) VALUES ('Exposição de Arte', 4, '29/01 13:00', 67, 12812080044);
INSERT INTO Garantir_acesso (atracao, num_palco, horario, id_comprad, num_ingresso) VALUES ('Exposição de Arte', 4, '29/01 13:00', 68, 64295837740);
INSERT INTO Garantir_acesso (atracao, num_palco, horario, id_comprad, num_ingresso) VALUES ('Exposição de Arte', 4, '29/01 13:00', 69, 65134974386);
INSERT INTO Garantir_acesso (atracao, num_palco, horario, id_comprad, num_ingresso) VALUES ('Exposição de Arte', 4, '29/01 13:00', 70, 49071844654);
INSERT INTO Garantir_acesso (atracao, num_palco, horario, id_comprad, num_ingresso) VALUES ('Exposição de Arte', 4, '29/01 13:00', 71, 56167488077);
INSERT INTO Garantir_acesso (atracao, num_palco, horario, id_comprad, num_ingresso) VALUES ('Banda Rockstar', 3, '04/02 13:00', 72, 30199388385);
INSERT INTO Garantir_acesso (atracao, num_palco, horario, id_comprad, num_ingresso) VALUES ('Banda Rockstar', 3, '04/02 13:00', 73, 47427712610);
INSERT INTO Garantir_acesso (atracao, num_palco, horario, id_comprad, num_ingresso) VALUES ('Banda Rockstar', 3, '04/02 13:00', 74, 29599507565);
INSERT INTO Garantir_acesso (atracao, num_palco, horario, id_comprad, num_ingresso) VALUES ('Banda Rockstar', 3, '04/02 13:00', 75, 57628148722);
INSERT INTO Garantir_acesso (atracao, num_palco, horario, id_comprad, num_ingresso) VALUES ('Banda Rockstar', 3, '04/02 13:00', 76, 12812080044);
INSERT INTO Garantir_acesso (atracao, num_palco, horario, id_comprad, num_ingresso) VALUES ('Banda Rockstar', 3, '04/02 13:00', 77, 64295837740);
INSERT INTO Garantir_acesso (atracao, num_palco, horario, id_comprad, num_ingresso) VALUES ('Banda Rockstar', 3, '04/02 13:00', 78, 65134974386);
INSERT INTO Garantir_acesso (atracao, num_palco, horario, id_comprad, num_ingresso) VALUES ('Banda Rockstar', 3, '04/02 13:00', 79, 49071844654);
INSERT INTO Garantir_acesso (atracao, num_palco, horario, id_comprad, num_ingresso) VALUES ('Banda Rockstar', 3, '04/02 13:00', 80, 56167488077);
INSERT INTO Garantir_acesso (atracao, num_palco, horario, id_comprad, num_ingresso) VALUES ('Banda Revelações', 2, '05/02 3:00', 81, 30199388385);
INSERT INTO Garantir_acesso (atracao, num_palco, horario, id_comprad, num_ingresso) VALUES ('Banda Revelações', 2, '05/02 3:00', 82, 47427712610);
INSERT INTO Garantir_acesso (atracao, num_palco, horario, id_comprad, num_ingresso) VALUES ('Banda Revelações', 2, '05/02 3:00', 83, 29599507565);
INSERT INTO Garantir_acesso (atracao, num_palco, horario, id_comprad, num_ingresso) VALUES ('Banda Revelações', 2, '05/02 3:00', 84, 57628148722);
INSERT INTO Garantir_acesso (atracao, num_palco, horario, id_comprad, num_ingresso) VALUES ('Banda Revelações', 2, '05/02 3:00', 85, 12812080044);
INSERT INTO Garantir_acesso (atracao, num_palco, horario, id_comprad, num_ingresso) VALUES ('Banda Revelações', 2, '05/02 3:00', 86, 64295837740);
INSERT INTO Garantir_acesso (atracao, num_palco, horario, id_comprad, num_ingresso) VALUES ('Banda Revelações', 2, '05/02 3:00', 87, 65134974386);
INSERT INTO Garantir_acesso (atracao, num_palco, horario, id_comprad, num_ingresso) VALUES ('Banda Revelações', 2, '05/02 3:00', 88, 49071844654);
INSERT INTO Garantir_acesso (atracao, num_palco, horario, id_comprad, num_ingresso) VALUES ('Banda Revelações', 2, '05/02 3:00', 89, 56167488077);
INSERT INTO Garantir_acesso (atracao, num_palco, horario, id_comprad, num_ingresso) VALUES ('Stand-up Comedy', 4, '04/03 13:00', 90, 30199388385);
INSERT INTO Garantir_acesso (atracao, num_palco, horario, id_comprad, num_ingresso) VALUES ('Stand-up Comedy', 4, '04/03 13:00', 91, 47427712610);
INSERT INTO Garantir_acesso (atracao, num_palco, horario, id_comprad, num_ingresso) VALUES ('Stand-up Comedy', 4, '04/03 13:00', 92, 29599507565);
INSERT INTO Garantir_acesso (atracao, num_palco, horario, id_comprad, num_ingresso) VALUES ('Stand-up Comedy', 4, '04/03 13:00', 93, 57628148722);
INSERT INTO Garantir_acesso (atracao, num_palco, horario, id_comprad, num_ingresso) VALUES ('Stand-up Comedy', 4, '04/03 13:00', 94, 12812080044);
INSERT INTO Garantir_acesso (atracao, num_palco, horario, id_comprad, num_ingresso) VALUES ('Stand-up Comedy', 4, '04/03 13:00', 95, 64295837740);
INSERT INTO Garantir_acesso (atracao, num_palco, horario, id_comprad, num_ingresso) VALUES ('Stand-up Comedy', 4, '04/03 13:00', 96, 65134974386);
INSERT INTO Garantir_acesso (atracao, num_palco, horario, id_comprad, num_ingresso) VALUES ('Stand-up Comedy', 4, '04/03 13:00', 97, 49071844654);
INSERT INTO Garantir_acesso (atracao, num_palco, horario, id_comprad, num_ingresso) VALUES ('Stand-up Comedy', 4, '04/03 13:00', 98, 56167488077);